ISO-10303-21;
HEADER;
FILE_DESCRIPTION(('FreeCAD Model'),'2;1');
FILE_NAME('Open CASCADE Shape Model','2026-01-02T10:02:56',(''),(''),
  'Open CASCADE STEP processor 7.9','FreeCAD','Unknown');
FILE_SCHEMA(('AUTOMOTIVE_DESIGN { 1 0 10303 214 1 1 1 1 }'));
ENDSEC;
DATA;
#1 = APPLICATION_PROTOCOL_DEFINITION('international standard',
  'automotive_design',2000,#2);
#2 = APPLICATION_CONTEXT(
  'core data for automotive mechanical design processes');
#3 = SHAPE_DEFINITION_REPRESENTATION(#4,#10);
#4 = PRODUCT_DEFINITION_SHAPE('','',#5);
#5 = PRODUCT_DEFINITION('design','',#6,#9);
#6 = PRODUCT_DEFINITION_FORMATION('','',#7);
#7 = PRODUCT('Body','Body','',(#8));
#8 = PRODUCT_CONTEXT('',#2,'mechanical');
#9 = PRODUCT_DEFINITION_CONTEXT('part definition',#2,'design');
#10 = ADVANCED_BREP_SHAPE_REPRESENTATION('',(#11,#15),#7132);
#11 = AXIS2_PLACEMENT_3D('',#12,#13,#14);
#12 = CARTESIAN_POINT('',(0.,0.,0.));
#13 = DIRECTION('',(0.,0.,1.));
#14 = DIRECTION('',(1.,0.,-0.));
#15 = MANIFOLD_SOLID_BREP('',#16);
#16 = CLOSED_SHELL('',(#17,#1055,#1080,#1302,#1381,#1430,#1509,#1542,
    #1591,#2356,#2389,#2452,#3217,#3251,#3314,#3377,#3411,#4183,#4246,
    #4279,#5051,#5141,#5174,#5236,#5326,#5492,#5521,#5541,#5578,#5603,
    #5637,#5660,#5695,#5732,#5764,#5789,#5823,#5857,#5880,#5906,#5941,
    #5960,#5979,#6012,#6085,#6118,#6137,#6149,#6222,#6239,#6251,#6270,
    #6348,#6382,#6417,#6434,#6512,#6546,#6581,#6608,#6634,#6661,#6690,
    #6716,#6734,#6752,#6781,#6799,#6817,#6842,#6867,#6879,#6904,#6916,
    #6936,#6948,#6960,#6994,#7028,#7052,#7061,#7070,#7095,#7105,#7115));
#17 = ADVANCED_FACE('',(#18),#1050,.T.);
#18 = FACE_BOUND('',#19,.T.);
#19 = EDGE_LOOP('',(#20,#29,#36,#37,#56,#64,#77,#86,#280,#288,#297,#305,
    #499,#508,#521,#529,#560,#568,#581,#590,#784,#792,#801,#809,#1003,
    #1012,#1025,#1033));
#20 = ORIENTED_EDGE('',*,*,#21,.F.);
#21 = EDGE_CURVE('',#22,#24,#26,.T.);
#22 = VERTEX_POINT('',#23);
#23 = CARTESIAN_POINT('',(18.75,8.25,0.));
#24 = VERTEX_POINT('',#25);
#25 = CARTESIAN_POINT('',(18.75,-1.371585092988,-2.E-14));
#26 = B_SPLINE_CURVE_WITH_KNOTS('',1,(#27,#28),.UNSPECIFIED.,.F.,.F.,(2,
    2),(0.,10.371585092988),.PIECEWISE_BEZIER_KNOTS.);
#27 = CARTESIAN_POINT('',(18.75,9.,-4.59E-15));
#28 = CARTESIAN_POINT('',(18.75,-1.371585092988,-4.59E-15));
#29 = ORIENTED_EDGE('',*,*,#30,.T.);
#30 = EDGE_CURVE('',#22,#22,#31,.T.);
#31 = CIRCLE('',#32,18.75);
#32 = AXIS2_PLACEMENT_3D('',#33,#34,#35);
#33 = CARTESIAN_POINT('',(0.,8.25,0.));
#34 = DIRECTION('',(0.,-1.,0.));
#35 = DIRECTION('',(1.,0.,0.));
#36 = ORIENTED_EDGE('',*,*,#21,.T.);
#37 = ORIENTED_EDGE('',*,*,#38,.F.);
#38 = EDGE_CURVE('',#39,#24,#41,.T.);
#39 = VERTEX_POINT('',#40);
#40 = CARTESIAN_POINT('',(17.538273721687,-0.819832675653,
    -6.631097560976));
#41 = B_SPLINE_CURVE_WITH_KNOTS('',7,(#42,#43,#44,#45,#46,#47,#48,#49,
    #50,#51,#52,#53,#54,#55),.UNSPECIFIED.,.F.,.F.,(8,6,8),(0.,
    0.274531827108,1.),.UNSPECIFIED.);
#42 = CARTESIAN_POINT('',(16.448784149596,-0.454088682563,-9.));
#43 = CARTESIAN_POINT('',(16.631827018556,-0.505927213766,
    -8.665463039817));
#44 = CARTESIAN_POINT('',(16.80583487232,-0.55886382756,-8.328588358222)
  );
#45 = CARTESIAN_POINT('',(16.970953957007,-0.612359865679,
    -7.989514718723));
#46 = CARTESIAN_POINT('',(17.127315577047,-0.665915077019,
    -7.648364224101));
#47 = CARTESIAN_POINT('',(17.275036347988,-0.719064225975,
    -7.305241861521));
#48 = CARTESIAN_POINT('',(17.414218449301,-0.77137370079,-6.960235047645
    ));
#49 = CARTESIAN_POINT('',(17.890416161143,-0.957379169251,
    -5.696913859869));
#50 = CARTESIAN_POINT('',(18.177577008233,-1.083903100654,
    -4.765862585714));
#51 = CARTESIAN_POINT('',(18.406670736529,-1.194109076311,
    -3.823948953601));
#52 = CARTESIAN_POINT('',(18.578187856628,-1.281528060574,
    -2.874247163413));
#53 = CARTESIAN_POINT('',(18.692600998683,-1.34149813823,-1.919132052365
    ));
#54 = CARTESIAN_POINT('',(18.75,-1.371585092988,-0.960460175491));
#55 = CARTESIAN_POINT('',(18.75,-1.371585092988,-1.954E-14));
#56 = ORIENTED_EDGE('',*,*,#57,.T.);
#57 = EDGE_CURVE('',#39,#58,#60,.T.);
#58 = VERTEX_POINT('',#59);
#59 = CARTESIAN_POINT('',(17.538277487382,4.671888217573,-6.63109898466)
  );
#60 = LINE('',#61,#62);
#61 = CARTESIAN_POINT('',(17.538273721687,-0.454088682563,
    -6.631097560976));
#62 = VECTOR('',#63,1.);
#63 = DIRECTION('',(0.,1.,0.));
#64 = ORIENTED_EDGE('',*,*,#65,.F.);
#65 = EDGE_CURVE('',#66,#58,#68,.T.);
#66 = VERTEX_POINT('',#67);
#67 = CARTESIAN_POINT('',(14.825779847688,6.071682085456,-11.47862151601
    ));
#68 = ( BOUNDED_CURVE() B_SPLINE_CURVE(7,(#69,#70,#71,#72,#73,#74,#75,
#76),.UNSPECIFIED.,.F.,.F.) B_SPLINE_CURVE_WITH_KNOTS((8,8),(
3.364269975699,9.869835135252),.PIECEWISE_BEZIER_KNOTS.) CURVE() 
GEOMETRIC_REPRESENTATION_ITEM() RATIONAL_B_SPLINE_CURVE((1.,1.,1.,1.,1.,
1.,1.,1.)) REPRESENTATION_ITEM('') );
#69 = CARTESIAN_POINT('',(14.825779847688,6.071682085456,-11.47862151601
    ));
#70 = CARTESIAN_POINT('',(15.369664792451,5.868311881796,-10.77614008631
    ));
#71 = CARTESIAN_POINT('',(15.856182574067,5.653268721701,-10.06779099051
    ));
#72 = CARTESIAN_POINT('',(16.300347294977,5.43128309685,-9.342095640192)
  );
#73 = CARTESIAN_POINT('',(16.690065205639,5.213549777636,-8.620555119226
    ));
#74 = CARTESIAN_POINT('',(17.042007742639,5.0010596643,-7.887322558583)
  );
#75 = CARTESIAN_POINT('',(17.351893118552,4.800045891588,-7.148823422596
    ));
#76 = CARTESIAN_POINT('',(17.623196895724,4.614187257685,-6.401986502216
    ));
#77 = ORIENTED_EDGE('',*,*,#78,.F.);
#78 = EDGE_CURVE('',#79,#66,#81,.T.);
#79 = VERTEX_POINT('',#80);
#80 = CARTESIAN_POINT('',(14.81467035445,6.075718177848,-11.49295620321)
  );
#81 = ( BOUNDED_CURVE() B_SPLINE_CURVE(3,(#82,#83,#84,#85),
.UNSPECIFIED.,.F.,.F.) B_SPLINE_CURVE_WITH_KNOTS((4,4),(3.345322507202,
3.364269975699),.PIECEWISE_BEZIER_KNOTS.) CURVE() 
GEOMETRIC_REPRESENTATION_ITEM() RATIONAL_B_SPLINE_CURVE((1.,1.,1.,1.)) 
REPRESENTATION_ITEM('') );
#82 = CARTESIAN_POINT('',(14.814670354452,6.075718177847,-11.49295620321
    ));
#83 = CARTESIAN_POINT('',(14.818380531875,6.074409532408,-11.48817370386
    ));
#84 = CARTESIAN_POINT('',(14.822083694306,6.073064156192,-11.48339546524
    ));
#85 = CARTESIAN_POINT('',(14.825779847688,6.071682085456,-11.47862151601
    ));
#86 = ORIENTED_EDGE('',*,*,#87,.F.);
#87 = EDGE_CURVE('',#88,#79,#90,.T.);
#88 = VERTEX_POINT('',#89);
#89 = CARTESIAN_POINT('',(12.2320661308,4.609042032654,-14.21052631578)
  );
#90 = ( BOUNDED_CURVE() B_SPLINE_CURVE(12,(#91,#92,#93,#94,#95,#96,#97,
    #98,#99,#100,#101,#102,#103,#104,#105,#106,#107,#108,#109,#110,#111,
    #112,#113,#114,#115,#116,#117,#118,#119,#120,#121,#122,#123,#124,
    #125,#126,#127,#128,#129,#130,#131,#132,#133,#134,#135,#136,#137,
    #138,#139,#140,#141,#142,#143,#144,#145,#146,#147,#148,#149,#150,
    #151,#152,#153,#154,#155,#156,#157,#158,#159,#160,#161,#162,#163,
    #164,#165,#166,#167,#168,#169,#170,#171,#172,#173,#174,#175,#176,
    #177,#178,#179,#180,#181,#182,#183,#184,#185,#186,#187,#188,#189,
    #190,#191,#192,#193,#194,#195,#196,#197,#198,#199,#200,#201,#202,
    #203,#204,#205,#206,#207,#208,#209,#210,#211,#212,#213,#214,#215,
    #216,#217,#218,#219,#220,#221,#222,#223,#224,#225,#226,#227,#228,
    #229,#230,#231,#232,#233,#234,#235,#236,#237,#238,#239,#240,#241,
    #242,#243,#244,#245,#246,#247,#248,#249,#250,#251,#252,#253,#254,
    #255,#256,#257,#258,#259,#260,#261,#262,#263,#264,#265,#266,#267,
    #268,#269,#270,#271,#272,#273,#274,#275,#276,#277,#278,#279),
.UNSPECIFIED.,.F.,.F.) B_SPLINE_CURVE_WITH_KNOTS((13,11,11,11,11,11,11,
    11,11,11,11,11,11,11,11,11,11,13),(0.,1.773159387929E-03,
    3.546318775858E-03,7.092637551716E-03,1.418527510343E-02,
    2.837055020686E-02,5.674110041373E-02,0.113482200827,0.226964401655,
    0.464398469978,0.943073257844,1.71626925585,2.530795881524,
    2.938059194362,3.14169085078,3.192598764885,3.243506678989,
3.345322507199),.UNSPECIFIED.) CURVE() GEOMETRIC_REPRESENTATION_ITEM() 
RATIONAL_B_SPLINE_CURVE((1.,1.,1.,1.,1.,1.,1.,1.,1.,1.,1.,1.,1.,1.,1.,1.
    ,1.,1.,1.,1.,1.,1.,1.,1.,1.,0.999999999999,1.000000000001,
    0.999999999998,1.000000000002,0.999999999998,1.000000000001,
    0.999999999999,1.,1.,1.,1.,0.999999999999,1.000000000001,
    0.999999999998,1.000000000002,0.999999999998,1.000000000002,
    0.999999999999,1.,1.,1.,1.,1.,1.,1.,1.,1.,1.,1.,1.,1.,1.,1.,1.,1.,1.
    ,1.,1.,1.,1.,1.,1.,1.,1.,1.,1.,1.,1.,1.,1.,1.,1.,1.,1.,1.,1.,1.,1.,
    1.,1.,1.,1.,1.,1.,1.,1.000000000001,0.999999999997,1.000000000006,
    0.999999999991,1.00000000001,0.999999999991,1.000000000006,
    0.999999999997,1.000000000001,1.,1.,1.,1.000000000001,0.999999999998
    ,1.000000000003,0.999999999997,1.000000000003,0.999999999998,
    1.000000000001,1.,1.,1.,1.,1.000000000001,0.999999999998,
    1.000000000003,0.999999999997,1.000000000002,0.999999999999,
    1.000000000001,1.,1.,1.,1.,1.,1.000000000001,0.999999999999,
    1.000000000001,0.999999999999,1.000000000001,1.,1.,1.,1.,1.,1.,
    0.999999999999,1.000000000001,0.999999999999,1.000000000001,1.,1.,1.
    ,1.,1.,0.999999999999,1.000000000002,0.999999999996,1.000000000006,
    0.999999999993,1.000000000006,0.999999999996,1.000000000002,
    0.999999999999,1.,1.,0.999999999999,1.000000000002,0.999999999997,
    1.000000000004,0.999999999996,1.000000000004,0.999999999997,
    1.000000000001,0.999999999999,1.,1.,1.000000000001,0.999999999999,
    1.000000000002,0.999999999998,1.000000000002,0.999999999998,
    1.000000000001,0.999999999999,1.,1.,1.,1.,1.000000000001,
    0.999999999997,1.000000000004,0.999999999995,1.000000000004,
    0.999999999997,1.000000000002,0.999999999999,1.,1.)) 
REPRESENTATION_ITEM('') );
#91 = CARTESIAN_POINT('',(12.2320661308,4.609042032654,-14.21052631578)
  );
#92 = CARTESIAN_POINT('',(12.232198573229,4.609061054732,-14.21041231265
    ));
#93 = CARTESIAN_POINT('',(12.232149566372,4.609819603096,-14.21045449498
    ));
#94 = CARTESIAN_POINT('',(12.23276885052,4.607854499037,-14.20992142755)
  );
#95 = CARTESIAN_POINT('',(12.231774717396,4.61246501152,-14.21077714787)
  );
#96 = CARTESIAN_POINT('',(12.233571401934,4.605701358956,-14.2092306005)
  );
#97 = CARTESIAN_POINT('',(12.231779607119,4.61356283289,-14.21077292498)
  );
#98 = CARTESIAN_POINT('',(12.23346440291,4.607255224005,-14.20932268555)
  );
#99 = CARTESIAN_POINT('',(12.23261797104,4.611263834997,-14.21005126211)
  );
#100 = CARTESIAN_POINT('',(12.23313002731,4.609735844696,-14.20961048447
    ));
#101 = CARTESIAN_POINT('',(12.233128113566,4.610302593207,
    -14.20961211783));
#102 = CARTESIAN_POINT('',(12.233250447734,4.610362976719,
    -14.20950680013));
#103 = CARTESIAN_POINT('',(12.233465820182,4.610603174174,
    -14.20932137882));
#104 = CARTESIAN_POINT('',(12.233573509915,4.610723275047,
    -14.20922866359));
#105 = CARTESIAN_POINT('',(12.233681203158,4.610843378066,
    -14.20913594378));
#106 = CARTESIAN_POINT('',(12.233788899908,4.610963483228,
    -14.20904321941));
#107 = CARTESIAN_POINT('',(12.233896600174,4.611083590534,
    -14.20895049046));
#108 = CARTESIAN_POINT('',(12.234004303942,4.611203699978,
    -14.20885775694));
#109 = CARTESIAN_POINT('',(12.23411201123,4.611323811566,-14.20876501885
    ));
#110 = CARTESIAN_POINT('',(12.23421972202,4.611443925289,-14.20867227618
    ));
#111 = CARTESIAN_POINT('',(12.234327436328,4.611564041152,
    -14.20857952894));
#112 = CARTESIAN_POINT('',(12.234435154144,4.611684159151,
    -14.20848677712));
#113 = CARTESIAN_POINT('',(12.234542875473,4.611804279285,
    -14.20839402073));
#114 = CARTESIAN_POINT('',(12.234866049997,4.612164646087,
    -14.20811573782));
#115 = CARTESIAN_POINT('',(12.23508151373,4.612404899156,-14.20793019758
    ));
#116 = CARTESIAN_POINT('',(12.235296991513,4.61264516075,-14.20774463903
    ));
#117 = CARTESIAN_POINT('',(12.235512483353,4.612885430858,
    -14.20755906216));
#118 = CARTESIAN_POINT('',(12.235727989247,4.613125709468,
    -14.20737346699));
#119 = CARTESIAN_POINT('',(12.235943509205,4.613365996573,
    -14.20718785349));
#120 = CARTESIAN_POINT('',(12.23615904322,4.613606292161,-14.20700222166
    ));
#121 = CARTESIAN_POINT('',(12.236374591305,4.613846596222,
    -14.20681657151));
#122 = CARTESIAN_POINT('',(12.236590153455,4.614086908745,
    -14.20663090303));
#123 = CARTESIAN_POINT('',(12.236805729676,4.614327229721,
    -14.20644521621));
#124 = CARTESIAN_POINT('',(12.23702131997,4.614567559139,-14.20625951106
    ));
#125 = CARTESIAN_POINT('',(12.237668133078,4.615288572689,
    -14.20570234055));
#126 = CARTESIAN_POINT('',(12.238099398119,4.615769282117,
    -14.20533082018));
#127 = CARTESIAN_POINT('',(12.238530719483,4.61625002519,-14.2049592264)
  );
#128 = CARTESIAN_POINT('',(12.238962097192,4.616730801828,
    -14.20458755919));
#129 = CARTESIAN_POINT('',(12.239393531264,4.617211611947,
    -14.20421581851));
#130 = CARTESIAN_POINT('',(12.239825021727,4.617692455467,
    -14.20384400433));
#131 = CARTESIAN_POINT('',(12.240256568592,4.618173332302,
    -14.20347211663));
#132 = CARTESIAN_POINT('',(12.24068817189,4.618654242374,-14.20310015535
    ));
#133 = CARTESIAN_POINT('',(12.241119831635,4.619135185598,-14.2027281205
    ));
#134 = CARTESIAN_POINT('',(12.241551547853,4.619616161893,
    -14.20235601201));
#135 = CARTESIAN_POINT('',(12.241983320561,4.620097171177,
    -14.20198382987));
#136 = CARTESIAN_POINT('',(12.243278808226,4.621540297748,
    -14.20086706241));
#137 = CARTESIAN_POINT('',(12.24414269272,4.622502513757,-14.20012225602
    ));
#138 = CARTESIAN_POINT('',(12.245006803436,4.623464860736,
    -14.19937715464));
#139 = CARTESIAN_POINT('',(12.245871140539,4.624427338021,
    -14.19863175801));
#140 = CARTESIAN_POINT('',(12.246735704209,4.625389944957,
    -14.19788606589));
#141 = CARTESIAN_POINT('',(12.247600494605,4.626352680877,
    -14.19714007801));
#142 = CARTESIAN_POINT('',(12.248465511909,4.627315545129,
    -14.19639379413));
#143 = CARTESIAN_POINT('',(12.249330756279,4.628278537043,-14.195647214)
  );
#144 = CARTESIAN_POINT('',(12.250196227896,4.629241655968,
    -14.19490033735));
#145 = CARTESIAN_POINT('',(12.251061926923,4.630204901236,
    -14.19415316395));
#146 = CARTESIAN_POINT('',(12.251927853534,4.631168272192,
    -14.19340569353));
#147 = CARTESIAN_POINT('',(12.254526316628,4.634058760135,
    -14.19116239046));
#148 = CARTESIAN_POINT('',(12.256259536345,4.635986252241,
    -14.18966566605));
#149 = CARTESIAN_POINT('',(12.257993668442,4.637914239156,
    -14.18816775055));
#150 = CARTESIAN_POINT('',(12.259728714305,4.639842715551,
    -14.18666864189));
#151 = CARTESIAN_POINT('',(12.261464675332,4.64177167609,-14.185168338)
  );
#152 = CARTESIAN_POINT('',(12.263201552901,4.643701115445,
    -14.18366683683));
#153 = CARTESIAN_POINT('',(12.264939348419,4.64563102828,-14.1821641363)
  );
#154 = CARTESIAN_POINT('',(12.266678063259,4.647561409266,
    -14.18066023436));
#155 = CARTESIAN_POINT('',(12.268417698825,4.649492253069,
    -14.17915512894));
#156 = CARTESIAN_POINT('',(12.270158256498,4.651423554357,
    -14.17764881797));
#157 = CARTESIAN_POINT('',(12.271899737674,4.653355307797,-14.1761412994
    ));
#158 = CARTESIAN_POINT('',(12.277126955874,4.659151908581,
    -14.17161511466));
#159 = CARTESIAN_POINT('',(12.28061546707,4.663018096981,-14.16859282019
    ));
#160 = CARTESIAN_POINT('',(12.284107688987,4.666886029853,
    -14.16556567044));
#161 = CARTESIAN_POINT('',(12.287603633285,4.670755663793,
    -14.16253364813));
#162 = CARTESIAN_POINT('',(12.291103311625,4.674626955399,
    -14.15949673597));
#163 = CARTESIAN_POINT('',(12.294606735663,4.678499861264,
    -14.15645491667));
#164 = CARTESIAN_POINT('',(12.298113917065,4.682374337986,
    -14.15340817296));
#165 = CARTESIAN_POINT('',(12.301624867483,4.68625034216,-14.15035648752
    ));
#166 = CARTESIAN_POINT('',(12.305139598583,4.690127830382,
    -14.14729984308));
#167 = CARTESIAN_POINT('',(12.30865812202,4.694006759247,-14.14423822236
    ));
#168 = CARTESIAN_POINT('',(12.312180449457,4.697887085352,
    -14.14117160805));
#169 = CARTESIAN_POINT('',(12.322758878742,4.709532125174,
    -14.13195673254));
#170 = CARTESIAN_POINT('',(12.329826421137,4.717300910545,
    -14.12579344923));
#171 = CARTESIAN_POINT('',(12.336909322139,4.725074762557,
    -14.11960998123));
#172 = CARTESIAN_POINT('',(12.344007684148,4.732853322363,
    -14.11340617686));
#173 = CARTESIAN_POINT('',(12.351121609569,4.740636231112,
    -14.10718188443));
#174 = CARTESIAN_POINT('',(12.358251200797,4.748423129957,
    -14.10093695223));
#175 = CARTESIAN_POINT('',(12.365396560242,4.75621366005,-14.09467122857
    ));
#176 = CARTESIAN_POINT('',(12.372557790297,4.76400746254,-14.08838456175
    ));
#177 = CARTESIAN_POINT('',(12.379734993372,4.77180417858,-14.08207680008
    ));
#178 = CARTESIAN_POINT('',(12.386928271861,4.779603449321,
    -14.07574779186));
#179 = CARTESIAN_POINT('',(12.39413772817,4.787404915915,-14.06939738539
    ));
#180 = CARTESIAN_POINT('',(12.416481571399,4.811534745663,
    -14.04969365077));
#181 = CARTESIAN_POINT('',(12.431671104822,4.827869680846,
    -14.03626750184));
#182 = CARTESIAN_POINT('',(12.446932961926,4.844209408232,
    -14.02274551351));
#183 = CARTESIAN_POINT('',(12.462268039672,4.860550310994,
    -14.00912621707));
#184 = CARTESIAN_POINT('',(12.477677235017,4.876888772301,
    -13.99540814383));
#185 = CARTESIAN_POINT('',(12.493161444923,4.893221175326,
    -13.98158982508));
#186 = CARTESIAN_POINT('',(12.508721566347,4.909543903241,
    -13.96766979212));
#187 = CARTESIAN_POINT('',(12.524358496249,4.925853339215,
    -13.95364657626));
#188 = CARTESIAN_POINT('',(12.540073131588,4.942145866422,
    -13.93951870881));
#189 = CARTESIAN_POINT('',(12.555866369324,4.958417868032,
    -13.92528472104));
#190 = CARTESIAN_POINT('',(12.571739106416,4.974665727217,
    -13.91094314428));
#191 = CARTESIAN_POINT('',(12.619854274543,5.023586075047,
    -13.86735956173));
#192 = CARTESIAN_POINT('',(12.652341551698,5.05617137981,-13.8377844545)
  );
#193 = CARTESIAN_POINT('',(12.685161192487,5.088610036641,
    -13.80775436119));
#194 = CARTESIAN_POINT('',(12.718318695328,5.120868771303,
    -13.77725777329));
#195 = CARTESIAN_POINT('',(12.751817935861,5.15291274012,-13.74628450077
    ));
#196 = CARTESIAN_POINT('',(12.785661166938,5.184705529975,
    -13.71482567206));
#197 = CARTESIAN_POINT('',(12.819849018636,5.216209158313,
    -13.68287373403));
#198 = CARTESIAN_POINT('',(12.854380498245,5.247384073139,
    -13.65042245203));
#199 = CARTESIAN_POINT('',(12.889252990276,5.278189153017,
    -13.61746690985));
#200 = CARTESIAN_POINT('',(12.924462256457,5.308581707075,
    -13.58400350975));
#201 = CARTESIAN_POINT('',(12.960002435736,5.338517474996,
    -13.55002997244));
#202 = CARTESIAN_POINT('',(13.053795977711,5.415493543299,
    -13.45984283778));
#203 = CARTESIAN_POINT('',(13.112650821428,5.461636504653,
    -13.40271827754));
#204 = CARTESIAN_POINT('',(13.171809837192,5.506784234111,
    -13.34481292857));
#205 = CARTESIAN_POINT('',(13.232981891759,5.548999042625,
    -13.28422764924));
#206 = CARTESIAN_POINT('',(13.293283869732,5.590648944647,
    -13.22403409082));
#207 = CARTESIAN_POINT('',(13.35447030807,5.630069897186,-13.16233941065
    ));
#208 = CARTESIAN_POINT('',(13.417752281226,5.665679978111,
    -13.09775907438));
#209 = CARTESIAN_POINT('',(13.479956502528,5.699634407013,
    -13.03363714783));
#210 = CARTESIAN_POINT('',(13.540626149449,5.732428931651,
    -12.97056009355));
#211 = CARTESIAN_POINT('',(13.606407936218,5.759004670779,-12.9014099172
    ));
#212 = CARTESIAN_POINT('',(13.674060315617,5.781039435465,
    -12.82916697541));
#213 = CARTESIAN_POINT('',(13.772523336439,5.839252454234,
    -12.72342702161));
#214 = CARTESIAN_POINT('',(13.822642261015,5.867833389501,
    -12.66913494344));
#215 = CARTESIAN_POINT('',(13.872356976621,5.895089415631,
    -12.61481280482));
#216 = CARTESIAN_POINT('',(13.921658010019,5.920974305489,
    -12.56047620324));
#217 = CARTESIAN_POINT('',(13.970536373009,5.945437180851,
    -12.50614068202));
#218 = CARTESIAN_POINT('',(14.018983462237,5.968422436336,
    -12.45182184042));
#219 = CARTESIAN_POINT('',(14.066990959011,5.989869663356,
    -12.39753544382));
#220 = CARTESIAN_POINT('',(14.114550729108,6.009713574039,
    -12.34329753383));
#221 = CARTESIAN_POINT('',(14.161654722592,6.027883925186,
    -12.28912453843));
#222 = CARTESIAN_POINT('',(14.208294873618,6.044305442189,
    -12.23503338215));
#223 = CARTESIAN_POINT('',(14.254463000251,6.058897742987,
    -12.18104159613));
#224 = CARTESIAN_POINT('',(14.322994556284,6.077914021494,
    -12.10023034444));
#225 = CARTESIAN_POINT('',(14.345718276762,6.083773945248,
    -12.07332270893));
#226 = CARTESIAN_POINT('',(14.368320843405,6.089144463701,
    -12.04644676956));
#227 = CARTESIAN_POINT('',(14.390801208655,6.094014645609,
    -12.01960483968));
#228 = CARTESIAN_POINT('',(14.413158299695,6.09837319804,-11.99279929815
    ));
#229 = CARTESIAN_POINT('',(14.435391018449,6.102208466373,
    -11.96603258942));
#230 = CARTESIAN_POINT('',(14.457498241585,6.105508434294,
    -11.93930722348));
#231 = CARTESIAN_POINT('',(14.479478820512,6.108260723804,
    -11.91262577585));
#232 = CARTESIAN_POINT('',(14.501331581379,6.110452595211,
    -11.88599088763));
#233 = CARTESIAN_POINT('',(14.523055325081,6.112070947136,
    -11.85940526546));
#234 = CARTESIAN_POINT('',(14.544648827252,6.113102316508,
    -11.83287168154));
#235 = CARTESIAN_POINT('',(14.576841843775,6.113748159598,
    -11.79315361964));
#236 = CARTESIAN_POINT('',(14.587539969065,6.11381319445,-11.77992799579
    ));
#237 = CARTESIAN_POINT('',(14.598205056973,6.113726259295,
    -11.76671645852));
#238 = CARTESIAN_POINT('',(14.60883694701,6.113485596007,-11.75351937108
    ));
#239 = CARTESIAN_POINT('',(14.619435475345,6.113089412156,-11.7403371035
    ));
#240 = CARTESIAN_POINT('',(14.630000474835,6.112535881027,
    -11.72717003258));
#241 = CARTESIAN_POINT('',(14.640531774981,6.111823141586,
    -11.71401854191));
#242 = CARTESIAN_POINT('',(14.651029201981,6.110949298525,
    -11.70088302185));
#243 = CARTESIAN_POINT('',(14.661492578678,6.109912422215,
    -11.68776386953));
#244 = CARTESIAN_POINT('',(14.671921724601,6.108710548746,
    -11.67466148889));
#245 = CARTESIAN_POINT('',(14.682316455938,6.107341679901,
    -11.66157629062));
#246 = CARTESIAN_POINT('',(14.695266617956,6.105419308982,
    -11.64524179259));
#247 = CARTESIAN_POINT('',(14.697854487781,6.105024270959,
    -11.64197599288));
#248 = CARTESIAN_POINT('',(14.700440191922,6.104618635545,
    -11.63871129986));
#249 = CARTESIAN_POINT('',(14.703023727268,6.104202369187,
    -11.63544772036));
#250 = CARTESIAN_POINT('',(14.705605090716,6.103775438336,-11.6321852612
    ));
#251 = CARTESIAN_POINT('',(14.70818427915,6.103337809436,-11.62892392917
    ));
#252 = CARTESIAN_POINT('',(14.710761289474,6.102889448938,-11.6256637311
    ));
#253 = CARTESIAN_POINT('',(14.713336118569,6.102430323288,-11.6224046738
    ));
#254 = CARTESIAN_POINT('',(14.715908763335,6.101960398936,
    -11.61914676408));
#255 = CARTESIAN_POINT('',(14.71847922066,6.101479642329,-11.61589000876
    ));
#256 = CARTESIAN_POINT('',(14.721047487439,6.100988019916,
    -11.61263441466));
#257 = CARTESIAN_POINT('',(14.726179633686,6.099982976372,
    -11.60612556249));
#258 = CARTESIAN_POINT('',(14.72874352058,6.099469630639,-11.6028722951)
  );
#259 = CARTESIAN_POINT('',(14.731305171273,6.098944951797,
    -11.59962025271));
#260 = CARTESIAN_POINT('',(14.733864604157,6.09840912484,-11.596369415)
  );
#261 = CARTESIAN_POINT('',(14.736421832116,6.097862278781,-11.5931197686
    ));
#262 = CARTESIAN_POINT('',(14.738976851788,6.097304377516,
    -11.58987132073));
#263 = CARTESIAN_POINT('',(14.741529656476,6.096735351074,
    -11.58662408284));
#264 = CARTESIAN_POINT('',(14.744080247325,6.096155209015,
    -11.58337805645));
#265 = CARTESIAN_POINT('',(14.746628631322,6.095564020273,
    -11.58013323567));
#266 = CARTESIAN_POINT('',(14.749174808793,6.094961786074,
    -11.57688962307));
#267 = CARTESIAN_POINT('',(14.751718767006,6.094348375104,
    -11.57364723778));
#268 = CARTESIAN_POINT('',(14.759343997787,6.092474747203,
    -11.56392375525));
#269 = CARTESIAN_POINT('',(14.764418633765,6.091181208076,
    -11.55744632192));
#270 = CARTESIAN_POINT('',(14.76948437189,6.089842726844,-11.55097386046
    ));
#271 = CARTESIAN_POINT('',(14.774541173676,6.088458897814,
    -11.54450644413));
#272 = CARTESIAN_POINT('',(14.779589006773,6.087029377485,
    -11.53804413855));
#273 = CARTESIAN_POINT('',(14.784627842962,6.085553864184,
    -11.53158700429));
#274 = CARTESIAN_POINT('',(14.789657656106,6.084032077709,
    -11.52513509943));
#275 = CARTESIAN_POINT('',(14.794678420171,6.082463738962,
    -11.51868848218));
#276 = CARTESIAN_POINT('',(14.799690107167,6.080848549594,
    -11.51224721349));
#277 = CARTESIAN_POINT('',(14.804692685157,6.079186171638,
    -11.50581135959));
#278 = CARTESIAN_POINT('',(14.809686116222,6.07747620715,-11.49938099462
    ));
#279 = CARTESIAN_POINT('',(14.81467035445,6.075718177848,-11.49295620321
    ));
#280 = ORIENTED_EDGE('',*,*,#281,.T.);
#281 = EDGE_CURVE('',#88,#282,#284,.T.);
#282 = VERTEX_POINT('',#283);
#283 = CARTESIAN_POINT('',(12.2320661308,0.5,-14.21052631578));
#284 = LINE('',#285,#286);
#285 = CARTESIAN_POINT('',(12.2320661308,4.95050560186,-14.21052631578)
  );
#286 = VECTOR('',#287,1.);
#287 = DIRECTION('',(-0.,-1.,-0.));
#288 = ORIENTED_EDGE('',*,*,#289,.F.);
#289 = EDGE_CURVE('',#290,#282,#292,.T.);
#290 = VERTEX_POINT('',#291);
#291 = CARTESIAN_POINT('',(-12.2320661308,0.5,-14.21052631578));
#292 = CIRCLE('',#293,18.75);
#293 = AXIS2_PLACEMENT_3D('',#294,#295,#296);
#294 = CARTESIAN_POINT('',(0.,0.5,0.));
#295 = DIRECTION('',(0.,-1.,0.));
#296 = DIRECTION('',(-0.652376860309,-0.,-0.757894736842));
#297 = ORIENTED_EDGE('',*,*,#298,.F.);
#298 = EDGE_CURVE('',#299,#290,#301,.T.);
#299 = VERTEX_POINT('',#300);
#300 = CARTESIAN_POINT('',(-12.2320661308,4.609042032652,-14.21052631578
    ));
#301 = LINE('',#302,#303);
#302 = CARTESIAN_POINT('',(-12.2320661308,4.95050560186,-14.21052631578)
  );
#303 = VECTOR('',#304,1.);
#304 = DIRECTION('',(-0.,-1.,-0.));
#305 = ORIENTED_EDGE('',*,*,#306,.F.);
#306 = EDGE_CURVE('',#307,#299,#309,.T.);
#307 = VERTEX_POINT('',#308);
#308 = CARTESIAN_POINT('',(-14.81472847017,6.075700124494,
    -11.49288129039));
#309 = ( BOUNDED_CURVE() B_SPLINE_CURVE(12,(#310,#311,#312,#313,#314,
    #315,#316,#317,#318,#319,#320,#321,#322,#323,#324,#325,#326,#327,
    #328,#329,#330,#331,#332,#333,#334,#335,#336,#337,#338,#339,#340,
    #341,#342,#343,#344,#345,#346,#347,#348,#349,#350,#351,#352,#353,
    #354,#355,#356,#357,#358,#359,#360,#361,#362,#363,#364,#365,#366,
    #367,#368,#369,#370,#371,#372,#373,#374,#375,#376,#377,#378,#379,
    #380,#381,#382,#383,#384,#385,#386,#387,#388,#389,#390,#391,#392,
    #393,#394,#395,#396,#397,#398,#399,#400,#401,#402,#403,#404,#405,
    #406,#407,#408,#409,#410,#411,#412,#413,#414,#415,#416,#417,#418,
    #419,#420,#421,#422,#423,#424,#425,#426,#427,#428,#429,#430,#431,
    #432,#433,#434,#435,#436,#437,#438,#439,#440,#441,#442,#443,#444,
    #445,#446,#447,#448,#449,#450,#451,#452,#453,#454,#455,#456,#457,
    #458,#459,#460,#461,#462,#463,#464,#465,#466,#467,#468,#469,#470,
    #471,#472,#473,#474,#475,#476,#477,#478,#479,#480,#481,#482,#483,
    #484,#485,#486,#487,#488,#489,#490,#491,#492,#493,#494,#495,#496,
#497,#498),.UNSPECIFIED.,.F.,.F.) B_SPLINE_CURVE_WITH_KNOTS((13,11,11,11
    ,11,11,11,11,11,11,11,11,11,11,11,11,11,13),(3.505340843819,
    3.60715346249,3.658059771825,3.70896608116,3.912591318502,
    4.319841793184,5.13434274255,5.907534860189,6.386205318415,
    6.623637722977,6.737119776204,6.793860802818,6.822231316125,
    6.836416572778,6.843509201105,6.847055515268,6.84882867235,
6.850601829432),.UNSPECIFIED.) CURVE() GEOMETRIC_REPRESENTATION_ITEM() 
RATIONAL_B_SPLINE_CURVE((1.,1.,1.,0.999999999999,1.000000000002,
    0.999999999998,1.000000000002,0.999999999998,1.000000000001,
    0.999999999999,1.,1.,1.,1.000000000001,0.999999999998,1.000000000003
    ,0.999999999995,1.000000000005,0.999999999995,1.000000000003,
    0.999999999998,1.000000000001,1.,1.,1.,0.999999999999,1.000000000001
    ,0.999999999999,1.000000000001,0.999999999999,1.000000000001,1.,1.,
    1.,1.,1.,1.000000000001,0.999999999999,1.000000000001,0.999999999999
    ,1.000000000001,0.999999999999,1.,1.,1.,1.,0.999999999999,
    1.000000000002,0.999999999997,1.000000000004,0.999999999996,
    1.000000000003,0.999999999998,1.000000000001,1.,1.,1.,0.999999999999
    ,1.000000000002,0.999999999997,1.000000000004,0.999999999996,
    1.000000000003,0.999999999998,1.000000000001,1.,1.,1.,1.,1.,
    1.000000000001,0.999999999999,1.000000000001,0.999999999999,
    1.000000000001,0.999999999999,1.,1.,1.,0.999999999999,1.000000000002
    ,0.999999999997,1.000000000004,0.999999999996,1.000000000004,
    0.999999999998,1.000000000001,1.,1.,1.,1.000000000001,0.999999999999
    ,1.000000000002,0.999999999997,1.000000000004,0.999999999997,
    1.000000000002,0.999999999999,1.,1.,1.,1.,0.999999999999,
    1.000000000002,0.999999999996,1.000000000004,0.999999999996,
    1.000000000003,0.999999999998,1.000000000001,1.,1.,0.999999999999,
    1.000000000002,0.999999999997,1.000000000005,0.999999999995,
    1.000000000004,0.999999999998,1.000000000001,1.,1.,1.,1.,
    1.000000000001,0.999999999999,1.000000000002,0.999999999998,
    1.000000000002,0.999999999998,1.000000000001,1.,1.,1.,1.000000000001
    ,0.999999999999,1.000000000003,0.999999999996,1.000000000004,
    0.999999999997,1.000000000002,0.999999999999,1.,1.,1.,0.999999999999
    ,1.000000000001,0.999999999997,1.000000000004,0.999999999996,
    1.000000000004,0.999999999998,1.000000000001,1.,1.,1.,1.,
    1.000000000001,0.999999999998,1.000000000002,0.999999999998,
    1.000000000001,0.999999999999,1.,1.,1.,1.,1.,1.000000000001,
    0.999999999998,1.000000000003,0.999999999997,1.000000000003,
    0.999999999998,1.000000000001,1.,1.,1.,1.,1.,1.,0.999999999999,
    1.000000000001,0.999999999999,1.000000000001,1.,1.,1.,1.)) 
REPRESENTATION_ITEM('') );
#310 = CARTESIAN_POINT('',(-14.81472847017,6.075700124493,
    -11.49288129038));
#311 = CARTESIAN_POINT('',(-14.80974578826,6.077457698217,
    -11.49930414273));
#312 = CARTESIAN_POINT('',(-14.80475393391,6.079167209185,
    -11.50573254627));
#313 = CARTESIAN_POINT('',(-14.79975295323,6.080829135762,
    -11.51216641618));
#314 = CARTESIAN_POINT('',(-14.79474288435,6.082443875957,
    -11.51860567816));
#315 = CARTESIAN_POINT('',(-14.78972375941,6.0840117678,-11.52505026578)
  );
#316 = CARTESIAN_POINT('',(-14.78469560659,6.085533109687,
    -11.53150011796));
#317 = CARTESIAN_POINT('',(-14.77965845213,6.087008180777,-11.5379551763
    ));
#318 = CARTESIAN_POINT('',(-14.77461232236,6.088437261321,
    -11.54441538256));
#319 = CARTESIAN_POINT('',(-14.7695572457,6.089820653061,-11.55088067599
    ));
#320 = CARTESIAN_POINT('',(-14.76449325472,6.091158699567,
    -11.55735099081));
#321 = CARTESIAN_POINT('',(-14.7594203881,6.092451806626,-11.56382625358
    ));
#322 = CARTESIAN_POINT('',(-14.75179784501,6.094324790572,-11.5735464441
    ));
#323 = CARTESIAN_POINT('',(-14.74925478831,6.094937987663,
    -11.57678772601));
#324 = CARTESIAN_POINT('',(-14.74670951796,6.095540008491,
    -11.58003022923));
#325 = CARTESIAN_POINT('',(-14.74416204676,6.096130984743,
    -11.58327393452));
#326 = CARTESIAN_POINT('',(-14.74161237442,6.096710915247,
    -11.58651883932));
#327 = CARTESIAN_POINT('',(-14.73906049394,6.097279730875,-11.5897649495
    ));
#328 = CARTESIAN_POINT('',(-14.7365064042,6.097837421982,-11.59301226357
    ));
#329 = CARTESIAN_POINT('',(-14.73395011193,6.098384058734,
    -11.59626077001));
#330 = CARTESIAN_POINT('',(-14.73139162056,6.098919677536,
    -11.59951046155));
#331 = CARTESIAN_POINT('',(-14.72883091721,6.09944414938,-11.60276135155
    ));
#332 = CARTESIAN_POINT('',(-14.72626798345,6.099957288786,-11.6060134604
    ));
#333 = CARTESIAN_POINT('',(-14.72113775512,6.100961920516,-11.6125199831
    ));
#334 = CARTESIAN_POINT('',(-14.71857045317,6.101453337901,
    -11.61577440624));
#335 = CARTESIAN_POINT('',(-14.71600096656,6.101933890367,
    -11.61902998434));
#336 = CARTESIAN_POINT('',(-14.71342929843,6.102403611476,
    -11.62228671056));
#337 = CARTESIAN_POINT('',(-14.7108554519,6.102862534789,-11.62554457807
    ));
#338 = CARTESIAN_POINT('',(-14.70827943012,6.10331069387,-11.62880358003
    ));
#339 = CARTESIAN_POINT('',(-14.70570123621,6.103748122277,
    -11.63206370961));
#340 = CARTESIAN_POINT('',(-14.70312087331,6.104174853574,
    -11.63532495998));
#341 = CARTESIAN_POINT('',(-14.70053834456,6.104590921323,
    -11.63858732431));
#342 = CARTESIAN_POINT('',(-14.69795365307,6.104996359085,
    -11.64185079575));
#343 = CARTESIAN_POINT('',(-14.695366802,6.105391200421,-11.64511536748)
  );
#344 = CARTESIAN_POINT('',(-14.68242176433,6.107312592784,-11.6614436934
    ));
#345 = CARTESIAN_POINT('',(-14.67203123038,6.108680694394,
    -11.67452385103));
#346 = CARTESIAN_POINT('',(-14.66160638142,6.109881817312,
    -11.68762108675));
#347 = CARTESIAN_POINT('',(-14.65114740294,6.110917960902,
    -11.70073498855));
#348 = CARTESIAN_POINT('',(-14.64065447711,6.111791090297,
    -11.71386515123));
#349 = CARTESIAN_POINT('',(-14.63012778275,6.112503136415,
    -11.72701117635));
#350 = CARTESIAN_POINT('',(-14.61956749537,6.113055995934,-11.7401726723
    ));
#351 = CARTESIAN_POINT('',(-14.60897378713,6.113451531322,
    -11.75334925426));
#352 = CARTESIAN_POINT('',(-14.59834682689,6.113691570807,-11.7665405442
    ));
#353 = CARTESIAN_POINT('',(-14.58768678015,6.113777908403,
    -11.77974617087));
#354 = CARTESIAN_POINT('',(-14.5769938091,6.11371230389,-11.79296576984)
  );
#355 = CARTESIAN_POINT('',(-14.54481659956,6.113064840699,
    -11.83266541073));
#356 = CARTESIAN_POINT('',(-14.52323409411,6.112032509588,
    -11.85918625246));
#357 = CARTESIAN_POINT('',(-14.50152181957,6.110413327289,
    -11.88575866137));
#358 = CARTESIAN_POINT('',(-14.47968101377,6.10822077087,-11.91237985626
    ));
#359 = CARTESIAN_POINT('',(-14.45771288905,6.105467956673,
    -11.93904712205));
#360 = CARTESIAN_POINT('',(-14.4356186322,6.102167640309,-11.96575780976
    ));
#361 = CARTESIAN_POINT('',(-14.41339940454,6.098332216664,
    -11.99250933652));
#362 = CARTESIAN_POINT('',(-14.39105634185,6.093973719896,
    -12.01929918556));
#363 = CARTESIAN_POINT('',(-14.36859055442,6.089103823436,
    -12.04612490623));
#364 = CARTESIAN_POINT('',(-14.34600312702,6.083733839985,
    -12.07298411398));
#365 = CARTESIAN_POINT('',(-14.3232951189,6.077874721519,-12.09987449035
    ));
#366 = CARTESIAN_POINT('',(-14.25481245366,6.058861734819,
    -12.18063236836));
#367 = CARTESIAN_POINT('',(-14.20867925668,6.044272796238,
    -12.23458644628));
#368 = CARTESIAN_POINT('',(-14.16207646284,6.02785598467,-12.2886377313)
  );
#369 = CARTESIAN_POINT('',(-14.11501233671,6.009691874281,
    -12.34276866888));
#370 = CARTESIAN_POINT('',(-14.0674950174,5.989855950096,-12.39696232487
    ));
#371 = CARTESIAN_POINT('',(-14.01953261837,5.968418685839,
    -12.45120227498));
#372 = CARTESIAN_POINT('',(-13.97113332733,5.945445621742,
    -12.50547249421));
#373 = CARTESIAN_POINT('',(-13.92230550606,5.920997442388,
    -12.55975724635));
#374 = CARTESIAN_POINT('',(-13.87305779033,5.895130054525,
    -12.61404097338));
#375 = CARTESIAN_POINT('',(-13.82339918972,5.8678946649,-12.66830818499)
  );
#376 = CARTESIAN_POINT('',(-13.77333918752,5.839337858081,
    -12.72254334797));
#377 = CARTESIAN_POINT('',(-13.67499522137,5.781178684428,
    -12.82816999386));
#378 = CARTESIAN_POINT('',(-13.60252505213,5.761121798163,
    -12.90560543603));
#379 = CARTESIAN_POINT('',(-13.53807150139,5.733215750734,
    -12.97313176217));
#380 = CARTESIAN_POINT('',(-13.48397760131,5.697269342871,
    -13.02936177378));
#381 = CARTESIAN_POINT('',(-13.41549166985,5.667581157238,
    -13.10023863037));
#382 = CARTESIAN_POINT('',(-13.35354378197,5.630267608431,
    -13.16327792609));
#383 = CARTESIAN_POINT('',(-13.29580194633,5.588836064888,
    -13.22132236834));
#384 = CARTESIAN_POINT('',(-13.23093106396,5.550794870811,
    -13.28647121681));
#385 = CARTESIAN_POINT('',(-13.17271506447,5.505914634626,
    -13.34381452169));
#386 = CARTESIAN_POINT('',(-13.1124770708,5.461828040424,-13.40291250676
    ));
#387 = CARTESIAN_POINT('',(-13.05380071118,5.415494047878,
    -13.45983827108));
#388 = CARTESIAN_POINT('',(-12.96000263812,5.338517085204,
    -13.55002978726));
#389 = CARTESIAN_POINT('',(-12.92446097069,5.308581079967,
    -13.58400473896));
#390 = CARTESIAN_POINT('',(-12.8892504977,5.278188344623,-13.61746926988
    ));
#391 = CARTESIAN_POINT('',(-12.85437716753,5.247383156416,
    -13.65042558587));
#392 = CARTESIAN_POINT('',(-12.81984526699,5.216208215512,
    -13.68287724613));
#393 = CARTESIAN_POINT('',(-12.78565742127,5.184704645001,-13.7148291632
    ));
#394 = CARTESIAN_POINT('',(-12.75181459399,5.152911990901,
    -13.74628760302));
#395 = CARTESIAN_POINT('',(-12.71831608719,5.120868222149,
    -13.77726018485));
#396 = CARTESIAN_POINT('',(-12.6851595413,5.088609730611,-13.80775588135
    ));
#397 = CARTESIAN_POINT('',(-12.65234093517,5.056171331074,
    -13.83778501851));
#398 = CARTESIAN_POINT('',(-12.61985458607,5.023586261252,
    -13.86735927571));
#399 = CARTESIAN_POINT('',(-12.57174028051,4.974666132342,
    -13.91094208266));
#400 = CARTESIAN_POINT('',(-12.55586778374,4.958418303709,-13.9252834448
    ));
#401 = CARTESIAN_POINT('',(-12.54007476235,4.94214631529,-13.93951724064
    ));
#402 = CARTESIAN_POINT('',(-12.52436031936,4.925853786494,
    -13.95364493871));
#403 = CARTESIAN_POINT('',(-12.50872355778,4.909544336726,
    -13.96766800757));
#404 = CARTESIAN_POINT('',(-12.49316358063,4.893221585397,
    -13.98158791575));
#405 = CARTESIAN_POINT('',(-12.47767949093,4.876889151909,
    -13.99540613178));
#406 = CARTESIAN_POINT('',(-12.46227039169,4.860550655676,
    -14.00912412422));
#407 = CARTESIAN_POINT('',(-12.44693538593,4.8442097161,-14.0227433616)
  );
#408 = CARTESIAN_POINT('',(-12.43167357666,4.827869952591,
    -14.03626531247));
#409 = CARTESIAN_POINT('',(-12.41648406689,4.811534984556,
    -14.04969144537));
#410 = CARTESIAN_POINT('',(-12.39414018163,4.787405070368,-14.0693952241
    ));
#411 = CARTESIAN_POINT('',(-12.38693067863,4.779603547722,
    -14.07574567394));
#412 = CARTESIAN_POINT('',(-12.37973734806,4.771804222682,
    -14.08207473017));
#413 = CARTESIAN_POINT('',(-12.37256008736,4.764007454468,
    -14.08838254462));
#414 = CARTESIAN_POINT('',(-12.36539879394,4.756213602294,
    -14.09466926913));
#415 = CARTESIAN_POINT('',(-12.35825336525,4.748423025385,
    -14.10093505551));
#416 = CARTESIAN_POINT('',(-12.3511236987,4.74063608295,-14.1071800556)
  );
#417 = CARTESIAN_POINT('',(-12.34400969172,4.732853134216,
    -14.11340442122));
#418 = CARTESIAN_POINT('',(-12.33691124173,4.725074538394,
    -14.11960830421));
#419 = CARTESIAN_POINT('',(-12.32982824616,4.717300654708,-14.1257918564
    ));
#420 = CARTESIAN_POINT('',(-12.32276060244,4.709531842372,
    -14.13195522961));
#421 = CARTESIAN_POINT('',(-12.31218201076,4.697886769722,
    -14.14117024871));
#422 = CARTESIAN_POINT('',(-12.30865962756,4.694006434297,
    -14.14423691224));
#423 = CARTESIAN_POINT('',(-12.30514104683,4.690127497871,
    -14.14729858347));
#424 = CARTESIAN_POINT('',(-12.30162625706,4.686250003988,
    -14.15035527956));
#425 = CARTESIAN_POINT('',(-12.29811524669,4.68237399619,-14.15340701769
    ));
#426 = CARTESIAN_POINT('',(-12.29460800419,4.678499518019,
    -14.15645381506));
#427 = CARTESIAN_POINT('',(-12.29110451803,4.674626613017,
    -14.15949568883));
#428 = CARTESIAN_POINT('',(-12.28760477666,4.670755324728,
    -14.16253265619));
#429 = CARTESIAN_POINT('',(-12.28410876855,4.666885696692,
    -14.16556473432));
#430 = CARTESIAN_POINT('',(-12.28061648217,4.663017772454,-14.1685919404
    ));
#431 = CARTESIAN_POINT('',(-12.27712790596,4.659151595554,
    -14.17161429161));
#432 = CARTESIAN_POINT('',(-12.27190058963,4.653355016527,
    -14.17614056189));
#433 = CARTESIAN_POINT('',(-12.27015907567,4.651423271093,
    -14.17764810902));
#434 = CARTESIAN_POINT('',(-12.26841848512,4.649491978537,
    -14.17915444862));
#435 = CARTESIAN_POINT('',(-12.26667881653,4.647561144157,
    -14.18065958278));
#436 = CARTESIAN_POINT('',(-12.26494006851,4.645630773257,
    -14.18216351358));
#437 = CARTESIAN_POINT('',(-12.26320223961,4.643700871133,
    -14.18366624313));
#438 = CARTESIAN_POINT('',(-12.26146532842,4.64177144309,-14.1851677735)
  );
#439 = CARTESIAN_POINT('',(-12.25972933352,4.639842494426,-14.1866681068
    ));
#440 = CARTESIAN_POINT('',(-12.25799425348,4.637914030443,
    -14.18816724512));
#441 = CARTESIAN_POINT('',(-12.25626008688,4.635986056441,
    -14.18966519055));
#442 = CARTESIAN_POINT('',(-12.25452683229,4.634058577721,
    -14.19116194517));
#443 = CARTESIAN_POINT('',(-12.25192831631,4.631168110514,
    -14.19340529405));
#444 = CARTESIAN_POINT('',(-12.25106237196,4.630204746572,
    -14.19415277983));
#445 = CARTESIAN_POINT('',(-12.25019665507,4.629241508403,-14.1948999687
    ));
#446 = CARTESIAN_POINT('',(-12.24933116545,4.628278396656,
    -14.19564686093));
#447 = CARTESIAN_POINT('',(-12.24846590293,4.627315411978,
    -14.19639345677));
#448 = CARTESIAN_POINT('',(-12.2476008673,4.62635255502,-14.1971397565)
  );
#449 = CARTESIAN_POINT('',(-12.2467360584,4.625389826424,-14.19788576037
    ));
#450 = CARTESIAN_POINT('',(-12.24587147603,4.624427226844,
    -14.19863146867));
#451 = CARTESIAN_POINT('',(-12.24500712001,4.623464756923,
    -14.19937688164));
#452 = CARTESIAN_POINT('',(-12.24414299015,4.622502417312,
    -14.20012199956));
#453 = CARTESIAN_POINT('',(-12.24327908627,4.621540208657,
    -14.20086682269));
#454 = CARTESIAN_POINT('',(-12.24198356914,4.620097093082,-14.2019836156
    ));
#455 = CARTESIAN_POINT('',(-12.24155178655,4.619616087456,
    -14.20235580627));
#456 = CARTESIAN_POINT('',(-12.24112006037,4.61913511481,-14.20272792335
    ));
#457 = CARTESIAN_POINT('',(-12.2406883906,4.61865417522,-14.20309996686)
  );
#458 = CARTESIAN_POINT('',(-12.2402567772,4.618173268775,-14.20347193685
    ));
#459 = CARTESIAN_POINT('',(-12.23982522015,4.61769239554,-14.20384383334
    ));
#460 = CARTESIAN_POINT('',(-12.23939371943,4.617211555612,
    -14.20421565637));
#461 = CARTESIAN_POINT('',(-12.23896227502,4.616730749054,
    -14.20458740597));
#462 = CARTESIAN_POINT('',(-12.23853088688,4.61624997596,-14.20495908218
    ));
#463 = CARTESIAN_POINT('',(-12.238099555,4.6157692364,-14.20533068503));
#464 = CARTESIAN_POINT('',(-12.23766827934,4.615288530459,
    -14.20570221455));
#465 = CARTESIAN_POINT('',(-12.23702145018,4.614567522092,
    -14.20625939889));
#466 = CARTESIAN_POINT('',(-12.23680585451,4.614327194395,
    -14.20644510868));
#467 = CARTESIAN_POINT('',(-12.23659027289,4.61408687513,-14.20663080016
    ));
#468 = CARTESIAN_POINT('',(-12.23637470531,4.613846564311,
    -14.20681647332));
#469 = CARTESIAN_POINT('',(-12.23615915177,4.613606261944,
    -14.20700212816));
#470 = CARTESIAN_POINT('',(-12.23594361228,4.613365968042,
    -14.20718776471));
#471 = CARTESIAN_POINT('',(-12.23572808682,4.613125682613,
    -14.20737338295));
#472 = CARTESIAN_POINT('',(-12.2355125754,4.612885405668,-14.20755898289
    ));
#473 = CARTESIAN_POINT('',(-12.235297078,4.612645137216,-14.20774456454)
  );
#474 = CARTESIAN_POINT('',(-12.23508159464,4.612404877267,-14.2079301279
    ));
#475 = CARTESIAN_POINT('',(-12.23486612529,4.612164625831,
    -14.20811567298));
#476 = CARTESIAN_POINT('',(-12.23454294231,4.611804261463,
    -14.20839396318));
#477 = CARTESIAN_POINT('',(-12.23443521815,4.611684142137,-14.208486722)
  );
#478 = CARTESIAN_POINT('',(-12.2343274975,4.611564024944,-14.20857947626
    ));
#479 = CARTESIAN_POINT('',(-12.23421978035,4.611443909883,
    -14.20867222595));
#480 = CARTESIAN_POINT('',(-12.23411206671,4.611323796957,
    -14.20876497107));
#481 = CARTESIAN_POINT('',(-12.23400435657,4.611203686166,
    -14.20885771163));
#482 = CARTESIAN_POINT('',(-12.23389664994,4.611083577513,
    -14.20895044761));
#483 = CARTESIAN_POINT('',(-12.2337889468,4.610963470997,-14.20904317903
    ));
#484 = CARTESIAN_POINT('',(-12.23368124717,4.610843366622,
    -14.20913590588));
#485 = CARTESIAN_POINT('',(-12.23357355105,4.610723264386,
    -14.20922862817));
#486 = CARTESIAN_POINT('',(-12.23346585842,4.610603164293,
    -14.20932134589));
#487 = CARTESIAN_POINT('',(-12.23325048017,4.610362968392,
    -14.20950677221));
#488 = CARTESIAN_POINT('',(-12.23312814335,4.610302586158,
    -14.20961209218));
#489 = CARTESIAN_POINT('',(-12.23313005221,4.609735834829,
    -14.20961046303));
#490 = CARTESIAN_POINT('',(-12.23261800038,4.611263838725,
    -14.21005123685));
#491 = CARTESIAN_POINT('',(-12.23346441174,4.60725519903,-14.20932267794
    ));
#492 = CARTESIAN_POINT('',(-12.23177964235,4.613562856227,
    -14.21077289465));
#493 = CARTESIAN_POINT('',(-12.23357139865,4.6057013267,-14.20923060332)
  );
#494 = CARTESIAN_POINT('',(-12.23177474287,4.612465029758,
    -14.21077712594));
#495 = CARTESIAN_POINT('',(-12.23276885233,4.60785448562,-14.20992142599
    ));
#496 = CARTESIAN_POINT('',(-12.23214957482,4.60981960546,-14.2104544877)
  );
#497 = CARTESIAN_POINT('',(-12.23219857571,4.609061053426,
    -14.21041231051));
#498 = CARTESIAN_POINT('',(-12.2320661308,4.609042032652,-14.21052631578
    ));
#499 = ORIENTED_EDGE('',*,*,#500,.F.);
#500 = EDGE_CURVE('',#501,#307,#503,.T.);
#501 = VERTEX_POINT('',#502);
#502 = CARTESIAN_POINT('',(-14.82583451519,6.071665061313,
    -11.47855090714));
#503 = ( BOUNDED_CURVE() B_SPLINE_CURVE(3,(#504,#505,#506,#507),
.UNSPECIFIED.,.F.,.F.) B_SPLINE_CURVE_WITH_KNOTS((4,4),(3.486394005207,
3.505340843825),.PIECEWISE_BEZIER_KNOTS.) CURVE() 
GEOMETRIC_REPRESENTATION_ITEM() RATIONAL_B_SPLINE_CURVE((1.,1.,1.,1.)) 
REPRESENTATION_ITEM('') );
#504 = CARTESIAN_POINT('',(-14.82583451519,6.071665061313,
    -11.47855090714));
#505 = CARTESIAN_POINT('',(-14.82213949583,6.073046787345,
    -11.48332343863));
#506 = CARTESIAN_POINT('',(-14.81843748271,6.07439182043,-11.48810024268
    ));
#507 = CARTESIAN_POINT('',(-14.81472847017,6.075700124494,
    -11.49288129039));
#508 = ORIENTED_EDGE('',*,*,#509,.F.);
#509 = EDGE_CURVE('',#510,#501,#512,.T.);
#510 = VERTEX_POINT('',#511);
#511 = CARTESIAN_POINT('',(-17.53827748235,4.671888410139,-6.63109898276
    ));
#512 = ( BOUNDED_CURVE() B_SPLINE_CURVE(7,(#513,#514,#515,#516,#517,#518
,#519,#520),.UNSPECIFIED.,.F.,.F.) B_SPLINE_CURVE_WITH_KNOTS((8,8),(
-3.019174136747,3.486394005207),.PIECEWISE_BEZIER_KNOTS.) CURVE() 
GEOMETRIC_REPRESENTATION_ITEM() RATIONAL_B_SPLINE_CURVE((1.,1.,1.,1.,1.,
1.,1.,1.)) REPRESENTATION_ITEM('') );
#513 = CARTESIAN_POINT('',(-17.62319830571,4.614186411394,
    -6.401982620828));
#514 = CARTESIAN_POINT('',(-17.35188164575,4.800053860924,
    -7.148855517145));
#515 = CARTESIAN_POINT('',(-17.04199151834,5.001072962981,
    -7.887356235047));
#516 = CARTESIAN_POINT('',(-16.69003515929,5.213562723336,
    -8.620631509986));
#517 = CARTESIAN_POINT('',(-16.30030308084,5.431304472548,
    -9.342136345744));
#518 = CARTESIAN_POINT('',(-15.85621079095,5.653269073852,
    -10.06778091074));
#519 = CARTESIAN_POINT('',(-15.3695709152,5.868338728035,-10.77625442812
    ));
#520 = CARTESIAN_POINT('',(-14.82583451519,6.071665061313,
    -11.47855090714));
#521 = ORIENTED_EDGE('',*,*,#522,.F.);
#522 = EDGE_CURVE('',#523,#510,#525,.T.);
#523 = VERTEX_POINT('',#524);
#524 = CARTESIAN_POINT('',(-17.53827372168,-0.819832675653,
    -6.631097560976));
#525 = LINE('',#526,#527);
#526 = CARTESIAN_POINT('',(-17.53827372168,-0.454088682563,
    -6.631097560976));
#527 = VECTOR('',#528,1.);
#528 = DIRECTION('',(0.,1.,0.));
#529 = ORIENTED_EDGE('',*,*,#530,.F.);
#530 = EDGE_CURVE('',#531,#523,#533,.T.);
#531 = VERTEX_POINT('',#532);
#532 = CARTESIAN_POINT('',(-17.53827372168,-0.819832675653,
    6.631097560976));
#533 = B_SPLINE_CURVE_WITH_KNOTS('',7,(#534,#535,#536,#537,#538,#539,
    #540,#541,#542,#543,#544,#545,#546,#547,#548,#549,#550,#551,#552,
    #553,#554,#555,#556,#557,#558,#559),.UNSPECIFIED.,.F.,.F.,(8,6,6,6,8
    ),(0.,0.137265913554,0.5,0.862734086446,1.),.UNSPECIFIED.);
#534 = CARTESIAN_POINT('',(-16.44878414959,-0.454088682563,9.));
#535 = CARTESIAN_POINT('',(-16.63182701855,-0.505927213766,
    8.665463039817));
#536 = CARTESIAN_POINT('',(-16.80583487232,-0.55886382756,8.328588358221
    ));
#537 = CARTESIAN_POINT('',(-16.970953957,-0.612359865679,7.989514718723)
  );
#538 = CARTESIAN_POINT('',(-17.12731557704,-0.665915077019,
    7.648364224101));
#539 = CARTESIAN_POINT('',(-17.27503634798,-0.719064225975,
    7.305241861521));
#540 = CARTESIAN_POINT('',(-17.4142184493,-0.77137370079,6.960235047645)
  );
#541 = CARTESIAN_POINT('',(-17.89041616114,-0.957379169251,
    5.696913859869));
#542 = CARTESIAN_POINT('',(-18.17757700823,-1.083903100654,
    4.765862585713));
#543 = CARTESIAN_POINT('',(-18.40667073652,-1.194109076311,
    3.823948953603));
#544 = CARTESIAN_POINT('',(-18.57818785663,-1.281528060575,
    2.874247163411));
#545 = CARTESIAN_POINT('',(-18.69260099868,-1.34149813823,1.919132052365
    ));
#546 = CARTESIAN_POINT('',(-18.75,-1.371585092988,0.960460175491));
#547 = CARTESIAN_POINT('',(-18.75,-1.371585092988,-0.960460175493));
#548 = CARTESIAN_POINT('',(-18.69260099868,-1.34149813823,
    -1.919132052358));
#549 = CARTESIAN_POINT('',(-18.57818785662,-1.281528060574,
    -2.874247163422));
#550 = CARTESIAN_POINT('',(-18.40667073652,-1.194109076312,
    -3.823948953594));
#551 = CARTESIAN_POINT('',(-18.17757700823,-1.083903100653,
    -4.765862585719));
#552 = CARTESIAN_POINT('',(-17.89041616114,-0.957379169252,
    -5.696913859866));
#553 = CARTESIAN_POINT('',(-17.4142184493,-0.77137370079,-6.960235047645
    ));
#554 = CARTESIAN_POINT('',(-17.27503634798,-0.719064225975,
    -7.305241861521));
#555 = CARTESIAN_POINT('',(-17.12731557704,-0.665915077019,-7.6483642241
    ));
#556 = CARTESIAN_POINT('',(-16.970953957,-0.612359865679,-7.989514718723
    ));
#557 = CARTESIAN_POINT('',(-16.80583487231,-0.55886382756,
    -8.328588358222));
#558 = CARTESIAN_POINT('',(-16.63182701855,-0.505927213766,
    -8.665463039817));
#559 = CARTESIAN_POINT('',(-16.44878414959,-0.454088682563,-9.));
#560 = ORIENTED_EDGE('',*,*,#561,.T.);
#561 = EDGE_CURVE('',#531,#562,#564,.T.);
#562 = VERTEX_POINT('',#563);
#563 = CARTESIAN_POINT('',(-17.53827748747,4.671888217573,6.631098984693
    ));
#564 = LINE('',#565,#566);
#565 = CARTESIAN_POINT('',(-17.53827372168,-0.454088682563,
    6.631097560976));
#566 = VECTOR('',#567,1.);
#567 = DIRECTION('',(0.,1.,0.));
#568 = ORIENTED_EDGE('',*,*,#569,.F.);
#569 = EDGE_CURVE('',#570,#562,#572,.T.);
#570 = VERTEX_POINT('',#571);
#571 = CARTESIAN_POINT('',(-14.82577985312,6.071682083727,
    11.478621508994));
#572 = ( BOUNDED_CURVE() B_SPLINE_CURVE(7,(#573,#574,#575,#576,#577,#578
,#579,#580),.UNSPECIFIED.,.F.,.F.) B_SPLINE_CURVE_WITH_KNOTS((8,8),(
3.364269249296,9.869835603036),.PIECEWISE_BEZIER_KNOTS.) CURVE() 
GEOMETRIC_REPRESENTATION_ITEM() RATIONAL_B_SPLINE_CURVE((1.,1.,1.,1.,1.,
1.,1.,1.)) REPRESENTATION_ITEM('') );
#573 = CARTESIAN_POINT('',(-14.82577985312,6.071682083727,
    11.478621508994));
#574 = CARTESIAN_POINT('',(-15.3696647483,5.868311898081,10.776140142651
    ));
#575 = CARTESIAN_POINT('',(-15.85618249189,5.653268759416,
    10.067791115164));
#576 = CARTESIAN_POINT('',(-16.3003473191,5.431283092402,9.342095622949)
  );
#577 = CARTESIAN_POINT('',(-16.69006515885,5.213549798533,8.620555191928
    ));
#578 = CARTESIAN_POINT('',(-17.04200773846,5.001059669273,7.887322576752
    ));
#579 = CARTESIAN_POINT('',(-17.35189311146,4.800045896314,7.148823440805
    ));
#580 = CARTESIAN_POINT('',(-17.62319689211,4.61418726015,6.401986512139)
  );
#581 = ORIENTED_EDGE('',*,*,#582,.F.);
#582 = EDGE_CURVE('',#583,#570,#585,.T.);
#583 = VERTEX_POINT('',#584);
#584 = CARTESIAN_POINT('',(-14.8146703601,6.075718176052,11.492956195925
    ));
#585 = ( BOUNDED_CURVE() B_SPLINE_CURVE(3,(#586,#587,#588,#589),
.UNSPECIFIED.,.F.,.F.) B_SPLINE_CURVE_WITH_KNOTS((4,4),(3.345321775966,
3.364269249296),.PIECEWISE_BEZIER_KNOTS.) CURVE() 
GEOMETRIC_REPRESENTATION_ITEM() RATIONAL_B_SPLINE_CURVE((1.,1.,1.,1.)) 
REPRESENTATION_ITEM('') );
#586 = CARTESIAN_POINT('',(-14.8146703601,6.075718176052,11.492956195926
    ));
#587 = CARTESIAN_POINT('',(-14.81838053745,6.074409530634,
    11.488173696671));
#588 = CARTESIAN_POINT('',(-14.82208369981,6.07306415444,11.483395458132
    ));
#589 = CARTESIAN_POINT('',(-14.82577985312,6.071682083727,
    11.478621508994));
#590 = ORIENTED_EDGE('',*,*,#591,.F.);
#591 = EDGE_CURVE('',#592,#583,#594,.T.);
#592 = VERTEX_POINT('',#593);
#593 = CARTESIAN_POINT('',(-12.2320661308,4.609042032652,14.210526315789
    ));
#594 = ( BOUNDED_CURVE() B_SPLINE_CURVE(12,(#595,#596,#597,#598,#599,
    #600,#601,#602,#603,#604,#605,#606,#607,#608,#609,#610,#611,#612,
    #613,#614,#615,#616,#617,#618,#619,#620,#621,#622,#623,#624,#625,
    #626,#627,#628,#629,#630,#631,#632,#633,#634,#635,#636,#637,#638,
    #639,#640,#641,#642,#643,#644,#645,#646,#647,#648,#649,#650,#651,
    #652,#653,#654,#655,#656,#657,#658,#659,#660,#661,#662,#663,#664,
    #665,#666,#667,#668,#669,#670,#671,#672,#673,#674,#675,#676,#677,
    #678,#679,#680,#681,#682,#683,#684,#685,#686,#687,#688,#689,#690,
    #691,#692,#693,#694,#695,#696,#697,#698,#699,#700,#701,#702,#703,
    #704,#705,#706,#707,#708,#709,#710,#711,#712,#713,#714,#715,#716,
    #717,#718,#719,#720,#721,#722,#723,#724,#725,#726,#727,#728,#729,
    #730,#731,#732,#733,#734,#735,#736,#737,#738,#739,#740,#741,#742,
    #743,#744,#745,#746,#747,#748,#749,#750,#751,#752,#753,#754,#755,
    #756,#757,#758,#759,#760,#761,#762,#763,#764,#765,#766,#767,#768,
    #769,#770,#771,#772,#773,#774,#775,#776,#777,#778,#779,#780,#781,
#782,#783),.UNSPECIFIED.,.F.,.F.) B_SPLINE_CURVE_WITH_KNOTS((13,11,11,11
    ,11,11,11,11,11,11,11,11,11,11,11,11,11,13),(3.037990412E-08,
    1.77319673517E-03,3.546363090435E-03,7.092695800967E-03,
    1.418536122203E-02,2.837069206415E-02,5.67413537484E-02,
    0.113482677117,0.226965323854,0.464399001966,0.943072027705,
    1.716268292627,2.530795034297,2.938058405133,3.14169009055,
3.192598011905,3.243505933259,3.345321775968),.UNSPECIFIED.) CURVE() 
GEOMETRIC_REPRESENTATION_ITEM() RATIONAL_B_SPLINE_CURVE((1.,1.,1.,1.,
    0.999999999999,1.000000000001,0.999999999999,1.000000000001,1.,1.,1.
    ,1.,1.,1.,1.,1.,1.,1.,1.,1.,1.,1.,1.,1.,1.,1.,1.,1.,1.,1.,1.,1.,1.,
    1.,1.,1.,0.999999999999,1.000000000002,0.999999999997,1.000000000003
    ,0.999999999997,1.000000000002,0.999999999999,1.,1.,1.,1.,
    0.999999999999,1.000000000001,0.999999999998,1.000000000002,
    0.999999999999,1.000000000001,1.,1.,1.,1.,1.,1.,1.,0.999999999999,
    1.000000000001,0.999999999999,1.000000000001,1.,1.,1.,1.,1.,
    1.000000000001,0.999999999998,1.000000000002,0.999999999997,
    1.000000000002,0.999999999998,1.000000000001,1.,1.,1.,1.,
    0.999999999999,1.000000000001,0.999999999999,1.000000000002,
    0.999999999999,1.000000000001,1.,1.,1.,1.,0.999999999999,
    1.000000000001,0.999999999998,1.000000000003,0.999999999997,
    1.000000000003,0.999999999998,1.000000000001,1.,1.,1.,1.,
    0.999999999999,1.000000000001,0.999999999998,1.000000000002,
    0.999999999999,1.000000000001,1.,1.,1.,1.,1.000000000001,
    0.999999999998,1.000000000003,0.999999999995,1.000000000006,
    0.999999999995,1.000000000003,0.999999999998,1.000000000001,1.,1.,
    1.000000000001,0.999999999998,1.000000000003,0.999999999995,
    1.000000000006,0.999999999995,1.000000000004,0.999999999998,
    1.000000000001,1.,1.,1.,1.000000000001,0.999999999998,1.000000000003
    ,0.999999999997,1.000000000002,0.999999999999,1.000000000001,1.,1.,
    1.,1.,1.,0.999999999999,1.000000000001,0.999999999998,1.000000000002
    ,0.999999999999,1.000000000001,1.,1.,1.,1.,0.999999999999,
    1.000000000002,0.999999999998,1.000000000002,0.999999999998,
    1.000000000001,0.999999999999,1.,1.,1.,0.999999999999,1.000000000002
    ,0.999999999997,1.000000000004,0.999999999995,1.000000000004,
    0.999999999997,1.000000000001,1.,1.,1.,1.,1.000000000001,
    0.999999999999,1.000000000001,0.999999999998,1.000000000001,
0.999999999999,1.,1.,1.,1.)) REPRESENTATION_ITEM('') );
#595 = CARTESIAN_POINT('',(-12.23206614331,4.609042037999,
    14.210526305015));
#596 = CARTESIAN_POINT('',(-12.23219864006,4.609060905981,
    14.210412255126));
#597 = CARTESIAN_POINT('',(-12.23214893589,4.609822324368,
    14.210455037689));
#598 = CARTESIAN_POINT('',(-12.23277119715,4.607845043535,
    14.209919407619));
#599 = CARTESIAN_POINT('',(-12.23176995076,4.612484675819,
    14.210781250896));
#600 = CARTESIAN_POINT('',(-12.23357818841,4.605673768384,14.20922475884
    ));
#601 = CARTESIAN_POINT('',(-12.23177293287,4.613590317022,
    14.210778670035));
#602 = CARTESIAN_POINT('',(-12.23346918932,4.607235841911,
    14.209318565497));
#603 = CARTESIAN_POINT('',(-12.23261570344,4.611273315478,
    14.210053214017));
#604 = CARTESIAN_POINT('',(-12.23313079467,4.609732923961,
    14.209609823938));
#605 = CARTESIAN_POINT('',(-12.23312805335,4.610303068347,
    14.209612169658));
#606 = CARTESIAN_POINT('',(-12.23325050244,4.610362993168,
    14.209506753038));
#607 = CARTESIAN_POINT('',(-12.23346588077,4.610603189143,
    14.209321326651));
#608 = CARTESIAN_POINT('',(-12.23357357345,4.610723289278,
    14.209228608887));
#609 = CARTESIAN_POINT('',(-12.23368126963,4.610843391559,
    14.209135886558));
#610 = CARTESIAN_POINT('',(-12.23378896932,4.610963495987,
    14.209043159651));
#611 = CARTESIAN_POINT('',(-12.23389667251,4.611083602555,
    14.208950428187));
#612 = CARTESIAN_POINT('',(-12.23400437921,4.611203711271,
    14.208857692135));
#613 = CARTESIAN_POINT('',(-12.23411208942,4.611323822122,14.20876495153
    ));
#614 = CARTESIAN_POINT('',(-12.23421980314,4.611443935118,
    14.208672206337));
#615 = CARTESIAN_POINT('',(-12.23432752036,4.611564050248,
    14.208579456583));
#616 = CARTESIAN_POINT('',(-12.2344352411,4.611684167518,14.208486702251
    ));
#617 = CARTESIAN_POINT('',(-12.23454296534,4.611804286923,
    14.208393943347));
#618 = CARTESIAN_POINT('',(-12.2348661486,4.612164651542,14.208115652914
    ));
#619 = CARTESIAN_POINT('',(-12.23508161814,4.612404903161,
    14.207930107664));
#620 = CARTESIAN_POINT('',(-12.23529710173,4.612645163308,
    14.207744544116));
#621 = CARTESIAN_POINT('',(-12.23551259936,4.612885431974,
    14.207558962264));
#622 = CARTESIAN_POINT('',(-12.23572811103,4.613125709147,
    14.207373362108));
#623 = CARTESIAN_POINT('',(-12.23594363675,4.613365994821,
    14.207187743637));
#624 = CARTESIAN_POINT('',(-12.23615917652,4.613606288979,
    14.207002106858));
#625 = CARTESIAN_POINT('',(-12.23637473035,4.613846591619,
    14.206816451755));
#626 = CARTESIAN_POINT('',(-12.23659029823,4.614086902722,
    14.206630778335));
#627 = CARTESIAN_POINT('',(-12.23680588017,4.614327222285,
    14.206445086586));
#628 = CARTESIAN_POINT('',(-12.23702147617,4.614567550293,
    14.206259376508));
#629 = CARTESIAN_POINT('',(-12.23766830637,4.615288559629,
    14.205702191273));
#630 = CARTESIAN_POINT('',(-12.23809958276,4.615769266266,
    14.205330661114));
#631 = CARTESIAN_POINT('',(-12.23853091542,4.616250006567,
    14.204959057592));
#632 = CARTESIAN_POINT('',(-12.23896230439,4.616730780452,
    14.204587380665));
#633 = CARTESIAN_POINT('',(-12.23939374967,4.617211587834,
    14.204215630322));
#634 = CARTESIAN_POINT('',(-12.2398252513,4.617692428639,14.203843806501
    ));
#635 = CARTESIAN_POINT('',(-12.24025680928,4.618173302773,
    14.203471909208));
#636 = CARTESIAN_POINT('',(-12.24068842366,4.618654210166,
    14.203099938374));
#637 = CARTESIAN_POINT('',(-12.24112009443,4.619135150727,14.202727894)
  );
#638 = CARTESIAN_POINT('',(-12.24155182163,4.619616124379,
    14.202355776032));
#639 = CARTESIAN_POINT('',(-12.24198360528,4.620097131037,14.20198358445
    ));
#640 = CARTESIAN_POINT('',(-12.24327912563,4.621540249786,
    14.200866788757));
#641 = CARTESIAN_POINT('',(-12.24414303174,4.622502460653,
    14.200121963704));
#642 = CARTESIAN_POINT('',(-12.24500716389,4.623464802563,
    14.199376843804));
#643 = CARTESIAN_POINT('',(-12.24587152225,4.624427274851,
    14.198631428811));
#644 = CARTESIAN_POINT('',(-12.246736107,4.625389876863,14.197885718459)
  );
#645 = CARTESIAN_POINT('',(-12.2476009183,4.62635260793,14.197139712512)
  );
#646 = CARTESIAN_POINT('',(-12.24846595633,4.627315467402,
    14.196393410695));
#647 = CARTESIAN_POINT('',(-12.24933122126,4.628278454607,
    14.195646812776));
#648 = CARTESIAN_POINT('',(-12.25019671327,4.629241568894,
    14.194899918485));
#649 = CARTESIAN_POINT('',(-12.25106243251,4.630204809596,14.19415272758
    ));
#650 = CARTESIAN_POINT('',(-12.25192837916,4.631168176056,
    14.193405239801));
#651 = CARTESIAN_POINT('',(-12.25452690188,4.634058650725,14.19116188509
    ));
#652 = CARTESIAN_POINT('',(-12.25626016066,4.635986134264,
    14.189665126819));
#653 = CARTESIAN_POINT('',(-12.25799433115,4.637914112893,
    14.188167178015));
#654 = CARTESIAN_POINT('',(-12.25972941475,4.639842581282,
    14.186668036606));
#655 = CARTESIAN_POINT('',(-12.26146541285,4.641771534093,
    14.185167700526));
#656 = CARTESIAN_POINT('',(-12.26320232685,4.643700965995,
    14.183666167702));
#657 = CARTESIAN_POINT('',(-12.26494015814,4.645630871652,
    14.182163436067));
#658 = CARTESIAN_POINT('',(-12.26667890813,4.647561245732,
    14.180659503549));
#659 = CARTESIAN_POINT('',(-12.26841857821,4.649492082899,
    14.179154368079));
#660 = CARTESIAN_POINT('',(-12.27015916977,4.65142337782,14.177648027588
    ));
#661 = CARTESIAN_POINT('',(-12.27190068422,4.653355125161,
    14.176140480006));
#662 = CARTESIAN_POINT('',(-12.27712800043,4.659151708442,
    14.171614209776));
#663 = CARTESIAN_POINT('',(-12.28061657453,4.663017886234,
    14.168591860349));
#664 = CARTESIAN_POINT('',(-12.28410885698,4.666885809546,
    14.165564657649));
#665 = CARTESIAN_POINT('',(-12.28760485947,4.670755434958,
    14.162532584347));
#666 = CARTESIAN_POINT('',(-12.29110459375,4.674626719054,14.15949562311
    ));
#667 = CARTESIAN_POINT('',(-12.2946080715,4.67849961841,14.156453756607)
  );
#668 = CARTESIAN_POINT('',(-12.29811530445,4.682374089613,
    14.153406967508));
#669 = CARTESIAN_POINT('',(-12.30162630431,4.68625008924,14.15035523848)
  );
#670 = CARTESIAN_POINT('',(-12.30514108279,4.690127573875,
    14.147298552194));
#671 = CARTESIAN_POINT('',(-12.3086596516,4.694006500096,14.144236891316
    ));
#672 = CARTESIAN_POINT('',(-12.31218202246,4.697886824488,
    14.141170238518));
#673 = CARTESIAN_POINT('',(-12.32276057633,4.709531861913,
    14.131955252363));
#674 = CARTESIAN_POINT('',(-12.32982819423,4.717300649344,
    14.125791901701));
#675 = CARTESIAN_POINT('',(-12.33691116356,4.725074506954,
    14.119608372474));
#676 = CARTESIAN_POINT('',(-12.34400958711,4.732853075777,
    14.113404512677));
#677 = CARTESIAN_POINT('',(-12.35112356764,4.740635996846,
    14.107180170302));
#678 = CARTESIAN_POINT('',(-12.35825320794,4.748422911193,
    14.100935193347));
#679 = CARTESIAN_POINT('',(-12.36539861076,4.756213459852,
    14.094669429801));
#680 = CARTESIAN_POINT('',(-12.3725598789,4.764007283855,14.088382727663
    ));
#681 = CARTESIAN_POINT('',(-12.37973711512,4.771804024236,
    14.082074934924));
#682 = CARTESIAN_POINT('',(-12.38693042219,4.779603322026,14.07574589958
    ));
#683 = CARTESIAN_POINT('',(-12.39413990291,4.78740481826,14.069395469625
    ));
#684 = CARTESIAN_POINT('',(-12.41648372557,4.811534656323,
    14.049691746939));
#685 = CARTESIAN_POINT('',(-12.43167320156,4.827869578269,
    14.036265644763));
#686 = CARTESIAN_POINT('',(-12.4469349871,4.844209302059,14.022743715961
    ));
#687 = CARTESIAN_POINT('',(-12.46226998128,4.860550209949,14.00912448997
    ));
#688 = CARTESIAN_POINT('',(-12.4776790832,4.87688868419,13.995406496229)
  );
#689 = CARTESIAN_POINT('',(-12.49316319196,4.893221107038,
    13.981588264173));
#690 = CARTESIAN_POINT('',(-12.50872320664,4.909543860743,
    13.967668323241));
#691 = CARTESIAN_POINT('',(-12.52436002634,4.925853327563,
    13.953645202868));
#692 = CARTESIAN_POINT('',(-12.54007455016,4.942145889748,
    13.939517432493));
#693 = CARTESIAN_POINT('',(-12.5558676772,4.958417929553,13.925283541553
    ));
#694 = CARTESIAN_POINT('',(-12.57174030653,4.974665829231,
    13.910942059485));
#695 = CARTESIAN_POINT('',(-12.61985509947,5.023586236717,
    13.867358809872));
#696 = CARTESIAN_POINT('',(-12.6523421198,5.056171566625,13.837783933474
    ));
#697 = CARTESIAN_POINT('',(-12.6851615268,5.088610249552,13.807754052308
    ));
#698 = CARTESIAN_POINT('',(-12.71831882427,5.120869005922,
    13.777257652454));
#699 = CARTESIAN_POINT('',(-12.75181789125,5.152912987792,
    13.746284540287));
#700 = CARTESIAN_POINT('',(-12.78566098208,5.184705778851,
    13.714825842494));
#701 = CARTESIAN_POINT('',(-12.81984872633,5.216209394423,
    13.682874006052));
#702 = CARTESIAN_POINT('',(-12.85438012885,5.247384281463,
    13.650422798254));
#703 = CARTESIAN_POINT('',(-12.88925256975,5.278189318562,
    13.617467306681));
#704 = CARTESIAN_POINT('',(-12.9244618044,5.30858181594,13.584003939225)
  );
#705 = CARTESIAN_POINT('',(-12.96000196343,5.338517515452,
    13.550030424078));
#706 = CARTESIAN_POINT('',(-13.05379568837,5.415493574076,
    13.459843120057));
#707 = CARTESIAN_POINT('',(-13.11265074713,5.461636539282,
    13.402718353833));
#708 = CARTESIAN_POINT('',(-13.1718099701,5.506784422591,13.344812800817
    ));
#709 = CARTESIAN_POINT('',(-13.23298215092,5.548998967174,
    13.284227395294));
#710 = CARTESIAN_POINT('',(-13.29328418252,5.590648959934,
    13.224033776557));
#711 = CARTESIAN_POINT('',(-13.35447057606,5.630070176905,
    13.162339134976));
#712 = CARTESIAN_POINT('',(-13.41775242648,5.665680160588,
    13.097758922378));
#713 = CARTESIAN_POINT('',(-13.47995654416,5.699634360811,
    13.033637103032));
#714 = CARTESIAN_POINT('',(-13.54062614244,5.732428903497,
    12.970560098744));
#715 = CARTESIAN_POINT('',(-13.60640784785,5.759004539174,
    12.901410009133));
#716 = CARTESIAN_POINT('',(-13.67406016381,5.781039395419,
    12.829167137553));
#717 = CARTESIAN_POINT('',(-13.7725232604,5.839252454756,12.723427104201
    ));
#718 = CARTESIAN_POINT('',(-13.8226422134,5.867833402062,12.669134995822
    ));
#719 = CARTESIAN_POINT('',(-13.87235695273,5.895089437,12.614812831574)
  );
#720 = CARTESIAN_POINT('',(-13.92165800578,5.920974333913,
    12.560476208411));
#721 = CARTESIAN_POINT('',(-13.97053638483,5.945437215177,
    12.506140669221));
#722 = CARTESIAN_POINT('',(-14.01898348694,5.96842247539,12.451821812932
    ));
#723 = CARTESIAN_POINT('',(-14.06699099375,5.989869705548,
    12.397535404639));
#724 = CARTESIAN_POINT('',(-14.11455077132,6.009713617234,
    12.343297485715));
#725 = CARTESIAN_POINT('',(-14.16165476997,6.02788396679,12.289124483921
    ));
#726 = CARTESIAN_POINT('',(-14.20829492412,6.04430547951,12.235033323534
    ));
#727 = CARTESIAN_POINT('',(-14.2544630521,6.058897773815,12.181041535452
    ));
#728 = CARTESIAN_POINT('',(-14.32299460799,6.077914041246,
    12.100230283246));
#729 = CARTESIAN_POINT('',(-14.34571832805,6.083773961077,
    12.073322647978));
#730 = CARTESIAN_POINT('',(-14.36832089397,6.089144475555,
    12.046446709243));
#731 = CARTESIAN_POINT('',(-14.39080125822,6.094014653598,
    12.019604780323));
#732 = CARTESIAN_POINT('',(-14.41315834802,6.098373202422,
    11.992799240059));
#733 = CARTESIAN_POINT('',(-14.43539106533,6.102208467526,
    11.966032532843));
#734 = CARTESIAN_POINT('',(-14.45749828686,6.105508432713,
    11.939307168628));
#735 = CARTESIAN_POINT('',(-14.47947886404,6.108260720066,
    11.912625722914));
#736 = CARTESIAN_POINT('',(-14.50133162305,6.110452589974,
    11.885990836764));
#737 = CARTESIAN_POINT('',(-14.52305536481,6.112070941106,
    11.859405216789));
#738 = CARTESIAN_POINT('',(-14.54464886497,6.113102310433,11.83287163516
    ));
#739 = CARTESIAN_POINT('',(-14.57684187842,6.113748154603,
    11.793153576819));
#740 = CARTESIAN_POINT('',(-14.58754000267,6.113813190045,
    11.779927954168));
#741 = CARTESIAN_POINT('',(-14.59820508953,6.113726255608,
    11.766716418123));
#742 = CARTESIAN_POINT('',(-14.60883697849,6.113485593082,
    11.753519331942));
#743 = CARTESIAN_POINT('',(-14.61943550573,6.113089409957,
    11.740337065656));
#744 = CARTESIAN_POINT('',(-14.63000050409,6.112535879456,11.72716999608
    ));
#745 = CARTESIAN_POINT('',(-14.64053180307,6.111823140487,
    11.714018506797));
#746 = CARTESIAN_POINT('',(-14.65102922886,6.110949297701,11.70088298818
    ));
#747 = CARTESIAN_POINT('',(-14.66149260431,6.109912421436,
    11.687763837367));
#748 = CARTESIAN_POINT('',(-14.67192174895,6.108710547762,
    11.674661458284));
#749 = CARTESIAN_POINT('',(-14.68231647896,6.10734167845,11.661576261627
    ));
#750 = CARTESIAN_POINT('',(-14.69526663928,6.105419306624,
    11.645241765687));
#751 = CARTESIAN_POINT('',(-14.69785450876,6.105024268405,11.64197596639
    ));
#752 = CARTESIAN_POINT('',(-14.70044021256,6.104618632786,
    11.638711273799));
#753 = CARTESIAN_POINT('',(-14.70302374756,6.104202366222,
    11.635447694725));
#754 = CARTESIAN_POINT('',(-14.70560511066,6.103775435165,
    11.632185235981));
#755 = CARTESIAN_POINT('',(-14.70818429875,6.10333780607,11.628923904381
    ));
#756 = CARTESIAN_POINT('',(-14.71076130872,6.102889445391,
    11.625663706737));
#757 = CARTESIAN_POINT('',(-14.71333613748,6.102430319581,
    11.622404649862));
#758 = CARTESIAN_POINT('',(-14.7159087819,6.101960395095,11.619146740568
    ));
#759 = CARTESIAN_POINT('',(-14.71847923889,6.101479638386,11.61588998567
    ));
#760 = CARTESIAN_POINT('',(-14.72104750533,6.100988015907,
    11.612634391979));
#761 = CARTESIAN_POINT('',(-14.72617965091,6.099982972321,
    11.606125540637));
#762 = CARTESIAN_POINT('',(-14.72874353748,6.099469626639,
    11.602872273644));
#763 = CARTESIAN_POINT('',(-14.73130518784,6.098944947806,11.59962023167
    ));
#764 = CARTESIAN_POINT('',(-14.73386462039,6.098409120856,
    11.596369394373));
#765 = CARTESIAN_POINT('',(-14.73642184802,6.097862274825,
    11.593119748379));
#766 = CARTESIAN_POINT('',(-14.73897686736,6.0973043736,11.58987130092)
  );
#767 = CARTESIAN_POINT('',(-14.74152967172,6.096735347188,
    11.586624063443));
#768 = CARTESIAN_POINT('',(-14.74408026224,6.096155205155,
    11.583378037468));
#769 = CARTESIAN_POINT('',(-14.7466286459,6.095564016447,11.580133217101
    ));
#770 = CARTESIAN_POINT('',(-14.74917482304,6.094961782296,
    11.576889604914));
#771 = CARTESIAN_POINT('',(-14.75171878093,6.094348371366,11.57364722004
    ));
#772 = CARTESIAN_POINT('',(-14.75934401071,6.092474743601,
    11.563923738751));
#773 = CARTESIAN_POINT('',(-14.76441864603,6.091181204578,
    11.557446306252));
#774 = CARTESIAN_POINT('',(-14.76948438349,6.089842723461,
    11.550973845622));
#775 = CARTESIAN_POINT('',(-14.77454118461,6.088458894559,11.54450643013
    ));
#776 = CARTESIAN_POINT('',(-14.77958901705,6.087029374368,
    11.538044125389));
#777 = CARTESIAN_POINT('',(-14.78462785257,6.08555386122,11.531586991964
    ));
#778 = CARTESIAN_POINT('',(-14.78965766506,6.084032074908,
    11.525135087939));
#779 = CARTESIAN_POINT('',(-14.79467842846,6.082463736338,
    11.518688471537));
#780 = CARTESIAN_POINT('',(-14.79969011479,6.080848547157,
    11.512247203685));
#781 = CARTESIAN_POINT('',(-14.80469269212,6.079186169402,
    11.505811350625));
#782 = CARTESIAN_POINT('',(-14.80968612253,6.077476205127,
    11.499380986496));
#783 = CARTESIAN_POINT('',(-14.8146703601,6.075718176052,11.492956195925
    ));
#784 = ORIENTED_EDGE('',*,*,#785,.T.);
#785 = EDGE_CURVE('',#592,#786,#788,.T.);
#786 = VERTEX_POINT('',#787);
#787 = CARTESIAN_POINT('',(-12.2320661308,0.5,14.210526315789));
#788 = LINE('',#789,#790);
#789 = CARTESIAN_POINT('',(-12.2320661308,4.95050560186,14.210526315789)
  );
#790 = VECTOR('',#791,1.);
#791 = DIRECTION('',(-0.,-1.,-0.));
#792 = ORIENTED_EDGE('',*,*,#793,.T.);
#793 = EDGE_CURVE('',#786,#794,#796,.T.);
#794 = VERTEX_POINT('',#795);
#795 = CARTESIAN_POINT('',(12.2320661308,0.5,14.210526315789));
#796 = CIRCLE('',#797,18.75);
#797 = AXIS2_PLACEMENT_3D('',#798,#799,#800);
#798 = CARTESIAN_POINT('',(0.,0.5,0.));
#799 = DIRECTION('',(0.,1.,-0.));
#800 = DIRECTION('',(-0.652376860309,0.,0.757894736842));
#801 = ORIENTED_EDGE('',*,*,#802,.F.);
#802 = EDGE_CURVE('',#803,#794,#805,.T.);
#803 = VERTEX_POINT('',#804);
#804 = CARTESIAN_POINT('',(12.2320661308,4.609042032654,14.210526315789)
  );
#805 = LINE('',#806,#807);
#806 = CARTESIAN_POINT('',(12.2320661308,4.95050560186,14.210526315789)
  );
#807 = VECTOR('',#808,1.);
#808 = DIRECTION('',(-0.,-1.,-0.));
#809 = ORIENTED_EDGE('',*,*,#810,.F.);
#810 = EDGE_CURVE('',#811,#803,#813,.T.);
#811 = VERTEX_POINT('',#812);
#812 = CARTESIAN_POINT('',(14.814728478329,6.075700121997,
    11.492881279879));
#813 = ( BOUNDED_CURVE() B_SPLINE_CURVE(12,(#814,#815,#816,#817,#818,
    #819,#820,#821,#822,#823,#824,#825,#826,#827,#828,#829,#830,#831,
    #832,#833,#834,#835,#836,#837,#838,#839,#840,#841,#842,#843,#844,
    #845,#846,#847,#848,#849,#850,#851,#852,#853,#854,#855,#856,#857,
    #858,#859,#860,#861,#862,#863,#864,#865,#866,#867,#868,#869,#870,
    #871,#872,#873,#874,#875,#876,#877,#878,#879,#880,#881,#882,#883,
    #884,#885,#886,#887,#888,#889,#890,#891,#892,#893,#894,#895,#896,
    #897,#898,#899,#900,#901,#902,#903,#904,#905,#906,#907,#908,#909,
    #910,#911,#912,#913,#914,#915,#916,#917,#918,#919,#920,#921,#922,
    #923,#924,#925,#926,#927,#928,#929,#930,#931,#932,#933,#934,#935,
    #936,#937,#938,#939,#940,#941,#942,#943,#944,#945,#946,#947,#948,
    #949,#950,#951,#952,#953,#954,#955,#956,#957,#958,#959,#960,#961,
    #962,#963,#964,#965,#966,#967,#968,#969,#970,#971,#972,#973,#974,
    #975,#976,#977,#978,#979,#980,#981,#982,#983,#984,#985,#986,#987,
    #988,#989,#990,#991,#992,#993,#994,#995,#996,#997,#998,#999,#1000,
#1001,#1002),.UNSPECIFIED.,.F.,.F.) B_SPLINE_CURVE_WITH_KNOTS((13,11,11,
    11,11,11,11,11,11,11,11,11,11,11,11,11,11,13),(3.505340269079,
    3.607152865484,3.658059163686,3.708965461888,3.912590654697,
    4.319841040316,5.134341811552,5.907533663424,6.386205884478,
    6.623638679601,6.737120271899,6.793861068049,6.822231466123,
    6.83641666516,6.843509264679,6.847055564438,6.848828714318,
6.850601864198),.UNSPECIFIED.) CURVE() GEOMETRIC_REPRESENTATION_ITEM() 
RATIONAL_B_SPLINE_CURVE((1.,1.,1.,1.,0.999999999999,1.000000000001,
    0.999999999998,1.000000000001,0.999999999999,1.,1.,1.,1.,1.,1.,
    0.999999999999,1.000000000001,1.,1.,1.,1.,1.,1.,1.,1.,0.999999999999
    ,1.000000000002,0.999999999997,1.000000000003,0.999999999997,
    1.000000000002,0.999999999999,1.,1.,1.,0.999999999999,1.000000000001
    ,0.999999999998,1.000000000003,0.999999999996,1.000000000003,
    0.999999999998,1.000000000001,1.,1.,1.,1.,1.,1.000000000001,
    0.999999999999,1.000000000001,1.,1.,1.,1.,1.,1.,0.999999999999,
    1.000000000001,0.999999999998,1.000000000003,0.999999999997,
    1.000000000003,0.999999999998,1.000000000001,1.,1.,1.,1.,
    1.000000000001,0.999999999998,1.000000000004,0.999999999996,
    1.000000000003,0.999999999998,1.000000000001,1.,1.,1.,1.,
    0.999999999999,1.000000000002,0.999999999996,1.000000000004,
    0.999999999996,1.000000000002,0.999999999999,1.,1.,1.,1.000000000001
    ,0.999999999998,1.000000000003,0.999999999995,1.000000000005,
    0.999999999996,1.000000000003,0.999999999999,1.000000000001,1.,1.,
    0.999999999999,1.000000000002,0.999999999995,1.000000000006,
    0.999999999993,1.000000000006,0.999999999996,1.000000000002,
    0.999999999999,1.,1.,1.,1.,1.,1.,0.999999999999,1.000000000001,
    0.999999999999,1.,1.,1.,1.,1.,0.999999999999,1.000000000001,
    0.999999999998,1.000000000002,0.999999999998,1.000000000001,
    0.999999999999,1.,1.,1.,1.,0.999999999999,1.000000000001,
    0.999999999998,1.000000000002,0.999999999998,1.000000000001,
    0.999999999999,1.,1.,1.,0.999999999999,1.000000000002,0.999999999997
    ,1.000000000004,0.999999999996,1.000000000003,0.999999999998,
    1.000000000001,1.,1.,1.,0.999999999999,1.000000000002,0.999999999997
    ,1.000000000004,0.999999999996,1.000000000003,0.999999999998,
    1.000000000001,1.,1.,1.,1.,1.000000000001,0.999999999998,
    1.000000000004,0.999999999996,1.000000000003,0.999999999998,
    1.000000000001,1.,1.,1.,1.,1.000000000001,0.999999999998,
    1.000000000003,0.999999999997,1.000000000002,0.999999999999,
1.000000000001,1.,1.,1.)) REPRESENTATION_ITEM('') );
#814 = CARTESIAN_POINT('',(14.814728478327,6.075700121997,
    11.492881279881));
#815 = CARTESIAN_POINT('',(14.809745796804,6.077457695592,
    11.499304131737));
#816 = CARTESIAN_POINT('',(14.804753942836,6.079167206437,
    11.505732534785));
#817 = CARTESIAN_POINT('',(14.799752962547,6.080829132899,
    11.512166404211));
#818 = CARTESIAN_POINT('',(14.794742894055,6.082443872984,
    11.518605665699));
#819 = CARTESIAN_POINT('',(14.789723769505,6.084011764724,
    11.525050252836));
#820 = CARTESIAN_POINT('',(14.784695617072,6.085533106514,
    11.531500104525));
#821 = CARTESIAN_POINT('',(14.779658463006,6.087008177515,
    11.537955162378));
#822 = CARTESIAN_POINT('',(14.774612333625,6.088437257975,
    11.544415368143));
#823 = CARTESIAN_POINT('',(14.769557257364,6.089820649637,
    11.550880661086));
#824 = CARTESIAN_POINT('',(14.76449326677,6.091158696072,11.55735097542)
  );
#825 = CARTESIAN_POINT('',(14.759420400543,6.092451803065,
    11.563826237699));
#826 = CARTESIAN_POINT('',(14.751797858045,6.094324786923,
    11.573546427492));
#827 = CARTESIAN_POINT('',(14.749254801543,6.094937983983,
    11.576787709163));
#828 = CARTESIAN_POINT('',(14.746709531394,6.095540004792,
    11.580030212128));
#829 = CARTESIAN_POINT('',(14.744162060395,6.096130981019,
    11.583273917185));
#830 = CARTESIAN_POINT('',(14.741612388247,6.096710911488,
    11.586518821732));
#831 = CARTESIAN_POINT('',(14.739060507968,6.097279727098,
    11.589764931683));
#832 = CARTESIAN_POINT('',(14.736506418421,6.097837418193,
    11.593012245498));
#833 = CARTESIAN_POINT('',(14.733950126353,6.098384054932,
    11.596260751703));
#834 = CARTESIAN_POINT('',(14.731391635174,6.0989196737,11.599510442998)
  );
#835 = CARTESIAN_POINT('',(14.72883093202,6.099444145522,11.602761332752
    ));
#836 = CARTESIAN_POINT('',(14.726267998464,6.099957284949,
    11.606013441355));
#837 = CARTESIAN_POINT('',(14.721137770529,6.100961916586,
    11.612519963583));
#838 = CARTESIAN_POINT('',(14.718570468767,6.101453333885,
    11.615774386491));
#839 = CARTESIAN_POINT('',(14.716000982344,6.101933886231,11.61902996436
    ));
#840 = CARTESIAN_POINT('',(14.713429314395,6.102403607195,
    11.622286690355));
#841 = CARTESIAN_POINT('',(14.710855468052,6.102862530337,
    11.625544557641));
#842 = CARTESIAN_POINT('',(14.70827944645,6.103310689235,11.628803559384
    ));
#843 = CARTESIAN_POINT('',(14.705701252721,6.103748117444,11.63206368875
    ));
#844 = CARTESIAN_POINT('',(14.703120890002,6.104174848544,
    11.635324938904));
#845 = CARTESIAN_POINT('',(14.700538361423,6.104590916093,
    11.638587303012));
#846 = CARTESIAN_POINT('',(14.69795367012,6.104996353664,11.64185077424)
  );
#847 = CARTESIAN_POINT('',(14.695366819227,6.105391194821,
    11.645115345753));
#848 = CARTESIAN_POINT('',(14.682421782474,6.107312586383,
    11.661443670574));
#849 = CARTESIAN_POINT('',(14.672031249278,6.10868068768,11.674523827288
    ));
#850 = CARTESIAN_POINT('',(14.661606401105,6.109881810611,
    11.687621062061));
#851 = CARTESIAN_POINT('',(14.651147423447,6.11091795453,11.70073496288)
  );
#852 = CARTESIAN_POINT('',(14.640654498454,6.111791084548,
    11.713865124547));
#853 = CARTESIAN_POINT('',(14.630127804963,6.112503131549,
    11.727011148637));
#854 = CARTESIAN_POINT('',(14.61956751846,6.113055992167,11.740172643549
    ));
#855 = CARTESIAN_POINT('',(14.60897381112,6.113451528813,11.75334922445)
  );
#856 = CARTESIAN_POINT('',(14.598346851772,6.113691569649,
    11.766540513331));
#857 = CARTESIAN_POINT('',(14.587686805924,6.113777908609,
    11.779746138957));
#858 = CARTESIAN_POINT('',(14.57699383575,6.113712305386,11.792965736905
    ));
#859 = CARTESIAN_POINT('',(14.544816628782,6.11306484554,11.832665374817
    ));
#860 = CARTESIAN_POINT('',(14.523234124961,6.112032516104,
    11.859186214679));
#861 = CARTESIAN_POINT('',(14.501521851971,6.110413334932,
    11.885758621831));
#862 = CARTESIAN_POINT('',(14.479681047646,6.108220779118,
    11.912379815079));
#863 = CARTESIAN_POINT('',(14.457712924308,6.105467965031,
    11.939047079343));
#864 = CARTESIAN_POINT('',(14.435618668773,6.10216764835,11.96575776563)
  );
#865 = CARTESIAN_POINT('',(14.413399442342,6.098332224017,11.99250929108
    ));
#866 = CARTESIAN_POINT('',(14.391056380815,6.093973726286,
    12.019299138904));
#867 = CARTESIAN_POINT('',(14.368590594476,6.089103828679,
    12.046124858452));
#868 = CARTESIAN_POINT('',(14.346003168104,6.08373384402,12.072984065154
    ));
#869 = CARTESIAN_POINT('',(14.323295160967,6.077874724415,12.09987444056
    ));
#870 = CARTESIAN_POINT('',(14.254812498539,6.058861734948,
    12.180632315832));
#871 = CARTESIAN_POINT('',(14.208679303267,6.044272795353,
    12.234586392156));
#872 = CARTESIAN_POINT('',(14.162076510992,6.027855984649,
    12.288637675775));
#873 = CARTESIAN_POINT('',(14.115012386266,6.009691877171,
    12.342768612186));
#874 = CARTESIAN_POINT('',(14.067495068094,5.989855957481,
    12.396962267337));
#875 = CARTESIAN_POINT('',(14.019532669816,5.968418698426,
    12.451202217062));
#876 = CARTESIAN_POINT('',(13.971133378995,5.945445639207,
    12.505472436511));
#877 = CARTESIAN_POINT('',(13.92230555729,5.920997463429,12.559757189596
    ));
#878 = CARTESIAN_POINT('',(13.873057840354,5.895130077177,
    12.614040918413));
#879 = CARTESIAN_POINT('',(13.823399237702,5.867894687066,
    12.668308132687));
#880 = CARTESIAN_POINT('',(13.773339232607,5.839337878309,
    12.722543299203));
#881 = CARTESIAN_POINT('',(13.674995265294,5.781178704811,
    12.828169947028));
#882 = CARTESIAN_POINT('',(13.602525063406,5.761121861053,
    12.905605424971));
#883 = CARTESIAN_POINT('',(13.538071491661,5.733215646298,
    12.973131772028));
#884 = CARTESIAN_POINT('',(13.483977597079,5.697269519085,
    13.029361780073));
#885 = CARTESIAN_POINT('',(13.415491497109,5.66758099323,13.100238811594
    ));
#886 = CARTESIAN_POINT('',(13.353543491592,5.630267253809,
    13.163278225602));
#887 = CARTESIAN_POINT('',(13.295801583295,5.588835991784,
    13.221322733642));
#888 = CARTESIAN_POINT('',(13.230930670829,5.550794845233,
    13.286471604949));
#889 = CARTESIAN_POINT('',(13.172714892492,5.505914449461,
    13.343814685817));
#890 = CARTESIAN_POINT('',(13.112477122725,5.461828000285,
    13.402912452384));
#891 = CARTESIAN_POINT('',(13.053801002619,5.415494024641,
    13.459837986732));
#892 = CARTESIAN_POINT('',(12.960003123738,5.338517058316,
    13.550029322881));
#893 = CARTESIAN_POINT('',(12.924461438097,5.308580990373,
    13.584004294729));
#894 = CARTESIAN_POINT('',(12.889250935831,5.278188206541,
    13.617468856127));
#895 = CARTESIAN_POINT('',(12.85437755869,5.247382985294,13.650425218873
    ));
#896 = CARTESIAN_POINT('',(12.81984558801,5.216208026928,13.682876946996
    ));
#897 = CARTESIAN_POINT('',(12.785657644674,5.184704453564,
    13.714828956766));
#898 = CARTESIAN_POINT('',(12.751814689172,5.152911809146,
    13.746287516679));
#899 = CARTESIAN_POINT('',(12.71831602153,5.120868059445,13.777260247475
    ));
#900 = CARTESIAN_POINT('',(12.685159281376,5.088609592053,
    13.807756122121));
#901 = CARTESIAN_POINT('',(12.652340447891,5.056171216389,
    13.837785465824));
#902 = CARTESIAN_POINT('',(12.619853839838,5.023586163694,
    13.867359956022));
#903 = CARTESIAN_POINT('',(12.571739136123,4.974666072042,
    13.910943117116));
#904 = CARTESIAN_POINT('',(12.55586652399,4.958418277017,13.92528458093)
  );
#905 = CARTESIAN_POINT('',(12.540073384431,4.94214632047,13.939518480402
    ));
#906 = CARTESIAN_POINT('',(12.524358822716,4.92585382091,13.953646282105
    ));
#907 = CARTESIAN_POINT('',(12.508721944136,4.909544396851,
    13.967669452599));
#908 = CARTESIAN_POINT('',(12.493161853948,4.8932216668,13.98158945847)
  );
#909 = CARTESIAN_POINT('',(12.477677657455,4.876889249272,
    13.995407766266));
#910 = CARTESIAN_POINT('',(12.462268459911,4.860550762772,
    14.009125842579));
#911 = CARTESIAN_POINT('',(12.446933366611,4.844209825816,14.02274515396
    ));
#912 = CARTESIAN_POINT('',(12.431671482822,4.827870056912,14.03626716699
    ));
#913 = CARTESIAN_POINT('',(12.416481913826,4.811535074571,
    14.049693348232));
#914 = CARTESIAN_POINT('',(12.39413800819,4.787405169276,14.069397138739
    ));
#915 = CARTESIAN_POINT('',(12.38692853036,4.779603677203,14.075747564409
    ));
#916 = CARTESIAN_POINT('',(12.379735229204,4.771804380182,
    14.082076592796));
#917 = CARTESIAN_POINT('',(12.372558002513,4.764007637306,
    14.088384375421));
#918 = CARTESIAN_POINT('',(12.365396748083,4.756213807673,
    14.094671063818));
#919 = CARTESIAN_POINT('',(12.358251363704,4.748423250377,
    14.100936809496));
#920 = CARTESIAN_POINT('',(12.351121747172,4.740636324513,14.107181764)
  );
#921 = CARTESIAN_POINT('',(12.344007796276,4.732853389177,
    14.113406078836));
#922 = CARTESIAN_POINT('',(12.336909408814,4.725074803465,
    14.119609905543));
#923 = CARTESIAN_POINT('',(12.329826482575,4.717300926471,
    14.125793395636));
#924 = CARTESIAN_POINT('',(12.322758915354,4.709532117292,
    14.131956700646));
#925 = CARTESIAN_POINT('',(12.312180449738,4.697887043887,14.14117160782
    ));
#926 = CARTESIAN_POINT('',(12.308658110452,4.694006707295,
    14.144238232436));
#927 = CARTESIAN_POINT('',(12.305139575602,4.690127768772,
    14.147299863082));
#928 = CARTESIAN_POINT('',(12.301624833698,4.686250271844,
    14.150356516898));
#929 = CARTESIAN_POINT('',(12.298113873264,4.682374260041,
    14.153408211018));
#930 = CARTESIAN_POINT('',(12.294606682801,4.678499776885,
    14.156454962587));
#931 = CARTESIAN_POINT('',(12.29110325084,4.674626865908,14.159496788736
    ));
#932 = CARTESIAN_POINT('',(12.287603565879,4.670755570632,
    14.162533706612));
#933 = CARTESIAN_POINT('',(12.284107616448,4.666885934588,
    14.165565733346));
#934 = CARTESIAN_POINT('',(12.28061539105,4.663018001299,14.168592886081
    ));
#935 = CARTESIAN_POINT('',(12.277126878207,4.659151814295,
    14.171615181953));
#936 = CARTESIAN_POINT('',(12.271899660542,4.653355218504,
    14.176141366176));
#937 = CARTESIAN_POINT('',(12.270158180081,4.651423467215,
    14.177648884115));
#938 = CARTESIAN_POINT('',(12.268417623631,4.649492168533,
    14.179155194004));
#939 = CARTESIAN_POINT('',(12.266677989778,4.647561327758,
    14.180660297931));
#940 = CARTESIAN_POINT('',(12.264939277103,4.645630950187,
    14.182164197978));
#941 = CARTESIAN_POINT('',(12.263201484197,4.643701041121,
    14.183666896238));
#942 = CARTESIAN_POINT('',(12.261464609635,4.641771605858,
    14.185168394789));
#943 = CARTESIAN_POINT('',(12.259728652012,4.639842649698,
    14.186668695726));
#944 = CARTESIAN_POINT('',(12.257993609904,4.637914177938,
    14.188167801126));
#945 = CARTESIAN_POINT('',(12.256259481901,4.635986195879,
    14.189665713083));
#946 = CARTESIAN_POINT('',(12.254526266585,4.634058708819,
    14.191162433679));
#947 = CARTESIAN_POINT('',(12.251927810518,4.631168228677,
    14.193405730663));
#948 = CARTESIAN_POINT('',(12.25106188631,4.630204860351,14.194153199006
    ));
#949 = CARTESIAN_POINT('',(12.25019618973,4.629241617729,14.194900370295
    ));
#950 = CARTESIAN_POINT('',(12.249330720598,4.628278501456,
    14.195647244793));
#951 = CARTESIAN_POINT('',(12.248465478724,4.627315512183,
    14.196393822768));
#952 = CARTESIAN_POINT('',(12.24760046393,4.626352650554,14.197140104481
    ));
#953 = CARTESIAN_POINT('',(12.246735676028,4.625389917221,
    14.197886090201));
#954 = CARTESIAN_POINT('',(12.245871114835,4.624427312827,
    14.198631780187));
#955 = CARTESIAN_POINT('',(12.245006780167,4.623464838023,
    14.199377174709));
#956 = CARTESIAN_POINT('',(12.24414267184,4.622502493456,14.200122274027
    ));
#957 = CARTESIAN_POINT('',(12.243278789669,4.621540279773,
    14.200867078409));
#958 = CARTESIAN_POINT('',(12.241983305372,4.620097156547,
    14.201983842972));
#959 = CARTESIAN_POINT('',(12.241551533765,4.619616148353,
    14.202356024159));
#960 = CARTESIAN_POINT('',(12.241119818624,4.619135173119,
    14.202728131713));
#961 = CARTESIAN_POINT('',(12.240688159934,4.618654230927,
    14.203100165665));
#962 = CARTESIAN_POINT('',(12.240256557653,4.618173321855,
    14.203472126053));
#963 = CARTESIAN_POINT('',(12.239825011783,4.617692445983,
    14.203844012906));
#964 = CARTESIAN_POINT('',(12.23939352227,4.617211603392,14.204215826261
    ));
#965 = CARTESIAN_POINT('',(12.23896208912,4.616730794159,14.20458756615)
  );
#966 = CARTESIAN_POINT('',(12.238530712285,4.616250018368,
    14.204959232608));
#967 = CARTESIAN_POINT('',(12.238099391756,4.615769276095,
    14.205330825667));
#968 = CARTESIAN_POINT('',(12.237668127502,4.615288567422,
    14.205702345363));
#969 = CARTESIAN_POINT('',(12.237021315501,4.61456755493,14.206259514909
    ));
#970 = CARTESIAN_POINT('',(12.236805725565,4.614327225853,
    14.206445219759));
#971 = CARTESIAN_POINT('',(12.236590149687,4.614086905205,14.20663090628
    ));
#972 = CARTESIAN_POINT('',(12.236374587869,4.613846592996,
    14.206816574477));
#973 = CARTESIAN_POINT('',(12.236159040101,4.613606289237,
    14.207002224354));
#974 = CARTESIAN_POINT('',(12.235943506389,4.613365993937,
    14.207187855916));
#975 = CARTESIAN_POINT('',(12.235727986719,4.613125707106,
    14.207373469166));
#976 = CARTESIAN_POINT('',(12.2355124811,4.612885428754,14.20755906411)
  );
#977 = CARTESIAN_POINT('',(12.235296989518,4.612645158891,14.20774464075
    ));
#978 = CARTESIAN_POINT('',(12.235081511978,4.612404897526,
    14.207930199092));
#979 = CARTESIAN_POINT('',(12.234866048472,4.612164644671,14.20811573914
    ));
#980 = CARTESIAN_POINT('',(12.234542874263,4.611804278165,
    14.208394021776));
#981 = CARTESIAN_POINT('',(12.234435153034,4.611684158126,
    14.208486778082));
#982 = CARTESIAN_POINT('',(12.234327435314,4.611564040217,
    14.208579529818));
#983 = CARTESIAN_POINT('',(12.234219721101,4.611443924441,
    14.208672276977));
#984 = CARTESIAN_POINT('',(12.234112010394,4.611323810798,
    14.208765019575));
#985 = CARTESIAN_POINT('',(12.234004303195,4.611203699289,14.20885775759
    ));
#986 = CARTESIAN_POINT('',(12.233896599502,4.611083589916,
    14.208950491048));
#987 = CARTESIAN_POINT('',(12.233788899314,4.610963482681,
    14.209043219926));
#988 = CARTESIAN_POINT('',(12.233681202632,4.610843377583,
    14.209135944242));
#989 = CARTESIAN_POINT('',(12.233573509455,4.610723274626,
    14.209228663987));
#990 = CARTESIAN_POINT('',(12.233465819783,4.610603173809,
    14.209321379165));
#991 = CARTESIAN_POINT('',(12.233250447447,4.610362976459,
    14.209506800387));
#992 = CARTESIAN_POINT('',(12.233128113135,4.610302593788,
    14.209612118203));
#993 = CARTESIAN_POINT('',(12.233130028298,4.609735839725,
    14.209610483624));
#994 = CARTESIAN_POINT('',(12.23261796725,4.611263849708,14.210051265381
    ));
#995 = CARTESIAN_POINT('',(12.233464409935,4.60725519482,14.209322679502
    ));
#996 = CARTESIAN_POINT('',(12.23177959735,4.613562872299,14.210772933392
    ));
#997 = CARTESIAN_POINT('',(12.233571411295,4.605701320549,
    14.209230592446));
#998 = CARTESIAN_POINT('',(12.231774710874,4.612465037933,14.21077715349
    ));
#999 = CARTESIAN_POINT('',(12.232768853529,4.607854486698,
    14.209921424969));
#1000 = CARTESIAN_POINT('',(12.232149565545,4.609819606438,
    14.210454495696));
#1001 = CARTESIAN_POINT('',(12.232198573229,4.609061054732,
    14.210412312654));
#1002 = CARTESIAN_POINT('',(12.2320661308,4.609042032654,14.210526315789
    ));
#1003 = ORIENTED_EDGE('',*,*,#1004,.F.);
#1004 = EDGE_CURVE('',#1005,#811,#1007,.T.);
#1005 = VERTEX_POINT('',#1006);
#1006 = CARTESIAN_POINT('',(14.825834523215,6.07166505885,
    11.478550896793));
#1007 = ( BOUNDED_CURVE() B_SPLINE_CURVE(3,(#1008,#1009,#1010,#1011),
.UNSPECIFIED.,.F.,.F.) B_SPLINE_CURVE_WITH_KNOTS((4,4),(3.486393433371,
3.505340269076),.PIECEWISE_BEZIER_KNOTS.) CURVE() 
GEOMETRIC_REPRESENTATION_ITEM() RATIONAL_B_SPLINE_CURVE((1.,1.,1.,1.)) 
REPRESENTATION_ITEM('') );
#1008 = CARTESIAN_POINT('',(14.825834523215,6.07166505885,
    11.478550896793));
#1009 = CARTESIAN_POINT('',(14.822139503899,6.07304678487,
    11.483323428223));
#1010 = CARTESIAN_POINT('',(14.818437490829,6.074391817944,
    11.488100232222));
#1011 = CARTESIAN_POINT('',(14.814728478329,6.075700121997,
    11.492881279879));
#1012 = ORIENTED_EDGE('',*,*,#1013,.F.);
#1013 = EDGE_CURVE('',#1014,#1005,#1016,.T.);
#1014 = VERTEX_POINT('',#1015);
#1015 = CARTESIAN_POINT('',(17.538277482376,4.671888410115,
    6.631098982767));
#1016 = ( BOUNDED_CURVE() B_SPLINE_CURVE(7,(#1017,#1018,#1019,#1020,
    #1021,#1022,#1023,#1024),.UNSPECIFIED.,.F.,.F.) 
B_SPLINE_CURVE_WITH_KNOTS((8,8),(-3.019173653822,3.486393433371),
.PIECEWISE_BEZIER_KNOTS.) CURVE() GEOMETRIC_REPRESENTATION_ITEM() 
RATIONAL_B_SPLINE_CURVE((1.,1.,1.,1.,1.,1.,1.,1.)) REPRESENTATION_ITEM(
  '') );
#1017 = CARTESIAN_POINT('',(17.623198308867,4.614186409203,
    6.401982612157));
#1018 = CARTESIAN_POINT('',(17.351881650693,4.800053857645,7.14885550469
    ));
#1019 = CARTESIAN_POINT('',(17.041991525458,5.001072959115,
    7.887356221539));
#1020 = CARTESIAN_POINT('',(16.690035157585,5.213562722942,
    8.620631509834));
#1021 = CARTESIAN_POINT('',(16.300303093515,5.431304468196,
    9.342136330122));
#1022 = CARTESIAN_POINT('',(15.856210778388,5.653269079218,
    10.06778092942));
#1023 = CARTESIAN_POINT('',(15.36957091173,5.868338729018,
    10.776254431597));
#1024 = CARTESIAN_POINT('',(14.825834523215,6.07166505885,
    11.478550896793));
#1025 = ORIENTED_EDGE('',*,*,#1026,.F.);
#1026 = EDGE_CURVE('',#1027,#1014,#1029,.T.);
#1027 = VERTEX_POINT('',#1028);
#1028 = CARTESIAN_POINT('',(17.538273721687,-0.819832675653,
    6.631097560976));
#1029 = LINE('',#1030,#1031);
#1030 = CARTESIAN_POINT('',(17.538273721687,-0.454088682563,
    6.631097560976));
#1031 = VECTOR('',#1032,1.);
#1032 = DIRECTION('',(0.,1.,0.));
#1033 = ORIENTED_EDGE('',*,*,#1034,.F.);
#1034 = EDGE_CURVE('',#24,#1027,#1035,.T.);
#1035 = B_SPLINE_CURVE_WITH_KNOTS('',7,(#1036,#1037,#1038,#1039,#1040,
    #1041,#1042,#1043,#1044,#1045,#1046,#1047,#1048,#1049),
  .UNSPECIFIED.,.F.,.F.,(8,6,8),(0.,0.725468172892,1.),.UNSPECIFIED.);
#1036 = CARTESIAN_POINT('',(18.75,-1.371585092988,-2.024E-14));
#1037 = CARTESIAN_POINT('',(18.75,-1.371585092988,0.96046017549));
#1038 = CARTESIAN_POINT('',(18.692600998683,-1.34149813823,
    1.919132052365));
#1039 = CARTESIAN_POINT('',(18.57818785663,-1.281528060574,
    2.874247163413));
#1040 = CARTESIAN_POINT('',(18.406670736528,-1.194109076311,3.8239489536
    ));
#1041 = CARTESIAN_POINT('',(18.177577008233,-1.083903100654,
    4.765862585713));
#1042 = CARTESIAN_POINT('',(17.890416161144,-0.957379169251,
    5.696913859869));
#1043 = CARTESIAN_POINT('',(17.414218449301,-0.77137370079,
    6.960235047645));
#1044 = CARTESIAN_POINT('',(17.275036347988,-0.719064225975,
    7.305241861521));
#1045 = CARTESIAN_POINT('',(17.127315577047,-0.665915077019,7.6483642241
    ));
#1046 = CARTESIAN_POINT('',(16.970953957007,-0.612359865679,
    7.989514718723));
#1047 = CARTESIAN_POINT('',(16.80583487232,-0.55886382756,8.328588358221
    ));
#1048 = CARTESIAN_POINT('',(16.631827018557,-0.505927213766,
    8.665463039816));
#1049 = CARTESIAN_POINT('',(16.448784149596,-0.454088682563,9.));
#1050 = CYLINDRICAL_SURFACE('',#1051,18.75);
#1051 = AXIS2_PLACEMENT_3D('',#1052,#1053,#1054);
#1052 = CARTESIAN_POINT('',(0.,9.,0.));
#1053 = DIRECTION('',(-0.,-1.,-0.));
#1054 = DIRECTION('',(1.,0.,0.));
#1055 = ADVANCED_FACE('',(#1056),#1075,.T.);
#1056 = FACE_BOUND('',#1057,.F.);
#1057 = EDGE_LOOP('',(#1058,#1066,#1067,#1068));
#1058 = ORIENTED_EDGE('',*,*,#1059,.F.);
#1059 = EDGE_CURVE('',#22,#1060,#1062,.T.);
#1060 = VERTEX_POINT('',#1061);
#1061 = CARTESIAN_POINT('',(18.,9.,0.));
#1062 = LINE('',#1063,#1064);
#1063 = CARTESIAN_POINT('',(18.75,8.25,0.));
#1064 = VECTOR('',#1065,1.);
#1065 = DIRECTION('',(-0.707106781187,0.707106781187,0.));
#1066 = ORIENTED_EDGE('',*,*,#30,.T.);
#1067 = ORIENTED_EDGE('',*,*,#1059,.T.);
#1068 = ORIENTED_EDGE('',*,*,#1069,.F.);
#1069 = EDGE_CURVE('',#1060,#1060,#1070,.T.);
#1070 = CIRCLE('',#1071,18.);
#1071 = AXIS2_PLACEMENT_3D('',#1072,#1073,#1074);
#1072 = CARTESIAN_POINT('',(0.,9.,0.));
#1073 = DIRECTION('',(0.,-1.,0.));
#1074 = DIRECTION('',(1.,0.,0.));
#1075 = CONICAL_SURFACE('',#1076,18.75,0.785398163397);
#1076 = AXIS2_PLACEMENT_3D('',#1077,#1078,#1079);
#1077 = CARTESIAN_POINT('',(0.,8.25,0.));
#1078 = DIRECTION('',(-0.,-1.,-0.));
#1079 = DIRECTION('',(1.,0.,0.));
#1080 = ADVANCED_FACE('',(#1081),#1297,.F.);
#1081 = FACE_BOUND('',#1082,.T.);
#1082 = EDGE_LOOP('',(#1083,#1094,#1102,#1111,#1120,#1132,#1140,#1161,
    #1182,#1190,#1202,#1211,#1220,#1228,#1237,#1266,#1267,#1268));
#1083 = ORIENTED_EDGE('',*,*,#1084,.T.);
#1084 = EDGE_CURVE('',#1085,#1087,#1089,.T.);
#1085 = VERTEX_POINT('',#1086);
#1086 = CARTESIAN_POINT('',(19.175179269045,-1.605529309066,9.));
#1087 = VERTEX_POINT('',#1088);
#1088 = CARTESIAN_POINT('',(19.464325798682,-1.777777777778,9.));
#1089 = CIRCLE('',#1090,12.);
#1090 = AXIS2_PLACEMENT_3D('',#1091,#1092,#1093);
#1091 = CARTESIAN_POINT('',(13.178932188135,-12.,9.));
#1092 = DIRECTION('',(0.,0.,-1.));
#1093 = DIRECTION('',(1.,0.,0.));
#1094 = ORIENTED_EDGE('',*,*,#1095,.T.);
#1095 = EDGE_CURVE('',#1087,#1096,#1098,.T.);
#1096 = VERTEX_POINT('',#1097);
#1097 = CARTESIAN_POINT('',(19.464325798682,-1.777777777778,12.5));
#1098 = LINE('',#1099,#1100);
#1099 = CARTESIAN_POINT('',(19.464325798682,-1.777777777778,-13.));
#1100 = VECTOR('',#1101,1.);
#1101 = DIRECTION('',(0.,0.,1.));
#1102 = ORIENTED_EDGE('',*,*,#1103,.F.);
#1103 = EDGE_CURVE('',#1104,#1096,#1106,.T.);
#1104 = VERTEX_POINT('',#1105);
#1105 = CARTESIAN_POINT('',(16.968956,-0.614231712111,12.5));
#1106 = CIRCLE('',#1107,12.);
#1107 = AXIS2_PLACEMENT_3D('',#1108,#1109,#1110);
#1108 = CARTESIAN_POINT('',(13.178932188135,-12.,12.5));
#1109 = DIRECTION('',(0.,0.,-1.));
#1110 = DIRECTION('',(0.315835317655,0.948814023991,0.));
#1111 = ORIENTED_EDGE('',*,*,#1112,.F.);
#1112 = EDGE_CURVE('',#1113,#1104,#1115,.T.);
#1113 = VERTEX_POINT('',#1114);
#1114 = CARTESIAN_POINT('',(15.401349702578,-0.207593104396,12.5));
#1115 = CIRCLE('',#1116,12.);
#1116 = AXIS2_PLACEMENT_3D('',#1117,#1118,#1119);
#1117 = CARTESIAN_POINT('',(13.178932188135,-12.,12.5));
#1118 = DIRECTION('',(0.,0.,-1.));
#1119 = DIRECTION('',(0.192918187018,0.981214845545,0.));
#1120 = ORIENTED_EDGE('',*,*,#1121,.F.);
#1121 = EDGE_CURVE('',#1122,#1113,#1124,.T.);
#1122 = VERTEX_POINT('',#1123);
#1123 = CARTESIAN_POINT('',(13.178932188135,0.,13.010942921857));
#1124 = ( BOUNDED_CURVE() B_SPLINE_CURVE(6,(#1125,#1126,#1127,#1128,
#1129,#1130,#1131),.UNSPECIFIED.,.F.,.F.) B_SPLINE_CURVE_WITH_KNOTS((7,7
),(50.964072217241,53.056459264263),.PIECEWISE_BEZIER_KNOTS.) CURVE() 
GEOMETRIC_REPRESENTATION_ITEM() RATIONAL_B_SPLINE_CURVE((1.,1.,1.,1.,1.,
1.,1.)) REPRESENTATION_ITEM('') );
#1125 = CARTESIAN_POINT('',(13.178932188135,0.,13.010942921857));
#1126 = CARTESIAN_POINT('',(13.506488205291,2.8E-16,12.852617631159));
#1127 = CARTESIAN_POINT('',(13.857839033046,-1.069921426105E-02,
    12.716894317727));
#1128 = CARTESIAN_POINT('',(14.232861259886,-3.522013011882E-02,
    12.608668939187));
#1129 = CARTESIAN_POINT('',(14.619532210009,-7.623402547306E-02,
    12.536093075607));
#1130 = CARTESIAN_POINT('',(15.012270575422,-0.134266575354,12.5));
#1131 = CARTESIAN_POINT('',(15.401349702578,-0.207593104396,12.5));
#1132 = ORIENTED_EDGE('',*,*,#1133,.F.);
#1133 = EDGE_CURVE('',#1134,#1122,#1136,.T.);
#1134 = VERTEX_POINT('',#1135);
#1135 = CARTESIAN_POINT('',(13.178932188135,0.,10.974436039293));
#1136 = LINE('',#1137,#1138);
#1137 = CARTESIAN_POINT('',(13.178932188135,0.,-13.));
#1138 = VECTOR('',#1139,1.);
#1139 = DIRECTION('',(0.,0.,1.));
#1140 = ORIENTED_EDGE('',*,*,#1141,.F.);
#1141 = EDGE_CURVE('',#1142,#1134,#1144,.T.);
#1142 = VERTEX_POINT('',#1143);
#1143 = CARTESIAN_POINT('',(17.15,-0.67610400818,0.));
#1144 = B_SPLINE_CURVE_WITH_KNOTS('',8,(#1145,#1146,#1147,#1148,#1149,
    #1150,#1151,#1152,#1153,#1154,#1155,#1156,#1157,#1158,#1159,#1160),
  .UNSPECIFIED.,.F.,.F.,(9,7,9),(0.,0.41372535789,1.),.UNSPECIFIED.);
#1145 = CARTESIAN_POINT('',(17.15,-0.67610400818,1.181E-14));
#1146 = CARTESIAN_POINT('',(17.15,-0.67610400818,0.594420878307));
#1147 = CARTESIAN_POINT('',(17.126454088802,-0.667847088768,
    1.188679787493));
#1148 = CARTESIAN_POINT('',(17.079384614377,-0.651340341303,
    1.782203453078));
#1149 = CARTESIAN_POINT('',(17.008760339856,-0.626881829291,
    2.374407567039));
#1150 = CARTESIAN_POINT('',(16.914500410006,-0.59505730113,2.96468377884
    ));
#1151 = CARTESIAN_POINT('',(16.79648013037,-0.556733882426,
    3.552386798167));
#1152 = CARTESIAN_POINT('',(16.654538559072,-0.513050747902,
    4.136821609391));
#1153 = CARTESIAN_POINT('',(16.253183784431,-0.397892288017,
    5.539706826069));
#1154 = CARTESIAN_POINT('',(15.969586154172,-0.322458850745,
    6.353682994264));
#1155 = CARTESIAN_POINT('',(15.636831585429,-0.242984162545,
    7.158469431878));
#1156 = CARTESIAN_POINT('',(15.25351183754,-0.164323108974,
    7.952920083299));
#1157 = CARTESIAN_POINT('',(14.817840838963,-9.242384830917E-02,
    8.735092553585));
#1158 = CARTESIAN_POINT('',(14.327931836177,-3.46413647212E-02,
    9.502126640433));
#1159 = CARTESIAN_POINT('',(13.782037176326,6.7E-16,10.250181989861));
#1160 = CARTESIAN_POINT('',(13.178932188135,4.4E-16,10.974436039294));
#1161 = ORIENTED_EDGE('',*,*,#1162,.F.);
#1162 = EDGE_CURVE('',#1163,#1142,#1165,.T.);
#1163 = VERTEX_POINT('',#1164);
#1164 = CARTESIAN_POINT('',(13.178932188135,0.,-10.97443603929));
#1165 = B_SPLINE_CURVE_WITH_KNOTS('',8,(#1166,#1167,#1168,#1169,#1170,
    #1171,#1172,#1173,#1174,#1175,#1176,#1177,#1178,#1179,#1180,#1181),
  .UNSPECIFIED.,.F.,.F.,(9,7,9),(0.,0.586720830864,1.),.UNSPECIFIED.);
#1166 = CARTESIAN_POINT('',(13.178932188135,-4.4E-16,-10.97443603929));
#1167 = CARTESIAN_POINT('',(13.782495924153,-2.2E-16,-10.2496310908));
#1168 = CARTESIAN_POINT('',(14.328762431884,-3.469408332391E-02,
    -9.500988420464));
#1169 = CARTESIAN_POINT('',(14.818959232738,-9.255578133841E-02,
    -8.73334144702));
#1170 = CARTESIAN_POINT('',(15.254838201028,-0.164542050685,
    -7.950538592278));
#1171 = CARTESIAN_POINT('',(15.638290615101,-0.243283641681,
    -7.155445059385));
#1172 = CARTESIAN_POINT('',(15.971106267751,-0.322822031129,
    -6.350005564258));
#1173 = CARTESIAN_POINT('',(16.25469489482,-0.398294356177,
    -5.535367202392));
#1174 = CARTESIAN_POINT('',(16.655609135467,-0.513380278863,
    -4.132410918347));
#1175 = CARTESIAN_POINT('',(16.797243027142,-0.556981629815,
    -3.548585572579));
#1176 = CARTESIAN_POINT('',(16.915008173177,-0.5952287397,
    -2.961502330973));
#1177 = CARTESIAN_POINT('',(17.009064736487,-0.626987249546,
    -2.371853939764));
#1178 = CARTESIAN_POINT('',(17.079536811123,-0.651393715835,
    -1.780283664373));
#1179 = CARTESIAN_POINT('',(17.126504866402,-0.667864893955,
    -1.187398015593));
#1180 = CARTESIAN_POINT('',(17.15,-0.67610400818,-0.593779586487));
#1181 = CARTESIAN_POINT('',(17.15,-0.67610400818,1.243E-14));
#1182 = ORIENTED_EDGE('',*,*,#1183,.T.);
#1183 = EDGE_CURVE('',#1163,#1184,#1186,.T.);
#1184 = VERTEX_POINT('',#1185);
#1185 = CARTESIAN_POINT('',(13.178932188135,0.,-13.01094292185));
#1186 = LINE('',#1187,#1188);
#1187 = CARTESIAN_POINT('',(13.178932188135,0.,-13.));
#1188 = VECTOR('',#1189,1.);
#1189 = DIRECTION('',(0.,0.,-1.));
#1190 = ORIENTED_EDGE('',*,*,#1191,.T.);
#1191 = EDGE_CURVE('',#1184,#1192,#1194,.T.);
#1192 = VERTEX_POINT('',#1193);
#1193 = CARTESIAN_POINT('',(15.401349702578,-0.207593104396,-12.5));
#1194 = ( BOUNDED_CURVE() B_SPLINE_CURVE(6,(#1195,#1196,#1197,#1198,
#1199,#1200,#1201),.UNSPECIFIED.,.F.,.F.) B_SPLINE_CURVE_WITH_KNOTS((7,7
),(50.964072217243,53.056459264265),.PIECEWISE_BEZIER_KNOTS.) CURVE() 
GEOMETRIC_REPRESENTATION_ITEM() RATIONAL_B_SPLINE_CURVE((1.,1.,1.,1.,1.,
1.,1.)) REPRESENTATION_ITEM('') );
#1195 = CARTESIAN_POINT('',(13.178932188135,0.,-13.01094292185));
#1196 = CARTESIAN_POINT('',(13.506488205291,0.,-12.85261763115));
#1197 = CARTESIAN_POINT('',(13.857839033051,-1.069921426122E-02,
    -12.71689431772));
#1198 = CARTESIAN_POINT('',(14.232861259884,-3.522013011889E-02,
    -12.60866893918));
#1199 = CARTESIAN_POINT('',(14.61953221001,-7.623402547318E-02,
    -12.5360930756));
#1200 = CARTESIAN_POINT('',(15.012270575422,-0.134266575355,-12.5));
#1201 = CARTESIAN_POINT('',(15.401349702578,-0.207593104396,-12.5));
#1202 = ORIENTED_EDGE('',*,*,#1203,.T.);
#1203 = EDGE_CURVE('',#1192,#1204,#1206,.T.);
#1204 = VERTEX_POINT('',#1205);
#1205 = CARTESIAN_POINT('',(16.968956,-0.614231712111,-12.5));
#1206 = CIRCLE('',#1207,12.);
#1207 = AXIS2_PLACEMENT_3D('',#1208,#1209,#1210);
#1208 = CARTESIAN_POINT('',(13.178932188135,-12.,-12.5));
#1209 = DIRECTION('',(0.,0.,-1.));
#1210 = DIRECTION('',(0.192918187018,0.981214845545,0.));
#1211 = ORIENTED_EDGE('',*,*,#1212,.T.);
#1212 = EDGE_CURVE('',#1204,#1213,#1215,.T.);
#1213 = VERTEX_POINT('',#1214);
#1214 = CARTESIAN_POINT('',(19.464325798682,-1.777777777778,-12.5));
#1215 = CIRCLE('',#1216,12.);
#1216 = AXIS2_PLACEMENT_3D('',#1217,#1218,#1219);
#1217 = CARTESIAN_POINT('',(13.178932188135,-12.,-12.5));
#1218 = DIRECTION('',(0.,0.,-1.));
#1219 = DIRECTION('',(0.315835317655,0.948814023991,0.));
#1220 = ORIENTED_EDGE('',*,*,#1221,.T.);
#1221 = EDGE_CURVE('',#1213,#1222,#1224,.T.);
#1222 = VERTEX_POINT('',#1223);
#1223 = CARTESIAN_POINT('',(19.464325798682,-1.777777777778,-9.));
#1224 = LINE('',#1225,#1226);
#1225 = CARTESIAN_POINT('',(19.464325798682,-1.777777777778,-13.));
#1226 = VECTOR('',#1227,1.);
#1227 = DIRECTION('',(0.,0.,1.));
#1228 = ORIENTED_EDGE('',*,*,#1229,.F.);
#1229 = EDGE_CURVE('',#1230,#1222,#1232,.T.);
#1230 = VERTEX_POINT('',#1231);
#1231 = CARTESIAN_POINT('',(19.175179269045,-1.605529309066,-9.));
#1232 = CIRCLE('',#1233,12.);
#1233 = AXIS2_PLACEMENT_3D('',#1234,#1235,#1236);
#1234 = CARTESIAN_POINT('',(13.178932188135,-12.,-9.));
#1235 = DIRECTION('',(0.,0.,-1.));
#1236 = DIRECTION('',(1.,0.,0.));
#1237 = ORIENTED_EDGE('',*,*,#1238,.F.);
#1238 = EDGE_CURVE('',#39,#1230,#1239,.T.);
#1239 = B_SPLINE_CURVE_WITH_KNOTS('',7,(#1240,#1241,#1242,#1243,#1244,
    #1245,#1246,#1247,#1248,#1249,#1250,#1251,#1252,#1253,#1254,#1255,
    #1256,#1257,#1258,#1259,#1260,#1261,#1262,#1263,#1264,#1265),
  .UNSPECIFIED.,.F.,.F.,(8,6,6,6,8),(0.,0.191479109885,0.454826099618,
    0.720463735039,1.),.UNSPECIFIED.);
#1240 = CARTESIAN_POINT('',(17.538273721687,-0.819832675946,
    -6.631097560976));
#1241 = CARTESIAN_POINT('',(17.50652818572,-0.807454539785,
    -6.715059815205));
#1242 = CARTESIAN_POINT('',(17.479997389773,-0.797230854554,
    -6.800417907812));
#1243 = CARTESIAN_POINT('',(17.45867364259,-0.789086478388,
    -6.886866650743));
#1244 = CARTESIAN_POINT('',(17.442544435231,-0.782962947265,
    -6.974117696788));
#1245 = CARTESIAN_POINT('',(17.431596890989,-0.778819622818,
    -7.061898832733));
#1246 = CARTESIAN_POINT('',(17.425822215312,-0.776634840146,
    -7.149953272506));
#1247 = CARTESIAN_POINT('',(17.424392101278,-0.776093776689,
    -7.359185837351));
#1248 = CARTESIAN_POINT('',(17.433348881734,-0.779482483905,
    -7.48034828011));
#1249 = CARTESIAN_POINT('',(17.452080477593,-0.78656618717,
    -7.600924096555));
#1250 = CARTESIAN_POINT('',(17.480627241803,-0.79741745088,
    -7.720241510536));
#1251 = CARTESIAN_POINT('',(17.519030622706,-0.812172015919,
    -7.83755905246));
#1252 = CARTESIAN_POINT('',(17.567304272646,-0.831020361798,
    -7.952064594067));
#1253 = CARTESIAN_POINT('',(17.684052342303,-0.877595740005,
    -8.17464627912));
#1254 = CARTESIAN_POINT('',(17.752694139358,-0.905396687796,
    -8.282648936631));
#1255 = CARTESIAN_POINT('',(17.8312835822,-0.937843219849,
    -8.385897411679));
#1256 = CARTESIAN_POINT('',(17.919613694023,-0.975181929002,
    -8.483232124112));
#1257 = CARTESIAN_POINT('',(18.017229390956,-1.017620612619,
    -8.573388457232));
#1258 = CARTESIAN_POINT('',(18.12334915158,-1.06526789431,
    -8.655058735927));
#1259 = CARTESIAN_POINT('',(18.355991835712,-1.173395887803,
    -8.80287004975));
#1260 = CARTESIAN_POINT('',(18.483440705759,-1.234486892121,
    -8.868069672467));
#1261 = CARTESIAN_POINT('',(18.617268401119,-1.300894072849,
    -8.92106038623));
#1262 = CARTESIAN_POINT('',(18.755452945125,-1.37208376678,
    -8.960895918197));
#1263 = CARTESIAN_POINT('',(18.895890668023,-1.447293830546,
    -8.98717603043));
#1264 = CARTESIAN_POINT('',(19.036486754541,-1.52552190802,-9.));
#1265 = CARTESIAN_POINT('',(19.175179269045,-1.605529309066,-9.));
#1266 = ORIENTED_EDGE('',*,*,#38,.T.);
#1267 = ORIENTED_EDGE('',*,*,#1034,.T.);
#1268 = ORIENTED_EDGE('',*,*,#1269,.T.);
#1269 = EDGE_CURVE('',#1027,#1085,#1270,.T.);
#1270 = B_SPLINE_CURVE_WITH_KNOTS('',7,(#1271,#1272,#1273,#1274,#1275,
    #1276,#1277,#1278,#1279,#1280,#1281,#1282,#1283,#1284,#1285,#1286,
    #1287,#1288,#1289,#1290,#1291,#1292,#1293,#1294,#1295,#1296),
  .UNSPECIFIED.,.F.,.F.,(8,6,6,6,8),(0.,0.191479109885,0.454826099618,
    0.720463735039,1.),.UNSPECIFIED.);
#1271 = CARTESIAN_POINT('',(17.538273721687,-0.819832675946,
    6.631097560976));
#1272 = CARTESIAN_POINT('',(17.50652818572,-0.807454539785,
    6.715059815205));
#1273 = CARTESIAN_POINT('',(17.479997389773,-0.797230854554,
    6.800417907812));
#1274 = CARTESIAN_POINT('',(17.45867364259,-0.789086478388,
    6.886866650743));
#1275 = CARTESIAN_POINT('',(17.442544435231,-0.782962947265,
    6.974117696788));
#1276 = CARTESIAN_POINT('',(17.431596890989,-0.778819622818,
    7.061898832733));
#1277 = CARTESIAN_POINT('',(17.425822215312,-0.776634840146,
    7.149953272506));
#1278 = CARTESIAN_POINT('',(17.424392101278,-0.776093776689,
    7.359185837351));
#1279 = CARTESIAN_POINT('',(17.433348881734,-0.779482483905,
    7.48034828011));
#1280 = CARTESIAN_POINT('',(17.452080477593,-0.78656618717,
    7.600924096555));
#1281 = CARTESIAN_POINT('',(17.480627241802,-0.79741745088,
    7.720241510536));
#1282 = CARTESIAN_POINT('',(17.519030622706,-0.812172015918,
    7.83755905246));
#1283 = CARTESIAN_POINT('',(17.567304272646,-0.831020361798,
    7.952064594067));
#1284 = CARTESIAN_POINT('',(17.684052342303,-0.877595740005,
    8.17464627912));
#1285 = CARTESIAN_POINT('',(17.752694139358,-0.905396687796,
    8.282648936631));
#1286 = CARTESIAN_POINT('',(17.831283582199,-0.937843219849,
    8.385897411679));
#1287 = CARTESIAN_POINT('',(17.919613694023,-0.975181929002,
    8.483232124111));
#1288 = CARTESIAN_POINT('',(18.017229390956,-1.017620612619,
    8.573388457232));
#1289 = CARTESIAN_POINT('',(18.12334915158,-1.06526789431,8.655058735927
    ));
#1290 = CARTESIAN_POINT('',(18.355991835712,-1.173395887803,
    8.80287004975));
#1291 = CARTESIAN_POINT('',(18.483440705759,-1.234486892121,
    8.868069672467));
#1292 = CARTESIAN_POINT('',(18.617268401119,-1.300894072849,
    8.92106038623));
#1293 = CARTESIAN_POINT('',(18.755452945125,-1.37208376678,
    8.960895918197));
#1294 = CARTESIAN_POINT('',(18.895890668023,-1.447293830546,
    8.98717603043));
#1295 = CARTESIAN_POINT('',(19.036486754541,-1.52552190802,9.));
#1296 = CARTESIAN_POINT('',(19.175179269045,-1.605529309066,9.));
#1297 = CYLINDRICAL_SURFACE('',#1298,12.);
#1298 = AXIS2_PLACEMENT_3D('',#1299,#1300,#1301);
#1299 = CARTESIAN_POINT('',(13.178932188135,-12.,-13.));
#1300 = DIRECTION('',(-0.,-0.,-1.));
#1301 = DIRECTION('',(1.,0.,0.));
#1302 = ADVANCED_FACE('',(#1303),#1376,.F.);
#1303 = FACE_BOUND('',#1304,.F.);
#1304 = EDGE_LOOP('',(#1305,#1354,#1355,#1356,#1364));
#1305 = ORIENTED_EDGE('',*,*,#1306,.F.);
#1306 = EDGE_CURVE('',#1014,#1307,#1309,.T.);
#1307 = VERTEX_POINT('',#1308);
#1308 = CARTESIAN_POINT('',(17.84359560294,3.426885449731,8.385510871882
    ));
#1309 = B_SPLINE_CURVE_WITH_KNOTS('',8,(#1310,#1311,#1312,#1313,#1314,
    #1315,#1316,#1317,#1318,#1319,#1320,#1321,#1322,#1323,#1324,#1325,
    #1326,#1327,#1328,#1329,#1330,#1331,#1332,#1333,#1334,#1335,#1336,
    #1337,#1338,#1339,#1340,#1341,#1342,#1343,#1344,#1345,#1346,#1347,
    #1348,#1349,#1350,#1351,#1352,#1353),.UNSPECIFIED.,.F.,.F.,(9,7,7,7,
    7,7,9),(0.,7.015177480932E-03,1.405110529827E-02,2.91439079724E-02,
    0.110912599308,0.560869196266,1.),.UNSPECIFIED.);
#1310 = CARTESIAN_POINT('',(17.53699548181,4.672752249631,6.634488928417
    ));
#1311 = CARTESIAN_POINT('',(17.536997226004,4.671129739815,
    6.634484286242));
#1312 = CARTESIAN_POINT('',(17.536726333038,4.669689229059,
    6.635205170723));
#1313 = CARTESIAN_POINT('',(17.53630533411,4.668363518736,6.636327162667
    ));
#1314 = CARTESIAN_POINT('',(17.535823683778,4.667100025821,
    6.637613455347));
#1315 = CARTESIAN_POINT('',(17.535337759968,4.665860782892,
    6.638914854501));
#1316 = CARTESIAN_POINT('',(17.53487086397,4.664622438127,6.640169778331
    ));
#1317 = CARTESIAN_POINT('',(17.534413220437,4.663376255307,
    6.641404257504));
#1318 = CARTESIAN_POINT('',(17.533429281279,4.660876280421,
    6.644063539971));
#1319 = CARTESIAN_POINT('',(17.532932225424,4.659627996022,
    6.645410745684));
#1320 = CARTESIAN_POINT('',(17.532432501316,4.658382034605,
    6.646769083587));
#1321 = CARTESIAN_POINT('',(17.531931421672,4.65713744475,6.648135086942
    ));
#1322 = CARTESIAN_POINT('',(17.531429920432,4.655893549631,
    6.649506290983));
#1323 = CARTESIAN_POINT('',(17.530928552754,4.654649947015,
    6.650881232916));
#1324 = CARTESIAN_POINT('',(17.530427495019,4.653406509267,6.65225945192
    ));
#1325 = CARTESIAN_POINT('',(17.528851954168,4.649496747927,6.65660610386
    ));
#1326 = CARTESIAN_POINT('',(17.527779591055,4.646832089237,6.65958363975
    ));
#1327 = CARTESIAN_POINT('',(17.526710912319,4.644167925877,6.66257028397
    ));
#1328 = CARTESIAN_POINT('',(17.525646720704,4.641503458553,
    6.665563953711));
#1329 = CARTESIAN_POINT('',(17.524587372894,4.638838352719,
    6.668563745971));
#1330 = CARTESIAN_POINT('',(17.523532987539,4.636172521221,
    6.671569387324));
#1331 = CARTESIAN_POINT('',(17.522483653277,4.633505906941,
    6.674580683696));
#1332 = CARTESIAN_POINT('',(17.515783439802,4.616385710875,
    6.693938387952));
#1333 = CARTESIAN_POINT('',(17.510282075371,4.601904400737,6.71042958082
    ));
#1334 = CARTESIAN_POINT('',(17.504952546544,4.587382436262,
    6.727031961377));
#1335 = CARTESIAN_POINT('',(17.499790333596,4.572830597953,6.74376373995
    ));
#1336 = CARTESIAN_POINT('',(17.494805896766,4.558243958876,
    6.760603356232));
#1337 = CARTESIAN_POINT('',(17.489998017506,4.543629897367,
    6.777559996621));
#1338 = CARTESIAN_POINT('',(17.485371946094,4.52898904088,6.794625570833
    ));
#1339 = CARTESIAN_POINT('',(17.456488044073,4.433631283512,
    6.906301573408));
#1340 = CARTESIAN_POINT('',(17.437631282267,4.35223602549,7.004059291727
    ));
#1341 = CARTESIAN_POINT('',(17.424869902537,4.270622793014,
    7.104659031577));
#1342 = CARTESIAN_POINT('',(17.418675378402,4.189363650622,
    7.207635078734));
#1343 = CARTESIAN_POINT('',(17.419488986885,4.109081086173,
    7.312373011116));
#1344 = CARTESIAN_POINT('',(17.427662433522,4.030468379449,
    7.418175187837));
#1345 = CARTESIAN_POINT('',(17.443428360017,3.954243173136,
    7.524216785477));
#1346 = CARTESIAN_POINT('',(17.489703580203,3.809744011652,
    7.732466190489));
#1347 = CARTESIAN_POINT('',(17.519850811946,3.74131773925,7.834711945029
    ));
#1348 = CARTESIAN_POINT('',(17.557340829263,3.676516091026,
    7.935486205087));
#1349 = CARTESIAN_POINT('',(17.602060716172,3.616004848846,
    8.033864364946));
#1350 = CARTESIAN_POINT('',(17.653690432883,3.560390644328,8.12889267928
    ));
#1351 = CARTESIAN_POINT('',(17.711682836192,3.510157550292,
    8.219664200686));
#1352 = CARTESIAN_POINT('',(17.7752820327,3.465614695377,8.305401348885)
  );
#1353 = CARTESIAN_POINT('',(17.84359560294,3.426885449731,8.385510871882
    ));
#1354 = ORIENTED_EDGE('',*,*,#1026,.F.);
#1355 = ORIENTED_EDGE('',*,*,#1269,.T.);
#1356 = ORIENTED_EDGE('',*,*,#1357,.T.);
#1357 = EDGE_CURVE('',#1085,#1358,#1360,.T.);
#1358 = VERTEX_POINT('',#1359);
#1359 = CARTESIAN_POINT('',(19.175179269045,2.56037636258,9.));
#1360 = LINE('',#1361,#1362);
#1361 = CARTESIAN_POINT('',(19.175179269045,-0.454088682563,9.));
#1362 = VECTOR('',#1363,1.);
#1363 = DIRECTION('',(0.,1.,0.));
#1364 = ORIENTED_EDGE('',*,*,#1365,.F.);
#1365 = EDGE_CURVE('',#1307,#1358,#1366,.T.);
#1366 = B_SPLINE_CURVE_WITH_KNOTS('',8,(#1367,#1368,#1369,#1370,#1371,
    #1372,#1373,#1374,#1375),.UNSPECIFIED.,.F.,.F.,(9,9),(0.,1.),
  .PIECEWISE_BEZIER_KNOTS.);
#1367 = CARTESIAN_POINT('',(17.843595689333,3.42688571023,8.385510973194
    ));
#1368 = CARTESIAN_POINT('',(17.967467512807,3.356658670838,
    8.530772172795));
#1369 = CARTESIAN_POINT('',(18.110816168546,3.273340506246,
    8.662192352193));
#1370 = CARTESIAN_POINT('',(18.270818584955,3.177353343942,
    8.775045969764));
#1371 = CARTESIAN_POINT('',(18.443561860079,3.069678276346,
    8.866346781234));
#1372 = CARTESIAN_POINT('',(18.624740185438,2.951768034375,
    8.934400892476));
#1373 = CARTESIAN_POINT('',(18.809922621996,2.82569230064,8.978749755253
    ));
#1374 = CARTESIAN_POINT('',(18.994792267066,2.69413201468,9.));
#1375 = CARTESIAN_POINT('',(19.175179269045,2.56037636258,9.));
#1376 = CYLINDRICAL_SURFACE('',#1377,1.75);
#1377 = AXIS2_PLACEMENT_3D('',#1378,#1379,#1380);
#1378 = CARTESIAN_POINT('',(19.175179269045,-0.454088682563,7.25));
#1379 = DIRECTION('',(0.,1.,0.));
#1380 = DIRECTION('',(-0.93537459849,0.,-0.353658536585));
#1381 = ADVANCED_FACE('',(#1382),#1405,.F.);
#1382 = FACE_BOUND('',#1383,.F.);
#1383 = EDGE_LOOP('',(#1384,#1385,#1398,#1404));
#1384 = ORIENTED_EDGE('',*,*,#1306,.T.);
#1385 = ORIENTED_EDGE('',*,*,#1386,.T.);
#1386 = EDGE_CURVE('',#1307,#1387,#1389,.T.);
#1387 = VERTEX_POINT('',#1388);
#1388 = CARTESIAN_POINT('',(15.677177840729,4.405271823238,12.5));
#1389 = ( BOUNDED_CURVE() B_SPLINE_CURVE(7,(#1390,#1391,#1392,#1393,
    #1394,#1395,#1396,#1397),.UNSPECIFIED.,.F.,.F.) 
B_SPLINE_CURVE_WITH_KNOTS((8,8),(-3.019173653822,3.486393433371),
.PIECEWISE_BEZIER_KNOTS.) CURVE() GEOMETRIC_REPRESENTATION_ITEM() 
RATIONAL_B_SPLINE_CURVE((1.,1.,1.,1.,1.,1.,1.,1.)) REPRESENTATION_ITEM(
  '') );
#1390 = CARTESIAN_POINT('',(18.346483102285,3.126614677449,
    6.974494659038));
#1391 = CARTESIAN_POINT('',(18.088034331722,3.288940520263,
    7.784944565544));
#1392 = CARTESIAN_POINT('',(17.79225308722,3.464860232704,8.588411652811
    ));
#1393 = CARTESIAN_POINT('',(17.457180762443,3.650963991471,
    9.386143582604));
#1394 = CARTESIAN_POINT('',(17.082444875836,3.842463832857,
    10.174911183711));
#1395 = CARTESIAN_POINT('',(16.662823416413,4.03616685048,
    10.959201501594));
#1396 = CARTESIAN_POINT('',(16.195879748916,4.226071460672,
    11.734883323853));
#1397 = CARTESIAN_POINT('',(15.677177840729,4.405271823238,12.5));
#1398 = ORIENTED_EDGE('',*,*,#1399,.F.);
#1399 = EDGE_CURVE('',#1005,#1387,#1400,.T.);
#1400 = ( BOUNDED_CURVE() B_SPLINE_CURVE(2,(#1401,#1402,#1403),
.UNSPECIFIED.,.F.,.F.) B_SPLINE_CURVE_WITH_KNOTS((3,3),(0.,
6.505567087192),.PIECEWISE_BEZIER_KNOTS.) CURVE() 
GEOMETRIC_REPRESENTATION_ITEM() RATIONAL_B_SPLINE_CURVE((1.,
0.793081814736,1.)) REPRESENTATION_ITEM('') );
#1401 = CARTESIAN_POINT('',(14.825834523215,6.07166505885,
    11.478550896793));
#1402 = CARTESIAN_POINT('',(14.693648973773,4.745059911098,
    11.649283343771));
#1403 = CARTESIAN_POINT('',(15.677177840729,4.405271823238,12.5));
#1404 = ORIENTED_EDGE('',*,*,#1013,.F.);
#1405 = ( BOUNDED_SURFACE() B_SPLINE_SURFACE(2,7,(
    (#1406,#1407,#1408,#1409,#1410,#1411,#1412,#1413)
    ,(#1414,#1415,#1416,#1417,#1418,#1419,#1420,#1421)
    ,(#1422,#1423,#1424,#1425,#1426,#1427,#1428,#1429
)),.UNSPECIFIED.,.F.,.F.,.F.) B_SPLINE_SURFACE_WITH_KNOTS((3,3),(8,8),(
    0.,6.505567087192),(-3.019173653822,3.486393433371),
.PIECEWISE_BEZIER_KNOTS.) GEOMETRIC_REPRESENTATION_ITEM() 
RATIONAL_B_SPLINE_SURFACE((
    (1.,1.,1.,1.,1.,1.,1.,1.)
    ,(0.865965046505,0.858355220492,0.849758139993,0.840174329549
      ,0.829694561164,0.818254636319,0.806018579664,0.793081814736)
,(1.,1.,1.,1.,1.,1.,1.,1.))) REPRESENTATION_ITEM('') SURFACE() );
#1406 = CARTESIAN_POINT('',(17.623198308867,4.614186409203,
    6.401982612157));
#1407 = CARTESIAN_POINT('',(17.351881650693,4.800053857645,7.14885550469
    ));
#1408 = CARTESIAN_POINT('',(17.041991525458,5.001072959115,
    7.887356221539));
#1409 = CARTESIAN_POINT('',(16.690035157585,5.213562722942,
    8.620631509834));
#1410 = CARTESIAN_POINT('',(16.300303093515,5.431304468196,
    9.342136330122));
#1411 = CARTESIAN_POINT('',(15.856210778388,5.653269079218,
    10.06778092942));
#1412 = CARTESIAN_POINT('',(15.36957091173,5.868338729018,
    10.776254431597));
#1413 = CARTESIAN_POINT('',(14.825834523215,6.07166505885,
    11.478550896793));
#1414 = CARTESIAN_POINT('',(17.55938740195,3.620971731864,6.577639488314
    ));
#1415 = CARTESIAN_POINT('',(17.272669964407,3.775056219193,
    7.343504633536));
#1416 = CARTESIAN_POINT('',(16.945896285024,3.939840071178,
    8.097687107108));
#1417 = CARTESIAN_POINT('',(16.578139017625,4.110772218658,
    8.839971885839));
#1418 = CARTESIAN_POINT('',(16.171142426889,4.282118359761,
    9.566561604317));
#1419 = CARTESIAN_POINT('',(15.719768593201,4.449893812798,
    10.281306290843));
#1420 = CARTESIAN_POINT('',(15.22781356711,4.606245979537,
    10.975789351192));
#1421 = CARTESIAN_POINT('',(14.693648973773,4.745059911098,
    11.649283343771));
#1422 = CARTESIAN_POINT('',(18.346483102285,3.126614677449,
    6.974494659038));
#1423 = CARTESIAN_POINT('',(18.088034331722,3.288940520263,
    7.784944565544));
#1424 = CARTESIAN_POINT('',(17.79225308722,3.464860232704,8.588411652811
    ));
#1425 = CARTESIAN_POINT('',(17.457180762443,3.650963991471,
    9.386143582604));
#1426 = CARTESIAN_POINT('',(17.082444875836,3.842463832857,
    10.174911183711));
#1427 = CARTESIAN_POINT('',(16.662823416413,4.03616685048,
    10.959201501594));
#1428 = CARTESIAN_POINT('',(16.195879748916,4.226071460672,
    11.734883323853));
#1429 = CARTESIAN_POINT('',(15.677177840729,4.405271823238,12.5));
#1430 = ADVANCED_FACE('',(#1431),#1504,.F.);
#1431 = FACE_BOUND('',#1432,.T.);
#1432 = EDGE_LOOP('',(#1433,#1482,#1483,#1484,#1492));
#1433 = ORIENTED_EDGE('',*,*,#1434,.F.);
#1434 = EDGE_CURVE('',#58,#1435,#1437,.T.);
#1435 = VERTEX_POINT('',#1436);
#1436 = CARTESIAN_POINT('',(17.843595325427,3.426885483261,
    -8.38551054645));
#1437 = B_SPLINE_CURVE_WITH_KNOTS('',8,(#1438,#1439,#1440,#1441,#1442,
    #1443,#1444,#1445,#1446,#1447,#1448,#1449,#1450,#1451,#1452,#1453,
    #1454,#1455,#1456,#1457,#1458,#1459,#1460,#1461,#1462,#1463,#1464,
    #1465,#1466,#1467,#1468,#1469,#1470,#1471,#1472,#1473,#1474,#1475,
    #1476,#1477,#1478,#1479,#1480,#1481),.UNSPECIFIED.,.F.,.F.,(9,7,7,7,
    7,7,9),(0.,7.015011120407E-03,1.405093487567E-02,2.914374027071E-02,
    0.110912499671,0.560869384253,1.),.UNSPECIFIED.);
#1438 = CARTESIAN_POINT('',(17.536994631314,4.672752631649,
    -6.634491192018));
#1439 = CARTESIAN_POINT('',(17.536996376039,4.671130125482,
    -6.63448654841));
#1440 = CARTESIAN_POINT('',(17.536725625538,4.669689529218,
    -6.635207055886));
#1441 = CARTESIAN_POINT('',(17.536304806422,4.668363701514,
    -6.636328572152));
#1442 = CARTESIAN_POINT('',(17.535823304136,4.66710010025,
    -6.637614473409));
#1443 = CARTESIAN_POINT('',(17.535337462961,4.665860782533,
    -6.638915654357));
#1444 = CARTESIAN_POINT('',(17.534870586015,4.664622404692,
    -6.640170528197));
#1445 = CARTESIAN_POINT('',(17.53441293525,4.663376222282,
    -6.641405026624));
#1446 = CARTESIAN_POINT('',(17.533429063319,4.660876237046,
    -6.644064130707));
#1447 = CARTESIAN_POINT('',(17.532932028893,4.659627937652,
    -6.645411279782));
#1448 = CARTESIAN_POINT('',(17.532432321589,4.658381964519,
    -6.646769573276));
#1449 = CARTESIAN_POINT('',(17.531931255625,4.657137365154,
    -6.648135540488));
#1450 = CARTESIAN_POINT('',(17.531429766017,4.655893461954,
    -6.649506713795));
#1451 = CARTESIAN_POINT('',(17.530928408588,4.654649852207,
    -6.650881628654));
#1452 = CARTESIAN_POINT('',(17.530427359961,4.65340640809,
    -6.652259823602));
#1453 = CARTESIAN_POINT('',(17.528851842797,4.64949662745,-6.65660641309
    ));
#1454 = CARTESIAN_POINT('',(17.527779491294,4.646831959455,
    -6.659583918404));
#1455 = CARTESIAN_POINT('',(17.526710821712,4.644167789372,
    -6.662570538508));
#1456 = CARTESIAN_POINT('',(17.525646637802,4.641503316858,
    -6.665564187932));
#1457 = CARTESIAN_POINT('',(17.524587296687,4.638838206906,
    -6.668563962508));
#1458 = CARTESIAN_POINT('',(17.523532917155,4.636172372218,
    -6.671569588451));
#1459 = CARTESIAN_POINT('',(17.522483587936,4.633505755572,
    -6.674580871438));
#1460 = CARTESIAN_POINT('',(17.515783400145,4.616385538037,
    -6.693938508138));
#1461 = CARTESIAN_POINT('',(17.510282041821,4.601904224416,
    -6.710429684984));
#1462 = CARTESIAN_POINT('',(17.504952522337,4.587382253291,
    -6.727032040634));
#1463 = CARTESIAN_POINT('',(17.499790312006,4.572830415815,
    -6.743763811778));
#1464 = CARTESIAN_POINT('',(17.494805880692,4.558243774875,
    -6.760603412638));
#1465 = CARTESIAN_POINT('',(17.489998004251,4.54362971475,
    -6.777560044424));
#1466 = CARTESIAN_POINT('',(17.485371935832,4.528988859843,
    -6.794625609254));
#1467 = CARTESIAN_POINT('',(17.456488054678,4.433631134061,
    -6.906301539325));
#1468 = CARTESIAN_POINT('',(17.437631297659,4.352235929433,
    -7.004059212709));
#1469 = CARTESIAN_POINT('',(17.4248699217,4.270622758565,-7.104658892604
    ));
#1470 = CARTESIAN_POINT('',(17.41867538887,4.189363685813,
    -7.207634893545));
#1471 = CARTESIAN_POINT('',(17.419488983697,4.109081171267,
    -7.312372776643));
#1472 = CARTESIAN_POINT('',(17.427662409344,4.03046849121,
    -7.418174929089));
#1473 = CARTESIAN_POINT('',(17.443428317447,3.954243283137,
    -7.524216525416));
#1474 = CARTESIAN_POINT('',(17.489703494142,3.809744147894,
    -7.732465870029));
#1475 = CARTESIAN_POINT('',(17.519850684954,3.741317898154,
    -7.834711565317));
#1476 = CARTESIAN_POINT('',(17.557340660021,3.67651624681,
    -7.935485793547));
#1477 = CARTESIAN_POINT('',(17.602060509415,3.616004983812,
    -8.033863946473));
#1478 = CARTESIAN_POINT('',(17.653690196963,3.560390750311,
    -8.128892272495));
#1479 = CARTESIAN_POINT('',(17.711682580065,3.510157626952,
    -8.21966381691));
#1480 = CARTESIAN_POINT('',(17.775281763639,3.465614746974,
    -8.30540099371));
#1481 = CARTESIAN_POINT('',(17.843595325427,3.426885483261,
    -8.38551054645));
#1482 = ORIENTED_EDGE('',*,*,#57,.F.);
#1483 = ORIENTED_EDGE('',*,*,#1238,.T.);
#1484 = ORIENTED_EDGE('',*,*,#1485,.T.);
#1485 = EDGE_CURVE('',#1230,#1486,#1488,.T.);
#1486 = VERTEX_POINT('',#1487);
#1487 = CARTESIAN_POINT('',(19.175179269045,2.56037636258,-9.));
#1488 = LINE('',#1489,#1490);
#1489 = CARTESIAN_POINT('',(19.175179269045,-0.454088682563,-9.));
#1490 = VECTOR('',#1491,1.);
#1491 = DIRECTION('',(0.,1.,0.));
#1492 = ORIENTED_EDGE('',*,*,#1493,.F.);
#1493 = EDGE_CURVE('',#1435,#1486,#1494,.T.);
#1494 = B_SPLINE_CURVE_WITH_KNOTS('',8,(#1495,#1496,#1497,#1498,#1499,
    #1500,#1501,#1502,#1503),.UNSPECIFIED.,.F.,.F.,(9,9),(0.,1.),
  .PIECEWISE_BEZIER_KNOTS.);
#1495 = CARTESIAN_POINT('',(17.843595445775,3.426885848311,
    -8.38551068758));
#1496 = CARTESIAN_POINT('',(17.967464690391,3.356660274485,
    -8.530768926128));
#1497 = CARTESIAN_POINT('',(18.110817062033,3.273340091503,
    -8.662194998544));
#1498 = CARTESIAN_POINT('',(18.270823713725,3.177350372298,
    -8.77504964362));
#1499 = CARTESIAN_POINT('',(18.443568820112,3.069673846296,
    -8.86634990205));
#1500 = CARTESIAN_POINT('',(18.624745845183,2.951764128367,
    -8.934401937811));
#1501 = CARTESIAN_POINT('',(18.809925313482,2.825690294018,
    -8.978749728002));
#1502 = CARTESIAN_POINT('',(18.994792079075,2.694132154073,-9.));
#1503 = CARTESIAN_POINT('',(19.175179269045,2.56037636258,-9.));
#1504 = CYLINDRICAL_SURFACE('',#1505,1.75);
#1505 = AXIS2_PLACEMENT_3D('',#1506,#1507,#1508);
#1506 = CARTESIAN_POINT('',(19.175179269045,-0.454088682563,-7.25));
#1507 = DIRECTION('',(0.,1.,0.));
#1508 = DIRECTION('',(-0.93537459849,0.,0.353658536585));
#1509 = ADVANCED_FACE('',(#1510),#1529,.F.);
#1510 = FACE_BOUND('',#1511,.F.);
#1511 = EDGE_LOOP('',(#1512,#1513,#1522,#1528));
#1512 = ORIENTED_EDGE('',*,*,#1399,.T.);
#1513 = ORIENTED_EDGE('',*,*,#1514,.T.);
#1514 = EDGE_CURVE('',#1387,#1515,#1517,.T.);
#1515 = VERTEX_POINT('',#1516);
#1516 = CARTESIAN_POINT('',(15.656407434898,4.412379247868,
    12.506783980688));
#1517 = ( BOUNDED_CURVE() B_SPLINE_CURVE(3,(#1518,#1519,#1520,#1521),
.UNSPECIFIED.,.F.,.F.) B_SPLINE_CURVE_WITH_KNOTS((4,4),(3.486393433371,
3.505340269076),.PIECEWISE_BEZIER_KNOTS.) CURVE() 
GEOMETRIC_REPRESENTATION_ITEM() RATIONAL_B_SPLINE_CURVE((1.,1.,1.,1.)) 
REPRESENTATION_ITEM('') );
#1518 = CARTESIAN_POINT('',(15.677177840729,4.405271823238,12.5));
#1519 = CARTESIAN_POINT('',(15.67025659843,4.407662963717,
    12.502261716043));
#1520 = CARTESIAN_POINT('',(15.663333214681,4.41003206179,
    12.504523127242));
#1521 = CARTESIAN_POINT('',(15.656407434898,4.412379247868,
    12.506783980688));
#1522 = ORIENTED_EDGE('',*,*,#1523,.F.);
#1523 = EDGE_CURVE('',#811,#1515,#1524,.T.);
#1524 = ( BOUNDED_CURVE() B_SPLINE_CURVE(2,(#1525,#1526,#1527),
.UNSPECIFIED.,.F.,.F.) B_SPLINE_CURVE_WITH_KNOTS((3,3),(0.,
1.894683570519E-02),.PIECEWISE_BEZIER_KNOTS.) CURVE() 
GEOMETRIC_REPRESENTATION_ITEM() RATIONAL_B_SPLINE_CURVE((1.,
0.795237944987,1.)) REPRESENTATION_ITEM('') );
#1525 = CARTESIAN_POINT('',(14.814728478329,6.075700121997,
    11.492881279879));
#1526 = CARTESIAN_POINT('',(14.683647588726,4.758732174459,
    11.661849160158));
#1527 = CARTESIAN_POINT('',(15.656407434898,4.412379247868,
    12.506783980688));
#1528 = ORIENTED_EDGE('',*,*,#1004,.F.);
#1529 = ( BOUNDED_SURFACE() B_SPLINE_SURFACE(2,3,(
    (#1530,#1531,#1532,#1533)
    ,(#1534,#1535,#1536,#1537)
    ,(#1538,#1539,#1540,#1541
)),.UNSPECIFIED.,.F.,.F.,.F.) B_SPLINE_SURFACE_WITH_KNOTS((3,3),(4,4),(
    0.,1.894683570519E-02),(3.486393433371,3.505340269076),
.PIECEWISE_BEZIER_KNOTS.) GEOMETRIC_REPRESENTATION_ITEM() 
RATIONAL_B_SPLINE_SURFACE((
    (1.,1.,1.,1.)
    ,(0.793081814736,0.793801649359,0.794520335489,0.795237944987)
,(1.,1.,1.,1.))) REPRESENTATION_ITEM('') SURFACE() );
#1530 = CARTESIAN_POINT('',(14.825834523215,6.07166505885,
    11.478550896793));
#1531 = CARTESIAN_POINT('',(14.822139503899,6.07304678487,
    11.483323428223));
#1532 = CARTESIAN_POINT('',(14.818437490829,6.074391817944,
    11.488100232222));
#1533 = CARTESIAN_POINT('',(14.814728478329,6.075700121997,
    11.492881279879));
#1534 = CARTESIAN_POINT('',(14.693648973773,4.745059911098,
    11.649283343771));
#1535 = CARTESIAN_POINT('',(14.690325668079,4.749656122963,
    11.653462330161));
#1536 = CARTESIAN_POINT('',(14.68699186125,4.754213500192,11.6576509704)
  );
#1537 = CARTESIAN_POINT('',(14.683647588726,4.758732174459,
    11.661849160158));
#1538 = CARTESIAN_POINT('',(15.677177840729,4.405271823238,12.5));
#1539 = CARTESIAN_POINT('',(15.67025659843,4.407662963717,
    12.502261716043));
#1540 = CARTESIAN_POINT('',(15.663333214681,4.41003206179,
    12.504523127242));
#1541 = CARTESIAN_POINT('',(15.656407434898,4.412379247868,
    12.506783980688));
#1542 = ADVANCED_FACE('',(#1543),#1566,.F.);
#1543 = FACE_BOUND('',#1544,.F.);
#1544 = EDGE_LOOP('',(#1545,#1553,#1564,#1565));
#1545 = ORIENTED_EDGE('',*,*,#1546,.T.);
#1546 = EDGE_CURVE('',#66,#1547,#1549,.T.);
#1547 = VERTEX_POINT('',#1548);
#1548 = CARTESIAN_POINT('',(15.677179321189,4.405271311771,-12.5));
#1549 = ( BOUNDED_CURVE() B_SPLINE_CURVE(2,(#1550,#1551,#1552),
.UNSPECIFIED.,.F.,.F.) B_SPLINE_CURVE_WITH_KNOTS((3,3),(0.,
1.894746849665E-02),.PIECEWISE_BEZIER_KNOTS.) CURVE() 
GEOMETRIC_REPRESENTATION_ITEM() RATIONAL_B_SPLINE_CURVE((1.,0.79308131,
1.)) REPRESENTATION_ITEM('') );
#1550 = CARTESIAN_POINT('',(14.825779847688,6.071682085456,
    -11.47862151601));
#1551 = CARTESIAN_POINT('',(14.693651374949,4.745059214189,
    -11.64927856274));
#1552 = CARTESIAN_POINT('',(15.677179321189,4.405271311771,-12.5));
#1553 = ORIENTED_EDGE('',*,*,#1554,.T.);
#1554 = EDGE_CURVE('',#1547,#1435,#1555,.T.);
#1555 = ( BOUNDED_CURVE() B_SPLINE_CURVE(7,(#1556,#1557,#1558,#1559,
    #1560,#1561,#1562,#1563),.UNSPECIFIED.,.F.,.F.) 
B_SPLINE_CURVE_WITH_KNOTS((8,8),(3.364269975699,9.869835135252),
.PIECEWISE_BEZIER_KNOTS.) CURVE() GEOMETRIC_REPRESENTATION_ITEM() 
RATIONAL_B_SPLINE_CURVE((1.,1.,1.,1.,1.,1.,1.,1.)) REPRESENTATION_ITEM(
  '') );
#1556 = CARTESIAN_POINT('',(15.677179321189,4.405271311771,-12.5));
#1557 = CARTESIAN_POINT('',(16.195900917425,4.226064077449,
    -11.73485454018));
#1558 = CARTESIAN_POINT('',(16.662809787645,4.036174055566,
    -10.95923808247));
#1559 = CARTESIAN_POINT('',(17.082594968045,3.842393207844,
    -10.17459374016));
#1560 = CARTESIAN_POINT('',(17.457101140462,3.651000280995,
    -9.386318814219));
#1561 = CARTESIAN_POINT('',(17.792310730817,3.464830093461,
    -8.588272460928));
#1562 = CARTESIAN_POINT('',(18.088045786519,3.288933320489,
    -7.784908454003));
#1563 = CARTESIAN_POINT('',(18.346482941141,3.12661477866,
    -6.974494921755));
#1564 = ORIENTED_EDGE('',*,*,#1434,.F.);
#1565 = ORIENTED_EDGE('',*,*,#65,.F.);
#1566 = ( BOUNDED_SURFACE() B_SPLINE_SURFACE(2,7,(
    (#1567,#1568,#1569,#1570,#1571,#1572,#1573,#1574)
    ,(#1575,#1576,#1577,#1578,#1579,#1580,#1581,#1582)
    ,(#1583,#1584,#1585,#1586,#1587,#1588,#1589,#1590
)),.UNSPECIFIED.,.F.,.F.,.F.) B_SPLINE_SURFACE_WITH_KNOTS((3,3),(8,8),(
    0.,6.505565159553),(3.364269975699,9.869835135252),
.PIECEWISE_BEZIER_KNOTS.) GEOMETRIC_REPRESENTATION_ITEM() 
RATIONAL_B_SPLINE_SURFACE((
    (1.,1.,1.,1.,1.,1.,1.,1.)
    ,(0.79308131,0.806019035466,0.818254002679,0.829700189351
      ,0.840170775785,0.849760282899,0.858355564917,0.865965052122)
,(1.,1.,1.,1.,1.,1.,1.,1.))) REPRESENTATION_ITEM('') SURFACE() );
#1567 = CARTESIAN_POINT('',(14.825779847688,6.071682085456,
    -11.47862151601));
#1568 = CARTESIAN_POINT('',(15.369664792451,5.868311881796,
    -10.77614008631));
#1569 = CARTESIAN_POINT('',(15.856182574067,5.653268721701,
    -10.06779099051));
#1570 = CARTESIAN_POINT('',(16.300347294977,5.43128309685,
    -9.342095640192));
#1571 = CARTESIAN_POINT('',(16.690065205639,5.213549777636,
    -8.620555119226));
#1572 = CARTESIAN_POINT('',(17.042007742639,5.0010596643,-7.887322558583
    ));
#1573 = CARTESIAN_POINT('',(17.351893118552,4.800045891588,
    -7.148823422596));
#1574 = CARTESIAN_POINT('',(17.623196895724,4.614187257685,
    -6.401986502216));
#1575 = CARTESIAN_POINT('',(14.693651374949,4.745059214189,
    -11.64927856274));
#1576 = CARTESIAN_POINT('',(15.227861630539,4.606231078877,
    -10.97572944981));
#1577 = CARTESIAN_POINT('',(15.719765544337,4.449889589512,
    -10.28130017663));
#1578 = CARTESIAN_POINT('',(16.171187967174,4.282115441874,
    -9.566498116484));
#1579 = CARTESIAN_POINT('',(16.578163179305,4.110749607194,
    -8.839920197858));
#1580 = CARTESIAN_POINT('',(16.945917195225,3.939833810347,
    -8.097642107796));
#1581 = CARTESIAN_POINT('',(17.272682281888,3.775049606604,
    -7.34347131037));
#1582 = CARTESIAN_POINT('',(17.559386219945,3.620972458191,
    -6.577642621281));
#1583 = CARTESIAN_POINT('',(15.677179321189,4.405271311771,-12.5));
#1584 = CARTESIAN_POINT('',(16.195900917425,4.226064077449,
    -11.73485454018));
#1585 = CARTESIAN_POINT('',(16.662809787645,4.036174055566,
    -10.95923808247));
#1586 = CARTESIAN_POINT('',(17.082594968045,3.842393207844,
    -10.17459374016));
#1587 = CARTESIAN_POINT('',(17.457101140462,3.651000280995,
    -9.386318814219));
#1588 = CARTESIAN_POINT('',(17.792310730817,3.464830093461,
    -8.588272460928));
#1589 = CARTESIAN_POINT('',(18.088045786519,3.288933320489,
    -7.784908454003));
#1590 = CARTESIAN_POINT('',(18.346482941141,3.12661477866,
    -6.974494921755));
#1591 = ADVANCED_FACE('',(#1592),#1788,.F.);
#1592 = FACE_BOUND('',#1593,.F.);
#1593 = EDGE_LOOP('',(#1594,#1595,#1787));
#1594 = ORIENTED_EDGE('',*,*,#1523,.T.);
#1595 = ORIENTED_EDGE('',*,*,#1596,.T.);
#1596 = EDGE_CURVE('',#1515,#803,#1597,.T.);
#1597 = ( BOUNDED_CURVE() B_SPLINE_CURVE(12,(#1598,#1599,#1600,#1601,
    #1602,#1603,#1604,#1605,#1606,#1607,#1608,#1609,#1610,#1611,#1612,
    #1613,#1614,#1615,#1616,#1617,#1618,#1619,#1620,#1621,#1622,#1623,
    #1624,#1625,#1626,#1627,#1628,#1629,#1630,#1631,#1632,#1633,#1634,
    #1635,#1636,#1637,#1638,#1639,#1640,#1641,#1642,#1643,#1644,#1645,
    #1646,#1647,#1648,#1649,#1650,#1651,#1652,#1653,#1654,#1655,#1656,
    #1657,#1658,#1659,#1660,#1661,#1662,#1663,#1664,#1665,#1666,#1667,
    #1668,#1669,#1670,#1671,#1672,#1673,#1674,#1675,#1676,#1677,#1678,
    #1679,#1680,#1681,#1682,#1683,#1684,#1685,#1686,#1687,#1688,#1689,
    #1690,#1691,#1692,#1693,#1694,#1695,#1696,#1697,#1698,#1699,#1700,
    #1701,#1702,#1703,#1704,#1705,#1706,#1707,#1708,#1709,#1710,#1711,
    #1712,#1713,#1714,#1715,#1716,#1717,#1718,#1719,#1720,#1721,#1722,
    #1723,#1724,#1725,#1726,#1727,#1728,#1729,#1730,#1731,#1732,#1733,
    #1734,#1735,#1736,#1737,#1738,#1739,#1740,#1741,#1742,#1743,#1744,
    #1745,#1746,#1747,#1748,#1749,#1750,#1751,#1752,#1753,#1754,#1755,
    #1756,#1757,#1758,#1759,#1760,#1761,#1762,#1763,#1764,#1765,#1766,
    #1767,#1768,#1769,#1770,#1771,#1772,#1773,#1774,#1775,#1776,#1777,
    #1778,#1779,#1780,#1781,#1782,#1783,#1784,#1785,#1786),
.UNSPECIFIED.,.F.,.F.) B_SPLINE_CURVE_WITH_KNOTS((13,11,11,11,11,11,11,
    11,11,11,11,11,11,11,11,11,11,13),(3.505340269079,3.607152865484,
    3.658059163686,3.708965461888,3.912590654697,4.319841040316,
    5.134341811552,5.907533663424,6.386205884478,6.623638679601,
    6.737120271899,6.793861068049,6.822231466123,6.83641666516,
    6.843509264679,6.847055564438,6.848828714318,6.850601864198),
.UNSPECIFIED.) CURVE() GEOMETRIC_REPRESENTATION_ITEM() 
RATIONAL_B_SPLINE_CURVE((1.,1.,1.,1.,0.999999999999,1.000000000001,
    0.999999999998,1.000000000001,0.999999999999,1.,1.,1.,1.,1.,1.,
    0.999999999999,1.000000000001,1.,1.,1.,1.,1.,1.,1.,1.,0.999999999999
    ,1.000000000002,0.999999999997,1.000000000003,0.999999999997,
    1.000000000002,0.999999999999,1.,1.,1.,0.999999999999,1.000000000001
    ,0.999999999998,1.000000000003,0.999999999996,1.000000000003,
    0.999999999998,1.000000000001,1.,1.,1.,1.,1.,1.000000000001,
    0.999999999999,1.000000000001,1.,1.,1.,1.,1.,1.,0.999999999999,
    1.000000000001,0.999999999998,1.000000000003,0.999999999997,
    1.000000000003,0.999999999998,1.000000000001,1.,1.,1.,1.,
    1.000000000001,0.999999999998,1.000000000004,0.999999999996,
    1.000000000003,0.999999999998,1.000000000001,1.,1.,1.,1.,
    0.999999999999,1.000000000002,0.999999999996,1.000000000004,
    0.999999999996,1.000000000002,0.999999999999,1.,1.,1.,1.000000000001
    ,0.999999999998,1.000000000003,0.999999999995,1.000000000005,
    0.999999999996,1.000000000003,0.999999999999,1.000000000001,1.,1.,
    0.999999999999,1.000000000002,0.999999999995,1.000000000006,
    0.999999999993,1.000000000006,0.999999999996,1.000000000002,
    0.999999999999,1.,1.,1.,1.,1.,1.,0.999999999999,1.000000000001,
    0.999999999999,1.,1.,1.,1.,1.,0.999999999999,1.000000000001,
    0.999999999998,1.000000000002,0.999999999998,1.000000000001,
    0.999999999999,1.,1.,1.,1.,0.999999999999,1.000000000001,
    0.999999999998,1.000000000002,0.999999999998,1.000000000001,
    0.999999999999,1.,1.,1.,0.999999999999,1.000000000002,0.999999999997
    ,1.000000000004,0.999999999996,1.000000000003,0.999999999998,
    1.000000000001,1.,1.,1.,0.999999999999,1.000000000002,0.999999999997
    ,1.000000000004,0.999999999996,1.000000000003,0.999999999998,
    1.000000000001,1.,1.,1.,1.,1.000000000001,0.999999999998,
    1.000000000004,0.999999999996,1.000000000003,0.999999999998,
    1.000000000001,1.,1.,1.,1.,1.000000000001,0.999999999998,
    1.000000000003,0.999999999997,1.000000000002,0.999999999999,
1.000000000001,1.,1.,1.)) REPRESENTATION_ITEM('') );
#1598 = CARTESIAN_POINT('',(15.656407434895,4.412379247869,
    12.506783980689));
#1599 = CARTESIAN_POINT('',(15.647106461489,4.415531347255,
    12.509823907394));
#1600 = CARTESIAN_POINT('',(15.637787917444,4.418660137516,
    12.512850484551));
#1601 = CARTESIAN_POINT('',(15.62846497373,4.421761352037,
    12.515875065735));
#1602 = CARTESIAN_POINT('',(15.619144839464,4.424832812295,
    12.518903827158));
#1603 = CARTESIAN_POINT('',(15.609830077574,4.427873969718,
    12.52193890977));
#1604 = CARTESIAN_POINT('',(15.600519920385,4.430885447541,
    12.524979561355));
#1605 = CARTESIAN_POINT('',(15.591211585324,4.433868582654,
    12.528023278627));
#1606 = CARTESIAN_POINT('',(15.581901590466,4.43682496747,
    12.531066949325));
#1607 = CARTESIAN_POINT('',(15.572587070263,4.439755991763,
    12.534107994314));
#1608 = CARTESIAN_POINT('',(15.563267091096,4.44266238454,
    12.537145509677));
#1609 = CARTESIAN_POINT('',(15.553943966967,4.445543755882,
    12.540181408815));
#1610 = CARTESIAN_POINT('',(15.53996487917,4.449825330274,
    12.544741642402));
#1611 = CARTESIAN_POINT('',(15.535307687602,4.45124499482,
    12.546264220933));
#1612 = CARTESIAN_POINT('',(15.530644772702,4.452660711352,
    12.547781928311));
#1613 = CARTESIAN_POINT('',(15.525986967004,4.454067863679,
    12.549304446392));
#1614 = CARTESIAN_POINT('',(15.521335161107,4.455466051584,
    12.550832575825));
#1615 = CARTESIAN_POINT('',(15.516682862628,4.456858046689,
    12.552360512459));
#1616 = CARTESIAN_POINT('',(15.512026948153,4.458245207808,
    12.553885458407));
#1617 = CARTESIAN_POINT('',(15.507372529634,4.459625354961,
    12.555411983879));
#1618 = CARTESIAN_POINT('',(15.502727145477,4.460995186021,
    12.556946848725));
#1619 = CARTESIAN_POINT('',(15.498088776285,4.462355404388,
    12.558488285364));
#1620 = CARTESIAN_POINT('',(15.493441473974,4.463712810924,
    12.560022037596));
#1621 = CARTESIAN_POINT('',(15.484121891217,4.466426584713,
    12.563067447481));
#1622 = CARTESIAN_POINT('',(15.479461861861,4.467777419254,
    12.564590128981));
#1623 = CARTESIAN_POINT('',(15.474801608704,4.469122235997,
    12.566112790309));
#1624 = CARTESIAN_POINT('',(15.470141145928,4.470461069496,
    12.567635434734));
#1625 = CARTESIAN_POINT('',(15.4654804877,4.47179395431,12.569158065528)
  );
#1626 = CARTESIAN_POINT('',(15.460819648218,4.473120924991,
    12.570680685959));
#1627 = CARTESIAN_POINT('',(15.456158641632,4.474442016099,12.5722032993
    ));
#1628 = CARTESIAN_POINT('',(15.451497482149,4.475757262184,
    12.573725908818));
#1629 = CARTESIAN_POINT('',(15.446836183922,4.477066697807,
    12.575248517787));
#1630 = CARTESIAN_POINT('',(15.442174761146,4.47837035752,
    12.576771129473));
#1631 = CARTESIAN_POINT('',(15.437513227989,4.47966827588,
    12.578293747149));
#1632 = CARTESIAN_POINT('',(15.41420508121,4.486129333695,
    12.585906881827));
#1633 = CARTESIAN_POINT('',(15.39555703573,4.491206838933,
    12.591997559288));
#1634 = CARTESIAN_POINT('',(15.376908274025,4.496195138714,
    12.598088563309));
#1635 = CARTESIAN_POINT('',(15.358259624939,4.501096306031,
    12.604180087341));
#1636 = CARTESIAN_POINT('',(15.33961193432,4.505912351321,12.61027236144
    ));
#1637 = CARTESIAN_POINT('',(15.320966065036,4.510645222444,
    12.616365652266));
#1638 = CARTESIAN_POINT('',(15.302322896946,4.515296804716,
    12.62246026309));
#1639 = CARTESIAN_POINT('',(15.283683326942,4.519868920871,
    12.628556533784));
#1640 = CARTESIAN_POINT('',(15.265048268904,4.524363331098,
    12.634654840831));
#1641 = CARTESIAN_POINT('',(15.246418653736,4.528781733009,
    12.640755597317));
#1642 = CARTESIAN_POINT('',(15.227795429343,4.533125761663,
    12.646859252934));
#1643 = CARTESIAN_POINT('',(15.171947823246,4.545939445327,
    12.665180376082));
#1644 = CARTESIAN_POINT('',(15.134744936102,4.554191048019,
    12.677407441149));
#1645 = CARTESIAN_POINT('',(15.09757946736,4.562163962844,
    12.689652195476));
#1646 = CARTESIAN_POINT('',(15.06045980038,4.569869491755,12.7019195386)
  );
#1647 = CARTESIAN_POINT('',(15.023394133718,4.57731807346,
    12.714214563308));
#1648 = CARTESIAN_POINT('',(14.986390481153,4.584519283388,
    12.726542555632));
#1649 = CARTESIAN_POINT('',(14.949456671651,4.59148183374,
    12.738908994854));
#1650 = CARTESIAN_POINT('',(14.912600349404,4.598213573431,
    12.751319553502));
#1651 = CARTESIAN_POINT('',(14.875828973794,4.604721488141,
    12.763780097354));
#1652 = CARTESIAN_POINT('',(14.839149819423,4.611011700279,
    12.776296685434));
#1653 = CARTESIAN_POINT('',(14.80256997609,4.617089469003,
    12.788875570014));
#1654 = CARTESIAN_POINT('',(14.69314909424,4.634698632627,
    12.826818449813));
#1655 = CARTESIAN_POINT('',(14.620624464531,4.645608173211,
    12.852386023743));
#1656 = CARTESIAN_POINT('',(14.548574236133,4.655725519398,
    12.878274136677));
#1657 = CARTESIAN_POINT('',(14.47704071426,4.665080881571,
    12.904526595884));
#1658 = CARTESIAN_POINT('',(14.406057378196,4.673697978699,
    12.931182991483));
#1659 = CARTESIAN_POINT('',(14.335649526632,4.681595043955,
    12.95827889028));
#1660 = CARTESIAN_POINT('',(14.265834922976,4.688785830365,
    12.98584602962));
#1661 = CARTESIAN_POINT('',(14.196624440677,4.695280616417,
    13.013912511234));
#1662 = CARTESIAN_POINT('',(14.128022708557,4.701087211714,
    13.042502995081));
#1663 = CARTESIAN_POINT('',(14.060028756112,4.706211962584,
    13.071638893202));
#1664 = CARTESIAN_POINT('',(13.992636658857,4.710660757726,
    13.101338563557));
#1665 = CARTESIAN_POINT('',(13.86242361857,4.718027636933,
    13.160360791509));
#1666 = CARTESIAN_POINT('',(13.809849004515,4.716869423436,
    13.188170890514));
#1667 = CARTESIAN_POINT('',(13.75134263052,4.716802453018,
    13.217494247007));
#1668 = CARTESIAN_POINT('',(13.685511657825,4.718539985069,
    13.24947949827));
#1669 = CARTESIAN_POINT('',(13.626701166206,4.71690853429,
    13.281014081355));
#1670 = CARTESIAN_POINT('',(13.563221416197,4.716070575491,
    13.314237924443));
#1671 = CARTESIAN_POINT('',(13.496577883639,4.715614235838,
    13.349134594553));
#1672 = CARTESIAN_POINT('',(13.433506383737,4.713173013239,
    13.384437868082));
#1673 = CARTESIAN_POINT('',(13.366437604846,4.711411679556,
    13.421460445798));
#1674 = CARTESIAN_POINT('',(13.300442801507,4.708658140324,
    13.459384232164));
#1675 = CARTESIAN_POINT('',(13.233734691335,4.705578565885,
    13.498476286035));
#1676 = CARTESIAN_POINT('',(13.125595559228,4.699804608497,
    13.563495948615));
#1677 = CARTESIAN_POINT('',(13.08419448256,4.697417475252,
    13.588768486836));
#1678 = CARTESIAN_POINT('',(13.04277947671,4.694851825601,
    13.614443946587));
#1679 = CARTESIAN_POINT('',(13.001387676967,4.692109022098,
    13.640513155756));
#1680 = CARTESIAN_POINT('',(12.960055103391,4.689190947045,
    13.666965976553));
#1681 = CARTESIAN_POINT('',(12.918816660785,4.686100002518,
    13.693791305518));
#1682 = CARTESIAN_POINT('',(12.877706138732,4.682839110327,
    13.720977073505));
#1683 = CARTESIAN_POINT('',(12.836756211553,4.679411712062,
    13.748510245704));
#1684 = CARTESIAN_POINT('',(12.795998438348,4.67582176905,
    13.776376821621));
#1685 = CARTESIAN_POINT('',(12.755463262962,4.672073762389,
    13.804561835091));
#1686 = CARTESIAN_POINT('',(12.715180014008,4.668172692926,
    13.83304935427));
#1687 = CARTESIAN_POINT('',(12.655334412222,4.662115873689,
    13.876094636478));
#1688 = CARTESIAN_POINT('',(12.635561334552,4.660071149943,
    13.890437549676));
#1689 = CARTESIAN_POINT('',(12.615860831521,4.657990662565,
    13.904848782161));
#1690 = CARTESIAN_POINT('',(12.596236062799,4.655875164084,
    13.919325894866));
#1691 = CARTESIAN_POINT('',(12.576690188065,4.653725407039,
    13.933866448714));
#1692 = CARTESIAN_POINT('',(12.557226366987,4.651542143952,
    13.948468004646));
#1693 = CARTESIAN_POINT('',(12.537847759245,4.64932612737,
    13.963128123577));
#1694 = CARTESIAN_POINT('',(12.518557524508,4.647078109811,
    13.97784436645));
#1695 = CARTESIAN_POINT('',(12.499358822453,4.644798843819,
    13.992614294185));
#1696 = CARTESIAN_POINT('',(12.480254812751,4.642489081919,
    14.007435467717));
#1697 = CARTESIAN_POINT('',(12.461248655079,4.640149576647,
    14.022305447973));
#1698 = CARTESIAN_POINT('',(12.433307747785,4.636649051955,14.0443511013
    ));
#1699 = CARTESIAN_POINT('',(12.42429496974,4.635510430134,
    14.051490904089));
#1700 = CARTESIAN_POINT('',(12.415305470804,4.634365310923,
    14.058640884444));
#1701 = CARTESIAN_POINT('',(12.406339546808,4.633213790174,
    14.065800722555));
#1702 = CARTESIAN_POINT('',(12.397397493579,4.632055963732,
    14.072970098617));
#1703 = CARTESIAN_POINT('',(12.388479606953,4.630891927456,
    14.080148692819));
#1704 = CARTESIAN_POINT('',(12.379586182753,4.629721777186,
    14.087336185354));
#1705 = CARTESIAN_POINT('',(12.370717516814,4.628545608782,
    14.094532256415));
#1706 = CARTESIAN_POINT('',(12.361873904964,4.627363518086,
    14.101736586192));
#1707 = CARTESIAN_POINT('',(12.353055643034,4.626175600954,
    14.108948854879));
#1708 = CARTESIAN_POINT('',(12.344263026853,4.624981953234,
    14.116168742667));
#1709 = CARTESIAN_POINT('',(12.331113014952,4.623183029549,
    14.127009523287));
#1710 = CARTESIAN_POINT('',(12.326736158518,4.622581980939,
    14.130624935824));
#1711 = CARTESIAN_POINT('',(12.322365816771,4.621979537592,
    14.134242124315));
#1712 = CARTESIAN_POINT('',(12.31800202352,4.621375712146,
    14.137861045724));
#1713 = CARTESIAN_POINT('',(12.313644812595,4.620770517249,14.141481657)
  );
#1714 = CARTESIAN_POINT('',(12.309294217792,4.620163965536,
    14.145103915119));
#1715 = CARTESIAN_POINT('',(12.304950272955,4.619556069655,
    14.14872777702));
#1716 = CARTESIAN_POINT('',(12.300613011873,4.618946842244,
    14.152353199684));
#1717 = CARTESIAN_POINT('',(12.296282468385,4.618336295947,
    14.155980140051));
#1718 = CARTESIAN_POINT('',(12.291958676294,4.617724443406,
    14.159608555093));
#1719 = CARTESIAN_POINT('',(12.287641669423,4.617111297262,
    14.163238401764));
#1720 = CARTESIAN_POINT('',(12.281176387669,4.616189656606,
    14.168685254655));
#1721 = CARTESIAN_POINT('',(12.279022998141,4.615882122873,
    14.170501219151));
#1722 = CARTESIAN_POINT('',(12.276871316974,4.61557427056,
    14.172317524999));
#1723 = CARTESIAN_POINT('',(12.274721348141,4.615266101267,
    14.174134166685));
#1724 = CARTESIAN_POINT('',(12.272573095609,4.614957616592,
    14.175951138694));
#1725 = CARTESIAN_POINT('',(12.270426563353,4.614648818139,
    14.177768435515));
#1726 = CARTESIAN_POINT('',(12.268281755342,4.614339707503,
    14.17958605163));
#1727 = CARTESIAN_POINT('',(12.266138675546,4.61403028629,
    14.181403981529));
#1728 = CARTESIAN_POINT('',(12.263997327938,4.613720556094,
    14.183222219695));
#1729 = CARTESIAN_POINT('',(12.261857716488,4.61341051852,
    14.185040760616));
#1730 = CARTESIAN_POINT('',(12.259719845167,4.613100175164,
    14.186859598777));
#1731 = CARTESIAN_POINT('',(12.256515654336,4.612634203861,
    14.189588293609));
#1732 = CARTESIAN_POINT('',(12.255448026721,4.61247880405,
    14.190497931473));
#1733 = CARTESIAN_POINT('',(12.254380835578,4.612323328393,
    14.191407641564));
#1734 = CARTESIAN_POINT('',(12.253314081386,4.612167777091,
    14.192317423187));
#1735 = CARTESIAN_POINT('',(12.25224776462,4.612012150345,
    14.193227275647));
#1736 = CARTESIAN_POINT('',(12.251181885758,4.611856448352,
    14.194137198251));
#1737 = CARTESIAN_POINT('',(12.250116445278,4.611700671313,
    14.195047190302));
#1738 = CARTESIAN_POINT('',(12.249051443655,4.611544819428,
    14.195957251109));
#1739 = CARTESIAN_POINT('',(12.24798688137,4.611388892896,
    14.196867379975));
#1740 = CARTESIAN_POINT('',(12.246922758895,4.611232891916,
    14.197777576207));
#1741 = CARTESIAN_POINT('',(12.245859076711,4.61107681669,14.19868783911
    ));
#1742 = CARTESIAN_POINT('',(12.244264214586,4.610842592777,
    14.20005333243));
#1743 = CARTESIAN_POINT('',(12.243732704067,4.610764499628,
    14.200508513364));
#1744 = CARTESIAN_POINT('',(12.243201303796,4.610686387991,
    14.200963710705));
#1745 = CARTESIAN_POINT('',(12.242670013833,4.610608257892,
    14.201418924365));
#1746 = CARTESIAN_POINT('',(12.24213883423,4.610530109354,
    14.201874154258));
#1747 = CARTESIAN_POINT('',(12.241607765056,4.610451942406,
    14.202329400298));
#1748 = CARTESIAN_POINT('',(12.241076806357,4.610373757068,
    14.202784662395));
#1749 = CARTESIAN_POINT('',(12.240545958204,4.610295553369,
    14.203239940466));
#1750 = CARTESIAN_POINT('',(12.240015220644,4.61021733133,14.20369523442
    ));
#1751 = CARTESIAN_POINT('',(12.239484593742,4.610139090979,
    14.204150544173));
#1752 = CARTESIAN_POINT('',(12.238954077555,4.610060832339,
    14.204605869636));
#1753 = CARTESIAN_POINT('',(12.238158469433,4.609943416984,
    14.205288881267));
#1754 = CARTESIAN_POINT('',(12.237893294418,4.609904273967,
    14.205516555717));
#1755 = CARTESIAN_POINT('',(12.237628147104,4.609865126386,
    14.205744234061));
#1756 = CARTESIAN_POINT('',(12.237363027498,4.609825974247,
    14.205971916291));
#1757 = CARTESIAN_POINT('',(12.237097935606,4.609786817549,
    14.206199602392));
#1758 = CARTESIAN_POINT('',(12.236832871436,4.609747656301,
    14.206427292358));
#1759 = CARTESIAN_POINT('',(12.236567834995,4.609708490499,
    14.206654986173));
#1760 = CARTESIAN_POINT('',(12.23630282629,4.609669320153,14.20688268383
    ));
#1761 = CARTESIAN_POINT('',(12.236037845329,4.60963014526,
    14.207110385316));
#1762 = CARTESIAN_POINT('',(12.235772892119,4.609590965827,
    14.207338090622));
#1763 = CARTESIAN_POINT('',(12.235507966666,4.609551781856,
    14.207565799736));
#1764 = CARTESIAN_POINT('',(12.235110620135,4.609492999098,
    14.207907369102));
#1765 = CARTESIAN_POINT('',(12.234978178233,4.609473403711,
    14.208021226506));
#1766 = CARTESIAN_POINT('',(12.234845743272,4.609453807191,
    14.208135084859));
#1767 = CARTESIAN_POINT('',(12.234713315256,4.609434209538,
    14.208248944158));
#1768 = CARTESIAN_POINT('',(12.234580894182,4.609414610752,
    14.208362804402));
#1769 = CARTESIAN_POINT('',(12.234448480054,4.609395010835,
    14.20847666559));
#1770 = CARTESIAN_POINT('',(12.234316072871,4.609375409785,
    14.208590527721));
#1771 = CARTESIAN_POINT('',(12.234183672635,4.609355807604,
    14.208704390793));
#1772 = CARTESIAN_POINT('',(12.234051279346,4.609336204292,
    14.208818254804));
#1773 = CARTESIAN_POINT('',(12.233918893006,4.60931659985,
    14.208932119754));
#1774 = CARTESIAN_POINT('',(12.233786513616,4.609296994277,
    14.209045985641));
#1775 = CARTESIAN_POINT('',(12.233521768734,4.609257780872,
    14.209273719286));
#1776 = CARTESIAN_POINT('',(12.233385770487,4.609252978605,
    14.209390714031));
#1777 = CARTESIAN_POINT('',(12.233280584967,4.609122624016,
    14.209481192867));
#1778 = CARTESIAN_POINT('',(12.233047969318,4.609511647445,
    14.209681367293));
#1779 = CARTESIAN_POINT('',(12.233152189683,4.60852789827,
    14.209591608608));
#1780 = CARTESIAN_POINT('',(12.232628812015,4.610101997987,
    14.210042077549));
#1781 = CARTESIAN_POINT('',(12.232967441652,4.608162951108,
    14.209750559048));
#1782 = CARTESIAN_POINT('',(12.232416334481,4.609850118883,
    14.210224910683));
#1783 = CARTESIAN_POINT('',(12.232557200197,4.608717127771,
    14.210103636255));
#1784 = CARTESIAN_POINT('',(12.232298035023,4.609214519039,
    14.210326705338));
#1785 = CARTESIAN_POINT('',(12.232204574404,4.609036596504,
    14.210407146992));
#1786 = CARTESIAN_POINT('',(12.2320661308,4.609042032654,14.210526315789
    ));
#1787 = ORIENTED_EDGE('',*,*,#810,.F.);
#1788 = ( BOUNDED_SURFACE() B_SPLINE_SURFACE(2,12,(
    (#1789,#1790,#1791,#1792,#1793,#1794,#1795,#1796,#1797,#1798,#1799
      ,#1800,#1801,#1802,#1803,#1804,#1805,#1806,#1807,#1808,#1809,#1810
      ,#1811,#1812,#1813,#1814,#1815,#1816,#1817,#1818,#1819,#1820,#1821
      ,#1822,#1823,#1824,#1825,#1826,#1827,#1828,#1829,#1830,#1831,#1832
      ,#1833,#1834,#1835,#1836,#1837,#1838,#1839,#1840,#1841,#1842,#1843
      ,#1844,#1845,#1846,#1847,#1848,#1849,#1850,#1851,#1852,#1853,#1854
      ,#1855,#1856,#1857,#1858,#1859,#1860,#1861,#1862,#1863,#1864,#1865
      ,#1866,#1867,#1868,#1869,#1870,#1871,#1872,#1873,#1874,#1875,#1876
      ,#1877,#1878,#1879,#1880,#1881,#1882,#1883,#1884,#1885,#1886,#1887
      ,#1888,#1889,#1890,#1891,#1892,#1893,#1894,#1895,#1896,#1897,#1898
      ,#1899,#1900,#1901,#1902,#1903,#1904,#1905,#1906,#1907,#1908,#1909
      ,#1910,#1911,#1912,#1913,#1914,#1915,#1916,#1917,#1918,#1919,#1920
      ,#1921,#1922,#1923,#1924,#1925,#1926,#1927,#1928,#1929,#1930,#1931
      ,#1932,#1933,#1934,#1935,#1936,#1937,#1938,#1939,#1940,#1941,#1942
      ,#1943,#1944,#1945,#1946,#1947,#1948,#1949,#1950,#1951,#1952,#1953
      ,#1954,#1955,#1956,#1957,#1958,#1959,#1960,#1961,#1962,#1963,#1964
      ,#1965,#1966,#1967,#1968,#1969,#1970,#1971,#1972,#1973,#1974,#1975
      ,#1976,#1977)
    ,(#1978,#1979,#1980,#1981,#1982,#1983,#1984,#1985,#1986,#1987,#1988
      ,#1989,#1990,#1991,#1992,#1993,#1994,#1995,#1996,#1997,#1998,#1999
      ,#2000,#2001,#2002,#2003,#2004,#2005,#2006,#2007,#2008,#2009,#2010
      ,#2011,#2012,#2013,#2014,#2015,#2016,#2017,#2018,#2019,#2020,#2021
      ,#2022,#2023,#2024,#2025,#2026,#2027,#2028,#2029,#2030,#2031,#2032
      ,#2033,#2034,#2035,#2036,#2037,#2038,#2039,#2040,#2041,#2042,#2043
      ,#2044,#2045,#2046,#2047,#2048,#2049,#2050,#2051,#2052,#2053,#2054
      ,#2055,#2056,#2057,#2058,#2059,#2060,#2061,#2062,#2063,#2064,#2065
      ,#2066,#2067,#2068,#2069,#2070,#2071,#2072,#2073,#2074,#2075,#2076
      ,#2077,#2078,#2079,#2080,#2081,#2082,#2083,#2084,#2085,#2086,#2087
      ,#2088,#2089,#2090,#2091,#2092,#2093,#2094,#2095,#2096,#2097,#2098
      ,#2099,#2100,#2101,#2102,#2103,#2104,#2105,#2106,#2107,#2108,#2109
      ,#2110,#2111,#2112,#2113,#2114,#2115,#2116,#2117,#2118,#2119,#2120
      ,#2121,#2122,#2123,#2124,#2125,#2126,#2127,#2128,#2129,#2130,#2131
      ,#2132,#2133,#2134,#2135,#2136,#2137,#2138,#2139,#2140,#2141,#2142
      ,#2143,#2144,#2145,#2146,#2147,#2148,#2149,#2150,#2151,#2152,#2153
      ,#2154,#2155,#2156,#2157,#2158,#2159,#2160,#2161,#2162,#2163,#2164
      ,#2165,#2166)
    ,(#2167,#2168,#2169,#2170,#2171,#2172,#2173,#2174,#2175,#2176,#2177
      ,#2178,#2179,#2180,#2181,#2182,#2183,#2184,#2185,#2186,#2187,#2188
      ,#2189,#2190,#2191,#2192,#2193,#2194,#2195,#2196,#2197,#2198,#2199
      ,#2200,#2201,#2202,#2203,#2204,#2205,#2206,#2207,#2208,#2209,#2210
      ,#2211,#2212,#2213,#2214,#2215,#2216,#2217,#2218,#2219,#2220,#2221
      ,#2222,#2223,#2224,#2225,#2226,#2227,#2228,#2229,#2230,#2231,#2232
      ,#2233,#2234,#2235,#2236,#2237,#2238,#2239,#2240,#2241,#2242,#2243
      ,#2244,#2245,#2246,#2247,#2248,#2249,#2250,#2251,#2252,#2253,#2254
      ,#2255,#2256,#2257,#2258,#2259,#2260,#2261,#2262,#2263,#2264,#2265
      ,#2266,#2267,#2268,#2269,#2270,#2271,#2272,#2273,#2274,#2275,#2276
      ,#2277,#2278,#2279,#2280,#2281,#2282,#2283,#2284,#2285,#2286,#2287
      ,#2288,#2289,#2290,#2291,#2292,#2293,#2294,#2295,#2296,#2297,#2298
      ,#2299,#2300,#2301,#2302,#2303,#2304,#2305,#2306,#2307,#2308,#2309
      ,#2310,#2311,#2312,#2313,#2314,#2315,#2316,#2317,#2318,#2319,#2320
      ,#2321,#2322,#2323,#2324,#2325,#2326,#2327,#2328,#2329,#2330,#2331
      ,#2332,#2333,#2334,#2335,#2336,#2337,#2338,#2339,#2340,#2341,#2342
      ,#2343,#2344,#2345,#2346,#2347,#2348,#2349,#2350,#2351,#2352,#2353
      ,#2354,#2355
)),.UNSPECIFIED.,.F.,.F.,.F.) B_SPLINE_SURFACE_WITH_KNOTS((3,3),(13,11,
    11,11,11,11,11,11,11,11,11,11,11,11,11,11,11,13),(0.,3.345261595119)
  ,(3.505340269079,3.607152865484,3.658059163686,3.708965461888,
    3.912590654697,4.319841040316,5.134341811552,5.907533663424,
    6.386205884478,6.623638679601,6.737120271899,6.793861068049,
    6.822231466123,6.83641666516,6.843509264679,6.847055564438,
    6.848828714318,6.850601864198),.UNSPECIFIED.) 
GEOMETRIC_REPRESENTATION_ITEM() RATIONAL_B_SPLINE_SURFACE((
    (1.,1.,1.,1.,0.999999999999,1.000000000001,0.999999999998
      ,1.000000000001,0.999999999999,1.,1.,1.,1.,1.,1.,0.999999999999
      ,1.000000000001,1.,1.,1.,1.,1.,1.,1.,1.,0.999999999999
      ,1.000000000002,0.999999999997,1.000000000003,0.999999999997
      ,1.000000000002,0.999999999999,1.,1.,1.,0.999999999999
      ,1.000000000001,0.999999999998,1.000000000003,0.999999999996
      ,1.000000000003,0.999999999998,1.000000000001,1.,1.,1.,1.,1.
      ,1.000000000001,0.999999999999,1.000000000001,1.,1.,1.,1.,1.,1.
      ,0.999999999999,1.000000000001,0.999999999998,1.000000000003
      ,0.999999999997,1.000000000003,0.999999999998,1.000000000001,1.,1.
      ,1.,1.,1.000000000001,0.999999999998,1.000000000004,0.999999999996
      ,1.000000000003,0.999999999998,1.000000000001,1.,1.,1.,1.
      ,0.999999999999,1.000000000002,0.999999999996,1.000000000004
      ,0.999999999996,1.000000000002,0.999999999999,1.,1.,1.
      ,1.000000000001,0.999999999998,1.000000000003,0.999999999995
      ,1.000000000005,0.999999999996,1.000000000003,0.999999999999
      ,1.000000000001,1.,1.,0.999999999999,1.000000000002,0.999999999995
      ,1.000000000006,0.999999999993,1.000000000006,0.999999999996
      ,1.000000000002,0.999999999999,1.,1.,1.,1.,1.,1.,0.999999999999
      ,1.000000000001,0.999999999999,1.,1.,1.,1.,1.,0.999999999999
      ,1.000000000001,0.999999999998,1.000000000002,0.999999999998
      ,1.000000000001,0.999999999999,1.,1.,1.,1.,0.999999999999
      ,1.000000000001,0.999999999998,1.000000000002,0.999999999998
      ,1.000000000001,0.999999999999,1.,1.,1.,0.999999999999
      ,1.000000000002,0.999999999997,1.000000000004,0.999999999996
      ,1.000000000003,0.999999999998,1.000000000001,1.,1.,1.
      ,0.999999999999,1.000000000002,0.999999999997,1.000000000004
      ,0.999999999996,1.000000000003,0.999999999998,1.000000000001,1.,1.
      ,1.,1.,1.000000000001,0.999999999998,1.000000000004,0.999999999996
      ,1.000000000003,0.999999999998,1.000000000001,1.,1.,1.,1.
      ,1.000000000001,0.999999999998,1.000000000003,0.999999999997
      ,1.000000000002,0.999999999999,1.000000000001,1.,1.,1.)
    ,(0.795237944987,0.796201241957,0.797166553363,0.79813077274
      ,0.799092207138,0.800050265267,0.801005145591,0.801957524505
      ,0.802908244403,0.803858001865,0.804807035734,0.805754815279
      ,0.807172184816,0.807643554745,0.808115779903,0.808586307822
      ,0.809054929579,0.809523177191,0.809991788841,0.810459560977
      ,0.810924716862,0.811387731998,0.811852367376,0.812786577247
      ,0.813253259638,0.813719517995,0.814185350837,0.814650756665
      ,0.81511573401,0.815580281362,0.816044397258,0.816508080191
      ,0.816971328686,0.817434141249,0.819746016988,0.821588515932
      ,0.823423937743,0.825252201767,0.827073222206,0.828886908076
      ,0.830693163264,0.832491886461,0.834282971231,0.836066305953
      ,0.837841773858,0.843144211318,0.846647339524,0.850117477638
      ,0.853553484986,0.856954240182,0.860318641175,0.863645605187
      ,0.866934068783,0.870182987803,0.873391337418,0.876558112091
      ,0.885930752617,0.892009387502,0.897911119926,0.903630480457
      ,0.909163488498,0.914507500169,0.919661056265,0.924623730127
      ,0.929395975599,0.933978974909,0.938374486608,0.946581371881
      ,0.949381666914,0.952703003844,0.956495102484,0.959490180851
      ,0.962802891636,0.966231909673,0.969145337642,0.972287282236
      ,0.975141749529,0.977898104253,0.982098534028,0.983644779673
      ,0.985128033841,0.986545456103,0.987894494565,0.989172885944
      ,0.990378655452,0.991510116939,0.992565872749,0.993544813839
      ,0.994446119698,0.995677554742,0.996066490384,0.996436070272
      ,0.996786299377,0.997117182634,0.997428725038,0.997720931505
      ,0.997993807035,0.998247356554,0.998481585043,0.998696497448
      ,0.998985586853,0.999074685202,0.999159405985,0.999239761385
      ,0.999315763628,0.99938742487,0.99945475736,0.999517773247
      ,0.999576484767,0.999630904093,0.999681043437,0.999749850768
      ,0.999771720759,0.999792527176,0.999812272235,0.999830958144
      ,0.999848587124,0.999865161379,0.99988068313,0.999895154585
      ,0.99990857796,0.999920955468,0.999937956247,0.999943362331
      ,0.999948507891,0.999953393246,0.999958018713,0.999962384615
      ,0.999966491265,0.999970338987,0.999973928095,0.999977258911
      ,0.999980331752,0.99998455453,0.999985897713,0.999987176528
      ,0.99998839102,0.999989541225,0.999990627198,0.999991648964
      ,0.999992606583,0.999993500083,0.999994329517,0.99999509492
      ,0.999996147048,0.99999648176,0.999996800485,0.999997103216
      ,0.999997389982,0.999997660755,0.999997915578,0.999998154422
      ,0.999998377319,0.999998584257,0.999998775251,0.999999037828
      ,0.999999121368,0.999999200926,0.999999276493,0.999999348088
      ,0.999999415687,0.999999479317,0.999999538955,0.99999959462
      ,0.999999646301,0.999999694004,0.999999759591,0.999999780458
      ,0.999999800333,0.999999819208,0.999999837099,0.999999853981
      ,0.999999869885,0.999999884781,0.999999898692,0.999999911605
      ,0.999999923525,0.999999945378,0.99999995531,0.99999996425
      ,0.999999972194,0.999999979147,0.999999985107,0.999999990069
      ,0.999999994044,0.99999999702,0.999999999007,1.,1.)
    ,(1.,1.,1.,1.,0.999999999999,1.000000000001,0.999999999998
      ,1.000000000001,0.999999999999,1.,1.,1.,1.,1.,1.,0.999999999999
      ,1.000000000001,1.,1.,1.,1.,1.,1.,1.,1.,0.999999999999
      ,1.000000000002,0.999999999997,1.000000000003,0.999999999997
      ,1.000000000002,0.999999999999,1.,1.,1.,0.999999999999
      ,1.000000000001,0.999999999998,1.000000000003,0.999999999996
      ,1.000000000003,0.999999999998,1.000000000001,1.,1.,1.,1.,1.
      ,1.000000000001,0.999999999999,1.000000000001,1.,1.,1.,1.,1.,1.
      ,0.999999999999,1.000000000001,0.999999999998,1.000000000003
      ,0.999999999997,1.000000000003,0.999999999998,1.000000000001,1.,1.
      ,1.,1.,1.000000000001,0.999999999998,1.000000000004,0.999999999996
      ,1.000000000003,0.999999999998,1.000000000001,1.,1.,1.,1.
      ,0.999999999999,1.000000000002,0.999999999996,1.000000000004
      ,0.999999999996,1.000000000002,0.999999999999,1.,1.,1.
      ,1.000000000001,0.999999999998,1.000000000003,0.999999999995
      ,1.000000000005,0.999999999996,1.000000000003,0.999999999999
      ,1.000000000001,1.,1.,0.999999999999,1.000000000002,0.999999999995
      ,1.000000000006,0.999999999993,1.000000000006,0.999999999996
      ,1.000000000002,0.999999999999,1.,1.,1.,1.,1.,1.,0.999999999999
      ,1.000000000001,0.999999999999,1.,1.,1.,1.,1.,0.999999999999
      ,1.000000000001,0.999999999998,1.000000000002,0.999999999998
      ,1.000000000001,0.999999999999,1.,1.,1.,1.,0.999999999999
      ,1.000000000001,0.999999999998,1.000000000002,0.999999999998
      ,1.000000000001,0.999999999999,1.,1.,1.,0.999999999999
      ,1.000000000002,0.999999999997,1.000000000004,0.999999999996
      ,1.000000000003,0.999999999998,1.000000000001,1.,1.,1.
      ,0.999999999999,1.000000000002,0.999999999997,1.000000000004
      ,0.999999999996,1.000000000003,0.999999999998,1.000000000001,1.,1.
      ,1.,1.,1.000000000001,0.999999999998,1.000000000004,0.999999999996
      ,1.000000000003,0.999999999998,1.000000000001,1.,1.,1.,1.
      ,1.000000000001,0.999999999998,1.000000000003,0.999999999997
      ,1.000000000002,0.999999999999,1.000000000001,1.,1.,1.
))) REPRESENTATION_ITEM('') SURFACE() );
#1789 = CARTESIAN_POINT('',(14.814728478327,6.075700121997,
    11.492881279881));
#1790 = CARTESIAN_POINT('',(14.809745796804,6.077457695592,
    11.499304131737));
#1791 = CARTESIAN_POINT('',(14.804753942836,6.079167206437,
    11.505732534785));
#1792 = CARTESIAN_POINT('',(14.799752962547,6.080829132899,
    11.512166404211));
#1793 = CARTESIAN_POINT('',(14.794742894055,6.082443872984,
    11.518605665699));
#1794 = CARTESIAN_POINT('',(14.789723769505,6.084011764724,
    11.525050252836));
#1795 = CARTESIAN_POINT('',(14.784695617072,6.085533106514,
    11.531500104525));
#1796 = CARTESIAN_POINT('',(14.779658463006,6.087008177515,
    11.537955162378));
#1797 = CARTESIAN_POINT('',(14.774612333625,6.088437257975,
    11.544415368143));
#1798 = CARTESIAN_POINT('',(14.769557257364,6.089820649637,
    11.550880661086));
#1799 = CARTESIAN_POINT('',(14.76449326677,6.091158696072,11.55735097542
    ));
#1800 = CARTESIAN_POINT('',(14.759420400543,6.092451803065,
    11.563826237699));
#1801 = CARTESIAN_POINT('',(14.751797858045,6.094324786923,
    11.573546427492));
#1802 = CARTESIAN_POINT('',(14.749254801543,6.094937983983,
    11.576787709163));
#1803 = CARTESIAN_POINT('',(14.746709531394,6.095540004792,
    11.580030212128));
#1804 = CARTESIAN_POINT('',(14.744162060395,6.096130981019,
    11.583273917185));
#1805 = CARTESIAN_POINT('',(14.741612388247,6.096710911488,
    11.586518821732));
#1806 = CARTESIAN_POINT('',(14.739060507968,6.097279727098,
    11.589764931683));
#1807 = CARTESIAN_POINT('',(14.736506418421,6.097837418193,
    11.593012245498));
#1808 = CARTESIAN_POINT('',(14.733950126353,6.098384054932,
    11.596260751703));
#1809 = CARTESIAN_POINT('',(14.731391635174,6.0989196737,11.599510442998
    ));
#1810 = CARTESIAN_POINT('',(14.72883093202,6.099444145522,
    11.602761332752));
#1811 = CARTESIAN_POINT('',(14.726267998464,6.099957284949,
    11.606013441355));
#1812 = CARTESIAN_POINT('',(14.721137770529,6.100961916586,
    11.612519963583));
#1813 = CARTESIAN_POINT('',(14.718570468767,6.101453333885,
    11.615774386491));
#1814 = CARTESIAN_POINT('',(14.716000982344,6.101933886231,
    11.61902996436));
#1815 = CARTESIAN_POINT('',(14.713429314395,6.102403607195,
    11.622286690355));
#1816 = CARTESIAN_POINT('',(14.710855468052,6.102862530337,
    11.625544557641));
#1817 = CARTESIAN_POINT('',(14.70827944645,6.103310689235,
    11.628803559384));
#1818 = CARTESIAN_POINT('',(14.705701252721,6.103748117444,
    11.63206368875));
#1819 = CARTESIAN_POINT('',(14.703120890002,6.104174848544,
    11.635324938904));
#1820 = CARTESIAN_POINT('',(14.700538361423,6.104590916093,
    11.638587303012));
#1821 = CARTESIAN_POINT('',(14.69795367012,6.104996353664,11.64185077424
    ));
#1822 = CARTESIAN_POINT('',(14.695366819227,6.105391194821,
    11.645115345753));
#1823 = CARTESIAN_POINT('',(14.682421782474,6.107312586383,
    11.661443670574));
#1824 = CARTESIAN_POINT('',(14.672031249278,6.10868068768,
    11.674523827288));
#1825 = CARTESIAN_POINT('',(14.661606401105,6.109881810611,
    11.687621062061));
#1826 = CARTESIAN_POINT('',(14.651147423447,6.11091795453,11.70073496288
    ));
#1827 = CARTESIAN_POINT('',(14.640654498454,6.111791084548,
    11.713865124547));
#1828 = CARTESIAN_POINT('',(14.630127804963,6.112503131549,
    11.727011148637));
#1829 = CARTESIAN_POINT('',(14.61956751846,6.113055992167,
    11.740172643549));
#1830 = CARTESIAN_POINT('',(14.60897381112,6.113451528813,11.75334922445
    ));
#1831 = CARTESIAN_POINT('',(14.598346851772,6.113691569649,
    11.766540513331));
#1832 = CARTESIAN_POINT('',(14.587686805924,6.113777908609,
    11.779746138957));
#1833 = CARTESIAN_POINT('',(14.57699383575,6.113712305386,
    11.792965736905));
#1834 = CARTESIAN_POINT('',(14.544816628782,6.11306484554,
    11.832665374817));
#1835 = CARTESIAN_POINT('',(14.523234124961,6.112032516104,
    11.859186214679));
#1836 = CARTESIAN_POINT('',(14.501521851971,6.110413334932,
    11.885758621831));
#1837 = CARTESIAN_POINT('',(14.479681047646,6.108220779118,
    11.912379815079));
#1838 = CARTESIAN_POINT('',(14.457712924308,6.105467965031,
    11.939047079343));
#1839 = CARTESIAN_POINT('',(14.435618668773,6.10216764835,11.96575776563
    ));
#1840 = CARTESIAN_POINT('',(14.413399442342,6.098332224017,
    11.99250929108));
#1841 = CARTESIAN_POINT('',(14.391056380815,6.093973726286,
    12.019299138904));
#1842 = CARTESIAN_POINT('',(14.368590594476,6.089103828679,
    12.046124858452));
#1843 = CARTESIAN_POINT('',(14.346003168104,6.08373384402,
    12.072984065154));
#1844 = CARTESIAN_POINT('',(14.323295160967,6.077874724415,
    12.09987444056));
#1845 = CARTESIAN_POINT('',(14.254812498539,6.058861734948,
    12.180632315832));
#1846 = CARTESIAN_POINT('',(14.208679303267,6.044272795353,
    12.234586392156));
#1847 = CARTESIAN_POINT('',(14.162076510992,6.027855984649,
    12.288637675775));
#1848 = CARTESIAN_POINT('',(14.115012386266,6.009691877171,
    12.342768612186));
#1849 = CARTESIAN_POINT('',(14.067495068094,5.989855957481,
    12.396962267337));
#1850 = CARTESIAN_POINT('',(14.019532669816,5.968418698426,
    12.451202217062));
#1851 = CARTESIAN_POINT('',(13.971133378995,5.945445639207,
    12.505472436511));
#1852 = CARTESIAN_POINT('',(13.92230555729,5.920997463429,
    12.559757189596));
#1853 = CARTESIAN_POINT('',(13.873057840354,5.895130077177,
    12.614040918413));
#1854 = CARTESIAN_POINT('',(13.823399237702,5.867894687066,
    12.668308132687));
#1855 = CARTESIAN_POINT('',(13.773339232607,5.839337878309,
    12.722543299203));
#1856 = CARTESIAN_POINT('',(13.674995265294,5.781178704811,
    12.828169947028));
#1857 = CARTESIAN_POINT('',(13.602525063406,5.761121861053,
    12.905605424971));
#1858 = CARTESIAN_POINT('',(13.538071491661,5.733215646298,
    12.973131772028));
#1859 = CARTESIAN_POINT('',(13.483977597079,5.697269519085,
    13.029361780073));
#1860 = CARTESIAN_POINT('',(13.415491497109,5.66758099323,
    13.100238811594));
#1861 = CARTESIAN_POINT('',(13.353543491592,5.630267253809,
    13.163278225602));
#1862 = CARTESIAN_POINT('',(13.295801583295,5.588835991784,
    13.221322733642));
#1863 = CARTESIAN_POINT('',(13.230930670829,5.550794845233,
    13.286471604949));
#1864 = CARTESIAN_POINT('',(13.172714892492,5.505914449461,
    13.343814685817));
#1865 = CARTESIAN_POINT('',(13.112477122725,5.461828000285,
    13.402912452384));
#1866 = CARTESIAN_POINT('',(13.053801002619,5.415494024641,
    13.459837986732));
#1867 = CARTESIAN_POINT('',(12.960003123738,5.338517058316,
    13.550029322881));
#1868 = CARTESIAN_POINT('',(12.924461438097,5.308580990373,
    13.584004294729));
#1869 = CARTESIAN_POINT('',(12.889250935831,5.278188206541,
    13.617468856127));
#1870 = CARTESIAN_POINT('',(12.85437755869,5.247382985294,
    13.650425218873));
#1871 = CARTESIAN_POINT('',(12.81984558801,5.216208026928,
    13.682876946996));
#1872 = CARTESIAN_POINT('',(12.785657644674,5.184704453564,
    13.714828956766));
#1873 = CARTESIAN_POINT('',(12.751814689172,5.152911809146,
    13.746287516679));
#1874 = CARTESIAN_POINT('',(12.71831602153,5.120868059445,
    13.777260247475));
#1875 = CARTESIAN_POINT('',(12.685159281376,5.088609592053,
    13.807756122121));
#1876 = CARTESIAN_POINT('',(12.652340447891,5.056171216389,
    13.837785465824));
#1877 = CARTESIAN_POINT('',(12.619853839838,5.023586163694,
    13.867359956022));
#1878 = CARTESIAN_POINT('',(12.571739136123,4.974666072042,
    13.910943117116));
#1879 = CARTESIAN_POINT('',(12.55586652399,4.958418277017,13.92528458093
    ));
#1880 = CARTESIAN_POINT('',(12.540073384431,4.94214632047,
    13.939518480402));
#1881 = CARTESIAN_POINT('',(12.524358822716,4.92585382091,
    13.953646282105));
#1882 = CARTESIAN_POINT('',(12.508721944136,4.909544396851,
    13.967669452599));
#1883 = CARTESIAN_POINT('',(12.493161853948,4.8932216668,13.98158945847)
  );
#1884 = CARTESIAN_POINT('',(12.477677657455,4.876889249272,
    13.995407766266));
#1885 = CARTESIAN_POINT('',(12.462268459911,4.860550762772,
    14.009125842579));
#1886 = CARTESIAN_POINT('',(12.446933366611,4.844209825816,
    14.02274515396));
#1887 = CARTESIAN_POINT('',(12.431671482822,4.827870056912,
    14.03626716699));
#1888 = CARTESIAN_POINT('',(12.416481913826,4.811535074571,
    14.049693348232));
#1889 = CARTESIAN_POINT('',(12.39413800819,4.787405169276,
    14.069397138739));
#1890 = CARTESIAN_POINT('',(12.38692853036,4.779603677203,
    14.075747564409));
#1891 = CARTESIAN_POINT('',(12.379735229204,4.771804380182,
    14.082076592796));
#1892 = CARTESIAN_POINT('',(12.372558002513,4.764007637306,
    14.088384375421));
#1893 = CARTESIAN_POINT('',(12.365396748083,4.756213807673,
    14.094671063818));
#1894 = CARTESIAN_POINT('',(12.358251363704,4.748423250377,
    14.100936809496));
#1895 = CARTESIAN_POINT('',(12.351121747172,4.740636324513,14.107181764)
  );
#1896 = CARTESIAN_POINT('',(12.344007796276,4.732853389177,
    14.113406078836));
#1897 = CARTESIAN_POINT('',(12.336909408814,4.725074803465,
    14.119609905543));
#1898 = CARTESIAN_POINT('',(12.329826482575,4.717300926471,
    14.125793395636));
#1899 = CARTESIAN_POINT('',(12.322758915354,4.709532117292,
    14.131956700646));
#1900 = CARTESIAN_POINT('',(12.312180449738,4.697887043887,
    14.14117160782));
#1901 = CARTESIAN_POINT('',(12.308658110452,4.694006707295,
    14.144238232436));
#1902 = CARTESIAN_POINT('',(12.305139575602,4.690127768772,
    14.147299863082));
#1903 = CARTESIAN_POINT('',(12.301624833698,4.686250271844,
    14.150356516898));
#1904 = CARTESIAN_POINT('',(12.298113873264,4.682374260041,
    14.153408211018));
#1905 = CARTESIAN_POINT('',(12.294606682801,4.678499776885,
    14.156454962587));
#1906 = CARTESIAN_POINT('',(12.29110325084,4.674626865908,
    14.159496788736));
#1907 = CARTESIAN_POINT('',(12.287603565879,4.670755570632,
    14.162533706612));
#1908 = CARTESIAN_POINT('',(12.284107616448,4.666885934588,
    14.165565733346));
#1909 = CARTESIAN_POINT('',(12.28061539105,4.663018001299,
    14.168592886081));
#1910 = CARTESIAN_POINT('',(12.277126878207,4.659151814295,
    14.171615181953));
#1911 = CARTESIAN_POINT('',(12.271899660542,4.653355218504,
    14.176141366176));
#1912 = CARTESIAN_POINT('',(12.270158180081,4.651423467215,
    14.177648884115));
#1913 = CARTESIAN_POINT('',(12.268417623631,4.649492168533,
    14.179155194004));
#1914 = CARTESIAN_POINT('',(12.266677989778,4.647561327758,
    14.180660297931));
#1915 = CARTESIAN_POINT('',(12.264939277103,4.645630950187,
    14.182164197978));
#1916 = CARTESIAN_POINT('',(12.263201484197,4.643701041121,
    14.183666896238));
#1917 = CARTESIAN_POINT('',(12.261464609635,4.641771605858,
    14.185168394789));
#1918 = CARTESIAN_POINT('',(12.259728652012,4.639842649698,
    14.186668695726));
#1919 = CARTESIAN_POINT('',(12.257993609904,4.637914177938,
    14.188167801126));
#1920 = CARTESIAN_POINT('',(12.256259481901,4.635986195879,
    14.189665713083));
#1921 = CARTESIAN_POINT('',(12.254526266585,4.634058708819,
    14.191162433679));
#1922 = CARTESIAN_POINT('',(12.251927810518,4.631168228677,
    14.193405730663));
#1923 = CARTESIAN_POINT('',(12.25106188631,4.630204860351,
    14.194153199006));
#1924 = CARTESIAN_POINT('',(12.25019618973,4.629241617729,
    14.194900370295));
#1925 = CARTESIAN_POINT('',(12.249330720598,4.628278501456,
    14.195647244793));
#1926 = CARTESIAN_POINT('',(12.248465478724,4.627315512183,
    14.196393822768));
#1927 = CARTESIAN_POINT('',(12.24760046393,4.626352650554,
    14.197140104481));
#1928 = CARTESIAN_POINT('',(12.246735676028,4.625389917221,
    14.197886090201));
#1929 = CARTESIAN_POINT('',(12.245871114835,4.624427312827,
    14.198631780187));
#1930 = CARTESIAN_POINT('',(12.245006780167,4.623464838023,
    14.199377174709));
#1931 = CARTESIAN_POINT('',(12.24414267184,4.622502493456,
    14.200122274027));
#1932 = CARTESIAN_POINT('',(12.243278789669,4.621540279773,
    14.200867078409));
#1933 = CARTESIAN_POINT('',(12.241983305372,4.620097156547,
    14.201983842972));
#1934 = CARTESIAN_POINT('',(12.241551533765,4.619616148353,
    14.202356024159));
#1935 = CARTESIAN_POINT('',(12.241119818624,4.619135173119,
    14.202728131713));
#1936 = CARTESIAN_POINT('',(12.240688159934,4.618654230927,
    14.203100165665));
#1937 = CARTESIAN_POINT('',(12.240256557653,4.618173321855,
    14.203472126053));
#1938 = CARTESIAN_POINT('',(12.239825011783,4.617692445983,
    14.203844012906));
#1939 = CARTESIAN_POINT('',(12.23939352227,4.617211603392,
    14.204215826261));
#1940 = CARTESIAN_POINT('',(12.23896208912,4.616730794159,14.20458756615
    ));
#1941 = CARTESIAN_POINT('',(12.238530712285,4.616250018368,
    14.204959232608));
#1942 = CARTESIAN_POINT('',(12.238099391756,4.615769276095,
    14.205330825667));
#1943 = CARTESIAN_POINT('',(12.237668127502,4.615288567422,
    14.205702345363));
#1944 = CARTESIAN_POINT('',(12.237021315501,4.61456755493,
    14.206259514909));
#1945 = CARTESIAN_POINT('',(12.236805725565,4.614327225853,
    14.206445219759));
#1946 = CARTESIAN_POINT('',(12.236590149687,4.614086905205,
    14.20663090628));
#1947 = CARTESIAN_POINT('',(12.236374587869,4.613846592996,
    14.206816574477));
#1948 = CARTESIAN_POINT('',(12.236159040101,4.613606289237,
    14.207002224354));
#1949 = CARTESIAN_POINT('',(12.235943506389,4.613365993937,
    14.207187855916));
#1950 = CARTESIAN_POINT('',(12.235727986719,4.613125707106,
    14.207373469166));
#1951 = CARTESIAN_POINT('',(12.2355124811,4.612885428754,14.20755906411)
  );
#1952 = CARTESIAN_POINT('',(12.235296989518,4.612645158891,
    14.20774464075));
#1953 = CARTESIAN_POINT('',(12.235081511978,4.612404897526,
    14.207930199092));
#1954 = CARTESIAN_POINT('',(12.234866048472,4.612164644671,
    14.20811573914));
#1955 = CARTESIAN_POINT('',(12.234542874263,4.611804278165,
    14.208394021776));
#1956 = CARTESIAN_POINT('',(12.234435153034,4.611684158126,
    14.208486778082));
#1957 = CARTESIAN_POINT('',(12.234327435314,4.611564040217,
    14.208579529818));
#1958 = CARTESIAN_POINT('',(12.234219721101,4.611443924441,
    14.208672276977));
#1959 = CARTESIAN_POINT('',(12.234112010394,4.611323810798,
    14.208765019575));
#1960 = CARTESIAN_POINT('',(12.234004303195,4.611203699289,
    14.20885775759));
#1961 = CARTESIAN_POINT('',(12.233896599502,4.611083589916,
    14.208950491048));
#1962 = CARTESIAN_POINT('',(12.233788899314,4.610963482681,
    14.209043219926));
#1963 = CARTESIAN_POINT('',(12.233681202632,4.610843377583,
    14.209135944242));
#1964 = CARTESIAN_POINT('',(12.233573509455,4.610723274626,
    14.209228663987));
#1965 = CARTESIAN_POINT('',(12.233465819783,4.610603173809,
    14.209321379165));
#1966 = CARTESIAN_POINT('',(12.233250447447,4.610362976459,
    14.209506800387));
#1967 = CARTESIAN_POINT('',(12.233128113135,4.610302593788,
    14.209612118203));
#1968 = CARTESIAN_POINT('',(12.233130028298,4.609735839725,
    14.209610483624));
#1969 = CARTESIAN_POINT('',(12.23261796725,4.611263849708,
    14.210051265381));
#1970 = CARTESIAN_POINT('',(12.233464409935,4.60725519482,
    14.209322679502));
#1971 = CARTESIAN_POINT('',(12.23177959735,4.613562872299,
    14.210772933392));
#1972 = CARTESIAN_POINT('',(12.233571411295,4.605701320549,
    14.209230592446));
#1973 = CARTESIAN_POINT('',(12.231774710874,4.612465037933,
    14.21077715349));
#1974 = CARTESIAN_POINT('',(12.232768853529,4.607854486698,
    14.209921424969));
#1975 = CARTESIAN_POINT('',(12.232149565545,4.609819606438,
    14.210454495696));
#1976 = CARTESIAN_POINT('',(12.232198573229,4.609061054732,
    14.210412312654));
#1977 = CARTESIAN_POINT('',(12.2320661308,4.609042032654,14.210526315789
    ));
#1978 = CARTESIAN_POINT('',(14.683647588724,4.758732174461,
    11.66184916016));
#1979 = CARTESIAN_POINT('',(14.679164052343,4.764786415811,
    11.667477521384));
#1980 = CARTESIAN_POINT('',(14.674671284816,4.770801747565,
    11.673112733033));
#1981 = CARTESIAN_POINT('',(14.670167991461,4.776764598913,
    11.678756432993));
#1982 = CARTESIAN_POINT('',(14.665653455615,4.782667803034,
    11.684409513476));
#1983 = CARTESIAN_POINT('',(14.661127431866,4.788509133778,
    11.690072259546));
#1984 = CARTESIAN_POINT('',(14.656590029792,4.794289867967,
    11.695744499629));
#1985 = CARTESIAN_POINT('',(14.652041588116,4.800013372821,
    11.701425768011));
#1986 = CARTESIAN_POINT('',(14.647482539389,4.805683717627,
    11.707115479244));
#1987 = CARTESIAN_POINT('',(14.642913264999,4.811304308872,
    11.712813114544));
#1988 = CARTESIAN_POINT('',(14.638333940681,4.816876548052,
    11.718518420078));
#1989 = CARTESIAN_POINT('',(14.633744372352,4.822398511629,
    11.724231617177));
#1990 = CARTESIAN_POINT('',(14.626847586606,4.83059142459,
    11.732809604176));
#1991 = CARTESIAN_POINT('',(14.624548458662,4.833303325639,
    11.735667975781));
#1992 = CARTESIAN_POINT('',(14.622247253652,4.836008128804,
    11.73852769945));
#1993 = CARTESIAN_POINT('',(14.619942904962,4.838694396544,
    11.741390127458));
#1994 = CARTESIAN_POINT('',(14.617635317394,4.841361203575,
    11.744255376542));
#1995 = CARTESIAN_POINT('',(14.615325140284,4.844015418937,
    11.747122617428));
#1996 = CARTESIAN_POINT('',(14.613012698036,4.846660359613,
    11.749991434276));
#1997 = CARTESIAN_POINT('',(14.610697481435,4.849290661491,
    11.752862470262));
#1998 = CARTESIAN_POINT('',(14.608378718136,4.851898366615,
    11.755736701824));
#1999 = CARTESIAN_POINT('',(14.606056603995,4.854485495029,
    11.758613874916));
#2000 = CARTESIAN_POINT('',(14.603732789233,4.857068753334,
    11.761491890093));
#2001 = CARTESIAN_POINT('',(14.599085230677,4.862233327432,
    11.76724528396));
#2002 = CARTESIAN_POINT('',(14.596760213964,4.864801580002,
    11.770122279956));
#2003 = CARTESIAN_POINT('',(14.594432627684,4.86735731526,
    11.773001220517));
#2004 = CARTESIAN_POINT('',(14.592102475911,4.869900565393,
    11.77588209701));
#2005 = CARTESIAN_POINT('',(14.589769762673,4.872431362497,
    11.778764900859));
#2006 = CARTESIAN_POINT('',(14.58743449198,4.874949738572,
    11.781649623523));
#2007 = CARTESIAN_POINT('',(14.585096667788,4.877455725527,
    11.78453625652));
#2008 = CARTESIAN_POINT('',(14.582756294041,4.879949355173,
    11.787424791401));
#2009 = CARTESIAN_POINT('',(14.580413374628,4.882430659232,
    11.790315219775));
#2010 = CARTESIAN_POINT('',(14.57806791342,4.88489966933,11.793207533291
    ));
#2011 = CARTESIAN_POINT('',(14.575719914243,4.887356417002,
    11.796101723645));
#2012 = CARTESIAN_POINT('',(14.563993763727,4.899551423998,
    11.810549348059));
#2013 = CARTESIAN_POINT('',(14.554577513795,4.909107636901,
    11.822131030603));
#2014 = CARTESIAN_POINT('',(14.545120873216,4.918471571169,
    11.833742304357));
#2015 = CARTESIAN_POINT('',(14.535624081146,4.92764517284,
    11.845382650155));
#2016 = CARTESIAN_POINT('',(14.5260873735,4.936630336084,11.857051555807
    ));
#2017 = CARTESIAN_POINT('',(14.51651098267,4.945428904024,
    11.868748516344));
#2018 = CARTESIAN_POINT('',(14.506895137245,4.954042669536,
    11.880473034319));
#2019 = CARTESIAN_POINT('',(14.497240061733,4.962473376007,
    11.892224620043));
#2020 = CARTESIAN_POINT('',(14.487545976273,4.970722718079,
    11.904002791884));
#2021 = CARTESIAN_POINT('',(14.477813096362,4.978792342346,
    11.915807076511));
#2022 = CARTESIAN_POINT('',(14.468041632569,4.986683848039,
    11.927637009168));
#2023 = CARTESIAN_POINT('',(14.438735491585,5.009731630203,
    11.963053272441));
#2024 = CARTESIAN_POINT('',(14.41908442497,5.024370168626,
    11.986717769457));
#2025 = CARTESIAN_POINT('',(14.39928003064,5.038325550396,
    12.010482195568));
#2026 = CARTESIAN_POINT('',(14.379323748621,5.05160865188,
    12.034343168451));
#2027 = CARTESIAN_POINT('',(14.359217019511,5.064230077508,
    12.058297349227));
#2028 = CARTESIAN_POINT('',(14.338961285314,5.076200159295,
    12.082341438816));
#2029 = CARTESIAN_POINT('',(14.318557990352,5.087528956696,
    12.106472174268));
#2030 = CARTESIAN_POINT('',(14.298008582231,5.09822625677,
    12.130686325109));
#2031 = CARTESIAN_POINT('',(14.277314512886,5.108301574616,
    12.154980689662));
#2032 = CARTESIAN_POINT('',(14.256477239677,5.117764154071,
    12.179352091389));
#2033 = CARTESIAN_POINT('',(14.235498226549,5.126622968629,
    12.203797375205));
#2034 = CARTESIAN_POINT('',(14.172587242508,5.151239378866,
    12.276826729919));
#2035 = CARTESIAN_POINT('',(14.130215955268,5.165275570315,
    12.325652330139));
#2036 = CARTESIAN_POINT('',(14.087275246276,5.177061239832,
    12.374766572634));
#2037 = CARTESIAN_POINT('',(14.043775824384,5.186664098175,
    12.424145821223));
#2038 = CARTESIAN_POINT('',(13.999728905758,5.194152890675,
    12.473766454543));
#2039 = CARTESIAN_POINT('',(13.955146149708,5.199596766082,
    12.523604924724));
#2040 = CARTESIAN_POINT('',(13.910039567576,5.203064729408,
    12.573637856227));
#2041 = CARTESIAN_POINT('',(13.864421402988,5.204625162469,
    12.62384218559));
#2042 = CARTESIAN_POINT('',(13.818303981858,5.204345397548,
    12.674195342617));
#2043 = CARTESIAN_POINT('',(13.771699530428,5.202291331211,
    12.724675473767));
#2044 = CARTESIAN_POINT('',(13.724619959693,5.198527066768,
    12.77526170823));
#2045 = CARTESIAN_POINT('',(13.632335814843,5.188021134661,
    12.873620210863));
#2046 = CARTESIAN_POINT('',(13.579489952604,5.181967772486,
    12.929457133183));
#2047 = CARTESIAN_POINT('',(13.527727838752,5.17380130568,
    12.983675753366));
#2048 = CARTESIAN_POINT('',(13.477918238357,5.162937274618,
    13.035503622285));
#2049 = CARTESIAN_POINT('',(13.423007537845,5.151827329721,
    13.092128783702));
#2050 = CARTESIAN_POINT('',(13.369143220612,5.137820077812,
    13.147178165521));
#2051 = CARTESIAN_POINT('',(13.315664860777,5.121887178512,
    13.201331802105));
#2052 = CARTESIAN_POINT('',(13.259317888818,5.105393211252,
    13.257924505925));
#2053 = CARTESIAN_POINT('',(13.204379303318,5.08619643488,
    13.312539700207));
#2054 = CARTESIAN_POINT('',(13.148244888941,5.06610972734,
    13.367865288286));
#2055 = CARTESIAN_POINT('',(13.092144776546,5.044455263218,
    13.422637424916));
#2056 = CARTESIAN_POINT('',(13.001227959184,5.00743992887,
    13.510593698602));
#2057 = CARTESIAN_POINT('',(12.96650163507,4.992835301836,
    13.543998526758));
#2058 = CARTESIAN_POINT('',(12.931743348338,4.977769057485,
    13.577244669805));
#2059 = CARTESIAN_POINT('',(12.896974458078,4.962268306928,
    13.610312974426));
#2060 = CARTESIAN_POINT('',(12.862215055014,4.946360302748,
    13.643185929247));
#2061 = CARTESIAN_POINT('',(12.827484034851,4.9300724682,13.675847588156
    ));
#2062 = CARTESIAN_POINT('',(12.792799170746,4.913432429429,
    13.708283496003));
#2063 = CARTESIAN_POINT('',(12.758177184582,4.896468050509,
    13.740480616643));
#2064 = CARTESIAN_POINT('',(12.723633817088,4.879207471007,
    13.772427263662));
#2065 = CARTESIAN_POINT('',(12.689183896519,4.861679145907,
    13.804113033647));
#2066 = CARTESIAN_POINT('',(12.654841405938,4.843911887605,
    13.835528742257));
#2067 = CARTESIAN_POINT('',(12.603665688954,4.817028930042,
    13.882092260607));
#2068 = CARTESIAN_POINT('',(12.586739619566,4.808070213377,
    13.897451355149));
#2069 = CARTESIAN_POINT('',(12.569842782607,4.799062125664,
    13.912742833398));
#2070 = CARTESIAN_POINT('',(12.552976621423,4.790008022073,
    13.927965875218));
#2071 = CARTESIAN_POINT('',(12.536142581195,4.78091124775,
    13.943119653369));
#2072 = CARTESIAN_POINT('',(12.519342109191,4.771775138489,
    13.958203333406));
#2073 = CARTESIAN_POINT('',(12.502576655067,4.762603021393,
    13.973216073466));
#2074 = CARTESIAN_POINT('',(12.485847671116,4.753398215536,
    13.988157024202));
#2075 = CARTESIAN_POINT('',(12.46915661257,4.744164032619,
    14.003025328552));
#2076 = CARTESIAN_POINT('',(12.452504937852,4.734903777623,
    14.017820121651));
#2077 = CARTESIAN_POINT('',(12.435894108869,4.725620749456,
    14.032540530637));
#2078 = CARTESIAN_POINT('',(12.411408918892,4.711873371584,
    14.054183331706));
#2079 = CARTESIAN_POINT('',(12.403501649533,4.707423924314,
    14.061164054613));
#2080 = CARTESIAN_POINT('',(12.3956039279,4.702970247292,14.068127770135
    ));
#2081 = CARTESIAN_POINT('',(12.387715899272,4.698512687998,
    14.075074404403));
#2082 = CARTESIAN_POINT('',(12.379837709525,4.694051593914,
    14.082003882791));
#2083 = CARTESIAN_POINT('',(12.371969505123,4.689587312542,
    14.088916129903));
#2084 = CARTESIAN_POINT('',(12.364111433141,4.685120191412,
    14.095811069583));
#2085 = CARTESIAN_POINT('',(12.35626364125,4.680650578104,
    14.102688624907));
#2086 = CARTESIAN_POINT('',(12.348426277741,4.676178820259,
    14.109548718186));
#2087 = CARTESIAN_POINT('',(12.340599491516,4.671705265599,
    14.116391270962));
#2088 = CARTESIAN_POINT('',(12.332783432101,4.667230261935,
    14.12321620401));
#2089 = CARTESIAN_POINT('',(12.321075927011,4.660516258852,
    14.133426819743));
#2090 = CARTESIAN_POINT('',(12.317176297709,4.658278069566,
    14.136825801015));
#2091 = CARTESIAN_POINT('',(12.313279380145,4.656039631624,
    14.140220371947));
#2092 = CARTESIAN_POINT('',(12.309385192775,4.653800987335,
    14.143610523275));
#2093 = CARTESIAN_POINT('',(12.3054937541,4.651562179018,14.14699624569)
  );
#2094 = CARTESIAN_POINT('',(12.301605082682,4.649323249013,
    14.150377529801));
#2095 = CARTESIAN_POINT('',(12.297719197121,4.64708423967,
    14.153754366195));
#2096 = CARTESIAN_POINT('',(12.293836116082,4.644845193362,
    14.157126745361));
#2097 = CARTESIAN_POINT('',(12.289955858267,4.642606152472,
    14.160494657768));
#2098 = CARTESIAN_POINT('',(12.286078442439,4.640367159407,
    14.163858093801));
#2099 = CARTESIAN_POINT('',(12.282203887406,4.638128256586,
    14.167217043802));
#2100 = CARTESIAN_POINT('',(12.276396407257,4.634770120414,
    14.172248696656));
#2101 = CARTESIAN_POINT('',(12.274461319281,4.633650785638,
    14.173924774096));
#2102 = CARTESIAN_POINT('',(12.272526950375,4.632531487292,
    14.175599729255));
#2103 = CARTESIAN_POINT('',(12.270593302812,4.631412230545,
    14.177273561018));
#2104 = CARTESIAN_POINT('',(12.268660378876,4.630293020568,
    14.178946268263));
#2105 = CARTESIAN_POINT('',(12.26672818084,4.629173862537,
    14.180617849868));
#2106 = CARTESIAN_POINT('',(12.264796711002,4.628054761624,
    14.182288304705));
#2107 = CARTESIAN_POINT('',(12.262865971638,4.626935723006,
    14.183957631642));
#2108 = CARTESIAN_POINT('',(12.260935965052,4.62581675186,
    14.185625829543));
#2109 = CARTESIAN_POINT('',(12.259006693533,4.624697853365,
    14.187292897269));
#2110 = CARTESIAN_POINT('',(12.257078159385,4.623579032701,
    14.188958833677));
#2111 = CARTESIAN_POINT('',(12.254186471742,4.621900928587,
    14.191456036076));
#2112 = CARTESIAN_POINT('',(12.253222763104,4.621341582643,
    14.192288151756));
#2113 = CARTESIAN_POINT('',(12.252259239271,4.620782257852,
    14.193119984527));
#2114 = CARTESIAN_POINT('',(12.251295900523,4.62022295485,14.19395153426
    ));
#2115 = CARTESIAN_POINT('',(12.250332747131,4.61966367427,
    14.194782800817));
#2116 = CARTESIAN_POINT('',(12.249369779382,4.619104416752,
    14.195613784071));
#2117 = CARTESIAN_POINT('',(12.248406997539,4.618545182924,
    14.196444483885));
#2118 = CARTESIAN_POINT('',(12.247444401896,4.617985973429,
    14.197274900128));
#2119 = CARTESIAN_POINT('',(12.246481992717,4.617426788896,
    14.198105032666));
#2120 = CARTESIAN_POINT('',(12.24551977029,4.616867629964,
    14.198934881366));
#2121 = CARTESIAN_POINT('',(12.244557734887,4.616308497269,
    14.199764446093));
#2122 = CARTESIAN_POINT('',(12.243114963248,4.615469838827,
    14.201008366588));
#2123 = CARTESIAN_POINT('',(12.242634086484,4.615190292898,
    14.201422935477));
#2124 = CARTESIAN_POINT('',(12.242153256534,4.614910753738,
    14.201837433365));
#2125 = CARTESIAN_POINT('',(12.241672473426,4.614631221424,
    14.202251860235));
#2126 = CARTESIAN_POINT('',(12.241191737204,4.614351696035,
    14.202666216075));
#2127 = CARTESIAN_POINT('',(12.240711047888,4.61407217765,
    14.203080500862));
#2128 = CARTESIAN_POINT('',(12.24023040553,4.613792666346,
    14.203494714589));
#2129 = CARTESIAN_POINT('',(12.239749810143,4.613513162203,
    14.203908857232));
#2130 = CARTESIAN_POINT('',(12.239269261781,4.613233665299,
    14.204322928782));
#2131 = CARTESIAN_POINT('',(12.238788760463,4.612954175713,
    14.204736929217));
#2132 = CARTESIAN_POINT('',(12.238308306231,4.612674693523,
    14.205150858526));
#2133 = CARTESIAN_POINT('',(12.237587695621,4.612255481486,
    14.205771645717));
#2134 = CARTESIAN_POINT('',(12.2373475039,4.61211574603,14.205978556964)
  );
#2135 = CARTESIAN_POINT('',(12.237107323956,4.611976012449,
    14.206185450428));
#2136 = CARTESIAN_POINT('',(12.236867155796,4.611836280752,
    14.206392326106));
#2137 = CARTESIAN_POINT('',(12.236626999418,4.611696550951,
    14.206599183999));
#2138 = CARTESIAN_POINT('',(12.236386854836,4.611556823052,
    14.206806024102));
#2139 = CARTESIAN_POINT('',(12.236146722042,4.61141709707,
    14.207012846416));
#2140 = CARTESIAN_POINT('',(12.235906601052,4.611277373009,
    14.207219650936));
#2141 = CARTESIAN_POINT('',(12.235666491861,4.611137650883,
    14.207426437662));
#2142 = CARTESIAN_POINT('',(12.235426394479,4.6109979307,14.207633206591
    ));
#2143 = CARTESIAN_POINT('',(12.235186308908,4.61085821247,
    14.207839957723));
#2144 = CARTESIAN_POINT('',(12.234826198281,4.610648638073,
    14.208150057712));
#2145 = CARTESIAN_POINT('',(12.234706164364,4.610578780434,
    14.208253419922));
#2146 = CARTESIAN_POINT('',(12.234586133401,4.610508923286,
    14.208356777681));
#2147 = CARTESIAN_POINT('',(12.234466105391,4.610439066632,
    14.208460130991));
#2148 = CARTESIAN_POINT('',(12.234346080337,4.610369210469,
    14.20856347985));
#2149 = CARTESIAN_POINT('',(12.234226058237,4.610299354805,
    14.208666824259));
#2150 = CARTESIAN_POINT('',(12.234106039094,4.610229499633,
    14.208770164218));
#2151 = CARTESIAN_POINT('',(12.233986022906,4.610159644963,
    14.208873499725));
#2152 = CARTESIAN_POINT('',(12.233866009675,4.610089790788,
    14.208976830782));
#2153 = CARTESIAN_POINT('',(12.233745999402,4.610019937116,
    14.209080157387));
#2154 = CARTESIAN_POINT('',(12.233625992086,4.609950083944,
    14.209183479541));
#2155 = CARTESIAN_POINT('',(12.233385983373,4.609810378606,
    14.209390114942));
#2156 = CARTESIAN_POINT('',(12.233256839773,4.609777786156,
    14.20950129757));
#2157 = CARTESIAN_POINT('',(12.233205225007,4.609429231833,
    14.209545743408));
#2158 = CARTESIAN_POINT('',(12.232832904795,4.610387748579,
    14.209866242584));
#2159 = CARTESIAN_POINT('',(12.233308252201,4.607891546499,
    14.209457088726));
#2160 = CARTESIAN_POINT('',(12.232204170673,4.611832435172,
    14.210407465971));
#2161 = CARTESIAN_POINT('',(12.233269403802,4.606932135801,
    14.209490549395));
#2162 = CARTESIAN_POINT('',(12.232095509078,4.611157578418,
    14.210501016289));
#2163 = CARTESIAN_POINT('',(12.23266302006,4.608285807232,
    14.210012522707));
#2164 = CARTESIAN_POINT('',(12.232223798018,4.609517062739,
    14.210390597884));
#2165 = CARTESIAN_POINT('',(12.232201573816,4.609048825618,
    14.210409729823));
#2166 = CARTESIAN_POINT('',(12.2320661308,4.609042032654,14.210526315789
    ));
#2167 = CARTESIAN_POINT('',(15.656407434895,4.412379247869,
    12.506783980689));
#2168 = CARTESIAN_POINT('',(15.647106461489,4.415531347255,
    12.509823907394));
#2169 = CARTESIAN_POINT('',(15.637787917444,4.418660137516,
    12.512850484551));
#2170 = CARTESIAN_POINT('',(15.62846497373,4.421761352037,
    12.515875065735));
#2171 = CARTESIAN_POINT('',(15.619144839464,4.424832812295,
    12.518903827158));
#2172 = CARTESIAN_POINT('',(15.609830077574,4.427873969718,
    12.52193890977));
#2173 = CARTESIAN_POINT('',(15.600519920385,4.430885447541,
    12.524979561355));
#2174 = CARTESIAN_POINT('',(15.591211585324,4.433868582654,
    12.528023278627));
#2175 = CARTESIAN_POINT('',(15.581901590466,4.43682496747,
    12.531066949325));
#2176 = CARTESIAN_POINT('',(15.572587070263,4.439755991763,
    12.534107994314));
#2177 = CARTESIAN_POINT('',(15.563267091096,4.44266238454,
    12.537145509677));
#2178 = CARTESIAN_POINT('',(15.553943966967,4.445543755882,
    12.540181408815));
#2179 = CARTESIAN_POINT('',(15.53996487917,4.449825330274,
    12.544741642402));
#2180 = CARTESIAN_POINT('',(15.535307687602,4.45124499482,
    12.546264220933));
#2181 = CARTESIAN_POINT('',(15.530644772702,4.452660711352,
    12.547781928311));
#2182 = CARTESIAN_POINT('',(15.525986967004,4.454067863679,
    12.549304446392));
#2183 = CARTESIAN_POINT('',(15.521335161107,4.455466051584,
    12.550832575825));
#2184 = CARTESIAN_POINT('',(15.516682862628,4.456858046689,
    12.552360512459));
#2185 = CARTESIAN_POINT('',(15.512026948153,4.458245207808,
    12.553885458407));
#2186 = CARTESIAN_POINT('',(15.507372529634,4.459625354961,
    12.555411983879));
#2187 = CARTESIAN_POINT('',(15.502727145477,4.460995186021,
    12.556946848725));
#2188 = CARTESIAN_POINT('',(15.498088776285,4.462355404388,
    12.558488285364));
#2189 = CARTESIAN_POINT('',(15.493441473974,4.463712810924,
    12.560022037596));
#2190 = CARTESIAN_POINT('',(15.484121891217,4.466426584713,
    12.563067447481));
#2191 = CARTESIAN_POINT('',(15.479461861861,4.467777419254,
    12.564590128981));
#2192 = CARTESIAN_POINT('',(15.474801608704,4.469122235997,
    12.566112790309));
#2193 = CARTESIAN_POINT('',(15.470141145928,4.470461069496,
    12.567635434734));
#2194 = CARTESIAN_POINT('',(15.4654804877,4.47179395431,12.569158065528)
  );
#2195 = CARTESIAN_POINT('',(15.460819648218,4.473120924991,
    12.570680685959));
#2196 = CARTESIAN_POINT('',(15.456158641632,4.474442016099,12.5722032993
    ));
#2197 = CARTESIAN_POINT('',(15.451497482149,4.475757262184,
    12.573725908818));
#2198 = CARTESIAN_POINT('',(15.446836183922,4.477066697807,
    12.575248517787));
#2199 = CARTESIAN_POINT('',(15.442174761146,4.47837035752,
    12.576771129473));
#2200 = CARTESIAN_POINT('',(15.437513227989,4.47966827588,
    12.578293747149));
#2201 = CARTESIAN_POINT('',(15.41420508121,4.486129333695,
    12.585906881827));
#2202 = CARTESIAN_POINT('',(15.39555703573,4.491206838933,
    12.591997559288));
#2203 = CARTESIAN_POINT('',(15.376908274025,4.496195138714,
    12.598088563309));
#2204 = CARTESIAN_POINT('',(15.358259624939,4.501096306031,
    12.604180087341));
#2205 = CARTESIAN_POINT('',(15.33961193432,4.505912351321,12.61027236144
    ));
#2206 = CARTESIAN_POINT('',(15.320966065036,4.510645222444,
    12.616365652266));
#2207 = CARTESIAN_POINT('',(15.302322896946,4.515296804716,
    12.62246026309));
#2208 = CARTESIAN_POINT('',(15.283683326942,4.519868920871,
    12.628556533784));
#2209 = CARTESIAN_POINT('',(15.265048268904,4.524363331098,
    12.634654840831));
#2210 = CARTESIAN_POINT('',(15.246418653736,4.528781733009,
    12.640755597317));
#2211 = CARTESIAN_POINT('',(15.227795429343,4.533125761663,
    12.646859252934));
#2212 = CARTESIAN_POINT('',(15.171947823246,4.545939445327,
    12.665180376082));
#2213 = CARTESIAN_POINT('',(15.134744936102,4.554191048019,
    12.677407441149));
#2214 = CARTESIAN_POINT('',(15.09757946736,4.562163962844,
    12.689652195476));
#2215 = CARTESIAN_POINT('',(15.06045980038,4.569869491755,12.7019195386)
  );
#2216 = CARTESIAN_POINT('',(15.023394133718,4.57731807346,
    12.714214563308));
#2217 = CARTESIAN_POINT('',(14.986390481153,4.584519283388,
    12.726542555632));
#2218 = CARTESIAN_POINT('',(14.949456671651,4.59148183374,
    12.738908994854));
#2219 = CARTESIAN_POINT('',(14.912600349404,4.598213573431,
    12.751319553502));
#2220 = CARTESIAN_POINT('',(14.875828973794,4.604721488141,
    12.763780097354));
#2221 = CARTESIAN_POINT('',(14.839149819423,4.611011700279,
    12.776296685434));
#2222 = CARTESIAN_POINT('',(14.80256997609,4.617089469003,
    12.788875570014));
#2223 = CARTESIAN_POINT('',(14.69314909424,4.634698632627,
    12.826818449813));
#2224 = CARTESIAN_POINT('',(14.620624464531,4.645608173211,
    12.852386023743));
#2225 = CARTESIAN_POINT('',(14.548574236133,4.655725519398,
    12.878274136677));
#2226 = CARTESIAN_POINT('',(14.47704071426,4.665080881571,
    12.904526595884));
#2227 = CARTESIAN_POINT('',(14.406057378196,4.673697978699,
    12.931182991483));
#2228 = CARTESIAN_POINT('',(14.335649526632,4.681595043955,
    12.95827889028));
#2229 = CARTESIAN_POINT('',(14.265834922976,4.688785830365,
    12.98584602962));
#2230 = CARTESIAN_POINT('',(14.196624440677,4.695280616417,
    13.013912511234));
#2231 = CARTESIAN_POINT('',(14.128022708557,4.701087211714,
    13.042502995081));
#2232 = CARTESIAN_POINT('',(14.060028756112,4.706211962584,
    13.071638893202));
#2233 = CARTESIAN_POINT('',(13.992636658857,4.710660757726,
    13.101338563557));
#2234 = CARTESIAN_POINT('',(13.86242361857,4.718027636933,
    13.160360791509));
#2235 = CARTESIAN_POINT('',(13.809849004515,4.716869423436,
    13.188170890514));
#2236 = CARTESIAN_POINT('',(13.75134263052,4.716802453018,
    13.217494247007));
#2237 = CARTESIAN_POINT('',(13.685511657825,4.718539985069,
    13.24947949827));
#2238 = CARTESIAN_POINT('',(13.626701166206,4.71690853429,
    13.281014081355));
#2239 = CARTESIAN_POINT('',(13.563221416197,4.716070575491,
    13.314237924443));
#2240 = CARTESIAN_POINT('',(13.496577883639,4.715614235838,
    13.349134594553));
#2241 = CARTESIAN_POINT('',(13.433506383737,4.713173013239,
    13.384437868082));
#2242 = CARTESIAN_POINT('',(13.366437604846,4.711411679556,
    13.421460445798));
#2243 = CARTESIAN_POINT('',(13.300442801507,4.708658140324,
    13.459384232164));
#2244 = CARTESIAN_POINT('',(13.233734691335,4.705578565885,
    13.498476286035));
#2245 = CARTESIAN_POINT('',(13.125595559228,4.699804608497,
    13.563495948615));
#2246 = CARTESIAN_POINT('',(13.08419448256,4.697417475252,
    13.588768486836));
#2247 = CARTESIAN_POINT('',(13.04277947671,4.694851825601,
    13.614443946587));
#2248 = CARTESIAN_POINT('',(13.001387676967,4.692109022098,
    13.640513155756));
#2249 = CARTESIAN_POINT('',(12.960055103391,4.689190947045,
    13.666965976553));
#2250 = CARTESIAN_POINT('',(12.918816660785,4.686100002518,
    13.693791305518));
#2251 = CARTESIAN_POINT('',(12.877706138732,4.682839110327,
    13.720977073505));
#2252 = CARTESIAN_POINT('',(12.836756211553,4.679411712062,
    13.748510245704));
#2253 = CARTESIAN_POINT('',(12.795998438348,4.67582176905,
    13.776376821621));
#2254 = CARTESIAN_POINT('',(12.755463262962,4.672073762389,
    13.804561835091));
#2255 = CARTESIAN_POINT('',(12.715180014008,4.668172692926,
    13.83304935427));
#2256 = CARTESIAN_POINT('',(12.655334412222,4.662115873689,
    13.876094636478));
#2257 = CARTESIAN_POINT('',(12.635561334552,4.660071149943,
    13.890437549676));
#2258 = CARTESIAN_POINT('',(12.615860831521,4.657990662565,
    13.904848782161));
#2259 = CARTESIAN_POINT('',(12.596236062799,4.655875164084,
    13.919325894866));
#2260 = CARTESIAN_POINT('',(12.576690188065,4.653725407039,
    13.933866448714));
#2261 = CARTESIAN_POINT('',(12.557226366987,4.651542143952,
    13.948468004646));
#2262 = CARTESIAN_POINT('',(12.537847759245,4.64932612737,
    13.963128123577));
#2263 = CARTESIAN_POINT('',(12.518557524508,4.647078109811,
    13.97784436645));
#2264 = CARTESIAN_POINT('',(12.499358822453,4.644798843819,
    13.992614294185));
#2265 = CARTESIAN_POINT('',(12.480254812751,4.642489081919,
    14.007435467717));
#2266 = CARTESIAN_POINT('',(12.461248655079,4.640149576647,
    14.022305447973));
#2267 = CARTESIAN_POINT('',(12.433307747785,4.636649051955,14.0443511013
    ));
#2268 = CARTESIAN_POINT('',(12.42429496974,4.635510430134,
    14.051490904089));
#2269 = CARTESIAN_POINT('',(12.415305470804,4.634365310923,
    14.058640884444));
#2270 = CARTESIAN_POINT('',(12.406339546808,4.633213790174,
    14.065800722555));
#2271 = CARTESIAN_POINT('',(12.397397493579,4.632055963732,
    14.072970098617));
#2272 = CARTESIAN_POINT('',(12.388479606953,4.630891927456,
    14.080148692819));
#2273 = CARTESIAN_POINT('',(12.379586182753,4.629721777186,
    14.087336185354));
#2274 = CARTESIAN_POINT('',(12.370717516814,4.628545608782,
    14.094532256415));
#2275 = CARTESIAN_POINT('',(12.361873904964,4.627363518086,
    14.101736586192));
#2276 = CARTESIAN_POINT('',(12.353055643034,4.626175600954,
    14.108948854879));
#2277 = CARTESIAN_POINT('',(12.344263026853,4.624981953234,
    14.116168742667));
#2278 = CARTESIAN_POINT('',(12.331113014952,4.623183029549,
    14.127009523287));
#2279 = CARTESIAN_POINT('',(12.326736158518,4.622581980939,
    14.130624935824));
#2280 = CARTESIAN_POINT('',(12.322365816771,4.621979537592,
    14.134242124315));
#2281 = CARTESIAN_POINT('',(12.31800202352,4.621375712146,
    14.137861045724));
#2282 = CARTESIAN_POINT('',(12.313644812595,4.620770517249,14.141481657)
  );
#2283 = CARTESIAN_POINT('',(12.309294217792,4.620163965536,
    14.145103915119));
#2284 = CARTESIAN_POINT('',(12.304950272955,4.619556069655,
    14.14872777702));
#2285 = CARTESIAN_POINT('',(12.300613011873,4.618946842244,
    14.152353199684));
#2286 = CARTESIAN_POINT('',(12.296282468385,4.618336295947,
    14.155980140051));
#2287 = CARTESIAN_POINT('',(12.291958676294,4.617724443406,
    14.159608555093));
#2288 = CARTESIAN_POINT('',(12.287641669423,4.617111297262,
    14.163238401764));
#2289 = CARTESIAN_POINT('',(12.281176387669,4.616189656606,
    14.168685254655));
#2290 = CARTESIAN_POINT('',(12.279022998141,4.615882122873,
    14.170501219151));
#2291 = CARTESIAN_POINT('',(12.276871316974,4.61557427056,
    14.172317524999));
#2292 = CARTESIAN_POINT('',(12.274721348141,4.615266101267,
    14.174134166685));
#2293 = CARTESIAN_POINT('',(12.272573095609,4.614957616592,
    14.175951138694));
#2294 = CARTESIAN_POINT('',(12.270426563353,4.614648818139,
    14.177768435515));
#2295 = CARTESIAN_POINT('',(12.268281755342,4.614339707503,
    14.17958605163));
#2296 = CARTESIAN_POINT('',(12.266138675546,4.61403028629,
    14.181403981529));
#2297 = CARTESIAN_POINT('',(12.263997327938,4.613720556094,
    14.183222219695));
#2298 = CARTESIAN_POINT('',(12.261857716488,4.61341051852,
    14.185040760616));
#2299 = CARTESIAN_POINT('',(12.259719845167,4.613100175164,
    14.186859598777));
#2300 = CARTESIAN_POINT('',(12.256515654336,4.612634203861,
    14.189588293609));
#2301 = CARTESIAN_POINT('',(12.255448026721,4.61247880405,
    14.190497931473));
#2302 = CARTESIAN_POINT('',(12.254380835578,4.612323328393,
    14.191407641564));
#2303 = CARTESIAN_POINT('',(12.253314081386,4.612167777091,
    14.192317423187));
#2304 = CARTESIAN_POINT('',(12.25224776462,4.612012150345,
    14.193227275647));
#2305 = CARTESIAN_POINT('',(12.251181885758,4.611856448352,
    14.194137198251));
#2306 = CARTESIAN_POINT('',(12.250116445278,4.611700671313,
    14.195047190302));
#2307 = CARTESIAN_POINT('',(12.249051443655,4.611544819428,
    14.195957251109));
#2308 = CARTESIAN_POINT('',(12.24798688137,4.611388892896,
    14.196867379975));
#2309 = CARTESIAN_POINT('',(12.246922758895,4.611232891916,
    14.197777576207));
#2310 = CARTESIAN_POINT('',(12.245859076711,4.61107681669,14.19868783911
    ));
#2311 = CARTESIAN_POINT('',(12.244264214586,4.610842592777,
    14.20005333243));
#2312 = CARTESIAN_POINT('',(12.243732704067,4.610764499628,
    14.200508513364));
#2313 = CARTESIAN_POINT('',(12.243201303796,4.610686387991,
    14.200963710705));
#2314 = CARTESIAN_POINT('',(12.242670013833,4.610608257892,
    14.201418924365));
#2315 = CARTESIAN_POINT('',(12.24213883423,4.610530109354,
    14.201874154258));
#2316 = CARTESIAN_POINT('',(12.241607765056,4.610451942406,
    14.202329400298));
#2317 = CARTESIAN_POINT('',(12.241076806357,4.610373757068,
    14.202784662395));
#2318 = CARTESIAN_POINT('',(12.240545958204,4.610295553369,
    14.203239940466));
#2319 = CARTESIAN_POINT('',(12.240015220644,4.61021733133,14.20369523442
    ));
#2320 = CARTESIAN_POINT('',(12.239484593742,4.610139090979,
    14.204150544173));
#2321 = CARTESIAN_POINT('',(12.238954077555,4.610060832339,
    14.204605869636));
#2322 = CARTESIAN_POINT('',(12.238158469433,4.609943416984,
    14.205288881267));
#2323 = CARTESIAN_POINT('',(12.237893294418,4.609904273967,
    14.205516555717));
#2324 = CARTESIAN_POINT('',(12.237628147104,4.609865126386,
    14.205744234061));
#2325 = CARTESIAN_POINT('',(12.237363027498,4.609825974247,
    14.205971916291));
#2326 = CARTESIAN_POINT('',(12.237097935606,4.609786817549,
    14.206199602392));
#2327 = CARTESIAN_POINT('',(12.236832871436,4.609747656301,
    14.206427292358));
#2328 = CARTESIAN_POINT('',(12.236567834995,4.609708490499,
    14.206654986173));
#2329 = CARTESIAN_POINT('',(12.23630282629,4.609669320153,14.20688268383
    ));
#2330 = CARTESIAN_POINT('',(12.236037845329,4.60963014526,
    14.207110385316));
#2331 = CARTESIAN_POINT('',(12.235772892119,4.609590965827,
    14.207338090622));
#2332 = CARTESIAN_POINT('',(12.235507966666,4.609551781856,
    14.207565799736));
#2333 = CARTESIAN_POINT('',(12.235110620135,4.609492999098,
    14.207907369102));
#2334 = CARTESIAN_POINT('',(12.234978178233,4.609473403711,
    14.208021226506));
#2335 = CARTESIAN_POINT('',(12.234845743272,4.609453807191,
    14.208135084859));
#2336 = CARTESIAN_POINT('',(12.234713315256,4.609434209538,
    14.208248944158));
#2337 = CARTESIAN_POINT('',(12.234580894182,4.609414610752,
    14.208362804402));
#2338 = CARTESIAN_POINT('',(12.234448480054,4.609395010835,
    14.20847666559));
#2339 = CARTESIAN_POINT('',(12.234316072871,4.609375409785,
    14.208590527721));
#2340 = CARTESIAN_POINT('',(12.234183672635,4.609355807604,
    14.208704390793));
#2341 = CARTESIAN_POINT('',(12.234051279346,4.609336204292,
    14.208818254804));
#2342 = CARTESIAN_POINT('',(12.233918893006,4.60931659985,
    14.208932119754));
#2343 = CARTESIAN_POINT('',(12.233786513616,4.609296994277,
    14.209045985641));
#2344 = CARTESIAN_POINT('',(12.233521768734,4.609257780872,
    14.209273719286));
#2345 = CARTESIAN_POINT('',(12.233385770487,4.609252978605,
    14.209390714031));
#2346 = CARTESIAN_POINT('',(12.233280584967,4.609122624016,
    14.209481192867));
#2347 = CARTESIAN_POINT('',(12.233047969318,4.609511647445,
    14.209681367293));
#2348 = CARTESIAN_POINT('',(12.233152189683,4.60852789827,
    14.209591608608));
#2349 = CARTESIAN_POINT('',(12.232628812015,4.610101997987,
    14.210042077549));
#2350 = CARTESIAN_POINT('',(12.232967441652,4.608162951108,
    14.209750559048));
#2351 = CARTESIAN_POINT('',(12.232416334481,4.609850118883,
    14.210224910683));
#2352 = CARTESIAN_POINT('',(12.232557200197,4.608717127771,
    14.210103636255));
#2353 = CARTESIAN_POINT('',(12.232298035023,4.609214519039,
    14.210326705338));
#2354 = CARTESIAN_POINT('',(12.232204574404,4.609036596504,
    14.210407146992));
#2355 = CARTESIAN_POINT('',(12.2320661308,4.609042032654,14.210526315789
    ));
#2356 = ADVANCED_FACE('',(#2357),#2376,.F.);
#2357 = FACE_BOUND('',#2358,.F.);
#2358 = EDGE_LOOP('',(#2359,#2367,#2374,#2375));
#2359 = ORIENTED_EDGE('',*,*,#2360,.T.);
#2360 = EDGE_CURVE('',#79,#2361,#2363,.T.);
#2361 = VERTEX_POINT('',#2362);
#2362 = CARTESIAN_POINT('',(15.656407432904,4.412379242077,
    -12.50678443207));
#2363 = ( BOUNDED_CURVE() B_SPLINE_CURVE(2,(#2364,#2365,#2366),
.UNSPECIFIED.,.F.,.F.) B_SPLINE_CURVE_WITH_KNOTS((3,3),(0.,
3.345322507199),.PIECEWISE_BEZIER_KNOTS.) CURVE() 
GEOMETRIC_REPRESENTATION_ITEM() RATIONAL_B_SPLINE_CURVE((1.,
0.795237589853,1.)) REPRESENTATION_ITEM('') );
#2364 = CARTESIAN_POINT('',(14.81467035445,6.075718177848,
    -11.49295620321));
#2365 = CARTESIAN_POINT('',(14.683648234779,4.758732796515,
    -11.66184656333));
#2366 = CARTESIAN_POINT('',(15.656407432904,4.412379242077,
    -12.50678443207));
#2367 = ORIENTED_EDGE('',*,*,#2368,.T.);
#2368 = EDGE_CURVE('',#2361,#1547,#2369,.T.);
#2369 = ( BOUNDED_CURVE() B_SPLINE_CURVE(3,(#2370,#2371,#2372,#2373),
.UNSPECIFIED.,.F.,.F.) B_SPLINE_CURVE_WITH_KNOTS((4,4),(3.345322507202,
3.364269975699),.PIECEWISE_BEZIER_KNOTS.) CURVE() 
GEOMETRIC_REPRESENTATION_ITEM() RATIONAL_B_SPLINE_CURVE((1.,1.,1.,1.)) 
REPRESENTATION_ITEM('') );
#2370 = CARTESIAN_POINT('',(15.656407432908,4.412379242076,
    -12.50678443207));
#2371 = CARTESIAN_POINT('',(15.663333711453,4.410031889002,
    -12.50452342416));
#2372 = CARTESIAN_POINT('',(15.670257589287,4.407662622331,
    -12.50226186255));
#2373 = CARTESIAN_POINT('',(15.677179321189,4.405271311771,-12.5));
#2374 = ORIENTED_EDGE('',*,*,#1546,.F.);
#2375 = ORIENTED_EDGE('',*,*,#78,.F.);
#2376 = ( BOUNDED_SURFACE() B_SPLINE_SURFACE(2,3,(
    (#2377,#2378,#2379,#2380)
    ,(#2381,#2382,#2383,#2384)
    ,(#2385,#2386,#2387,#2388
)),.UNSPECIFIED.,.F.,.F.,.F.) B_SPLINE_SURFACE_WITH_KNOTS((3,3),(4,4),(
    0.,1.894746849665E-02),(3.345322507202,3.364269975699),
.PIECEWISE_BEZIER_KNOTS.) GEOMETRIC_REPRESENTATION_ITEM() 
RATIONAL_B_SPLINE_SURFACE((
    (1.,1.,1.,1.)
    ,(0.795237589853,0.794519930515,0.793801194521,0.79308131)
,(1.,1.,1.,1.))) REPRESENTATION_ITEM('') SURFACE() );
#2377 = CARTESIAN_POINT('',(14.814670354452,6.075718177847,
    -11.49295620321));
#2378 = CARTESIAN_POINT('',(14.818380531875,6.074409532408,
    -11.48817370386));
#2379 = CARTESIAN_POINT('',(14.822083694306,6.073064156192,
    -11.48339546524));
#2380 = CARTESIAN_POINT('',(14.825779847688,6.071682085456,
    -11.47862151601));
#2381 = CARTESIAN_POINT('',(14.683648234781,4.758732796513,
    -11.66184656333));
#2382 = CARTESIAN_POINT('',(14.686993103535,4.754213684709,
    -11.65764763269));
#2383 = CARTESIAN_POINT('',(14.690327495305,4.749655867777,
    -11.65345826448));
#2384 = CARTESIAN_POINT('',(14.693651374949,4.745059214189,
    -11.64927856274));
#2385 = CARTESIAN_POINT('',(15.656407432908,4.412379242076,
    -12.50678443207));
#2386 = CARTESIAN_POINT('',(15.663333711453,4.410031889002,
    -12.50452342416));
#2387 = CARTESIAN_POINT('',(15.670257589287,4.407662622331,
    -12.50226186255));
#2388 = CARTESIAN_POINT('',(15.677179321189,4.405271311771,-12.5));
#2389 = ADVANCED_FACE('',(#2390),#2447,.F.);
#2390 = FACE_BOUND('',#2391,.T.);
#2391 = EDGE_LOOP('',(#2392,#2402,#2427,#2428,#2437));
#2392 = ORIENTED_EDGE('',*,*,#2393,.F.);
#2393 = EDGE_CURVE('',#2394,#2396,#2398,.T.);
#2394 = VERTEX_POINT('',#2395);
#2395 = CARTESIAN_POINT('',(15.493950432346,3.939556130912,13.));
#2396 = VERTEX_POINT('',#2397);
#2397 = CARTESIAN_POINT('',(15.493950432346,0.283757182921,13.));
#2398 = LINE('',#2399,#2400);
#2399 = CARTESIAN_POINT('',(15.493950432346,4.95050560186,13.));
#2400 = VECTOR('',#2401,1.);
#2401 = DIRECTION('',(-0.,-1.,-0.));
#2402 = ORIENTED_EDGE('',*,*,#2403,.T.);
#2403 = EDGE_CURVE('',#2394,#803,#2404,.T.);
#2404 = ( BOUNDED_CURVE() B_SPLINE_CURVE(6,(#2405,#2406,#2407,#2408,
    #2409,#2410,#2411,#2412,#2413,#2414,#2415,#2416,#2417,#2418,#2419,
    #2420,#2421,#2422,#2423,#2424,#2425,#2426),.UNSPECIFIED.,.F.,.F.) 
B_SPLINE_CURVE_WITH_KNOTS((7,5,5,5,7),(68.722127777568,68.887667247035,
    69.774070123574,70.873422698723,72.488190355635),.UNSPECIFIED.) 
CURVE() GEOMETRIC_REPRESENTATION_ITEM() RATIONAL_B_SPLINE_CURVE((1.,1.,
    1.,1.,1.,1.,1.,1.,1.,1.,1.,1.,1.,1.,1.,1.,1.,1.,1.,1.,1.,1.)) 
REPRESENTATION_ITEM('') );
#2405 = CARTESIAN_POINT('',(15.493950432346,3.939556130912,13.));
#2406 = CARTESIAN_POINT('',(15.468242796895,3.949272288548,13.));
#2407 = CARTESIAN_POINT('',(15.442504085136,3.958909909166,
    13.000158593026));
#2408 = CARTESIAN_POINT('',(15.41673180323,3.968470741801,
    13.000476623335));
#2409 = CARTESIAN_POINT('',(15.39093415762,3.977949592516,
    13.000954529594));
#2410 = CARTESIAN_POINT('',(15.365098152951,3.987354951319,
    13.001593626674));
#2411 = CARTESIAN_POINT('',(15.200791641724,4.046587422212,
    13.006679983574));
#2412 = CARTESIAN_POINT('',(15.061297722482,4.09428223181,
    13.015605149767));
#2413 = CARTESIAN_POINT('',(14.921044305943,4.139621779726,
    13.029309548195));
#2414 = CARTESIAN_POINT('',(14.780471856829,4.182472828759,
    13.047897098454));
#2415 = CARTESIAN_POINT('',(14.640052484352,4.222725595396,
    13.071388830835));
#2416 = CARTESIAN_POINT('',(14.326851282506,4.306981651456,
    13.134901696992));
#2417 = CARTESIAN_POINT('',(14.154386207188,4.349556995634,
    13.177547772613));
#2418 = CARTESIAN_POINT('',(13.983788300034,4.387976828927,
    13.22755956173));
#2419 = CARTESIAN_POINT('',(13.815888724987,4.422265565131,
    13.284693248688));
#2420 = CARTESIAN_POINT('',(13.651411801621,4.452557106771,
    13.348579614775));
#2421 = CARTESIAN_POINT('',(13.255319806078,4.518074406805,
    13.521754629902));
#2422 = CARTESIAN_POINT('',(13.028392951068,4.548895699524,
    13.638371814291));
#2423 = CARTESIAN_POINT('',(12.811832786174,4.572435516623,
    13.766982702471));
#2424 = CARTESIAN_POINT('',(12.606699673324,4.58963118379,
    13.906106246542));
#2425 = CARTESIAN_POINT('',(12.413475990313,4.601480559026,
    14.05437323961));
#2426 = CARTESIAN_POINT('',(12.2320661308,4.609042032654,14.210526315789
    ));
#2427 = ORIENTED_EDGE('',*,*,#802,.T.);
#2428 = ORIENTED_EDGE('',*,*,#2429,.T.);
#2429 = EDGE_CURVE('',#794,#2430,#2432,.T.);
#2430 = VERTEX_POINT('',#2431);
#2431 = CARTESIAN_POINT('',(13.389388392154,0.5,13.464493565325));
#2432 = CIRCLE('',#2433,5.);
#2433 = AXIS2_PLACEMENT_3D('',#2434,#2435,#2436);
#2434 = CARTESIAN_POINT('',(15.493950432346,0.5,18.));
#2435 = DIRECTION('',(0.,-1.,0.));
#2436 = DIRECTION('',(-0.652376860309,-0.,-0.757894736842));
#2437 = ORIENTED_EDGE('',*,*,#2438,.T.);
#2438 = EDGE_CURVE('',#2430,#2396,#2439,.T.);
#2439 = ( BOUNDED_CURVE() B_SPLINE_CURVE(6,(#2440,#2441,#2442,#2443,
#2444,#2445,#2446),.UNSPECIFIED.,.F.,.F.) B_SPLINE_CURVE_WITH_KNOTS((7,7
),(50.964072217241,53.056459264263),.PIECEWISE_BEZIER_KNOTS.) CURVE() 
GEOMETRIC_REPRESENTATION_ITEM() RATIONAL_B_SPLINE_CURVE((1.,1.,1.,1.,1.,
1.,1.)) REPRESENTATION_ITEM('') );
#2440 = CARTESIAN_POINT('',(13.389388392154,0.5,13.464493565325));
#2441 = CARTESIAN_POINT('',(13.707916933195,0.5,13.316690208445));
#2442 = CARTESIAN_POINT('',(14.046164551506,0.488062773431,
    13.192273339042));
#2443 = CARTESIAN_POINT('',(14.403370885261,0.461553887626,
    13.095000299313));
#2444 = CARTESIAN_POINT('',(14.767949322348,0.418240644981,
    13.031117769744));
#2445 = CARTESIAN_POINT('',(15.134327546242,0.358309853001,13.));
#2446 = CARTESIAN_POINT('',(15.493950432346,0.283757182921,13.));
#2447 = CYLINDRICAL_SURFACE('',#2448,5.);
#2448 = AXIS2_PLACEMENT_3D('',#2449,#2450,#2451);
#2449 = CARTESIAN_POINT('',(15.493950432346,4.95050560186,18.));
#2450 = DIRECTION('',(-0.,-1.,-0.));
#2451 = DIRECTION('',(0.,0.,-1.));
#2452 = ADVANCED_FACE('',(#2453),#2649,.F.);
#2453 = FACE_BOUND('',#2454,.F.);
#2454 = EDGE_LOOP('',(#2455,#2647,#2648));
#2455 = ORIENTED_EDGE('',*,*,#2456,.T.);
#2456 = EDGE_CURVE('',#88,#2361,#2457,.T.);
#2457 = ( BOUNDED_CURVE() B_SPLINE_CURVE(12,(#2458,#2459,#2460,#2461,
    #2462,#2463,#2464,#2465,#2466,#2467,#2468,#2469,#2470,#2471,#2472,
    #2473,#2474,#2475,#2476,#2477,#2478,#2479,#2480,#2481,#2482,#2483,
    #2484,#2485,#2486,#2487,#2488,#2489,#2490,#2491,#2492,#2493,#2494,
    #2495,#2496,#2497,#2498,#2499,#2500,#2501,#2502,#2503,#2504,#2505,
    #2506,#2507,#2508,#2509,#2510,#2511,#2512,#2513,#2514,#2515,#2516,
    #2517,#2518,#2519,#2520,#2521,#2522,#2523,#2524,#2525,#2526,#2527,
    #2528,#2529,#2530,#2531,#2532,#2533,#2534,#2535,#2536,#2537,#2538,
    #2539,#2540,#2541,#2542,#2543,#2544,#2545,#2546,#2547,#2548,#2549,
    #2550,#2551,#2552,#2553,#2554,#2555,#2556,#2557,#2558,#2559,#2560,
    #2561,#2562,#2563,#2564,#2565,#2566,#2567,#2568,#2569,#2570,#2571,
    #2572,#2573,#2574,#2575,#2576,#2577,#2578,#2579,#2580,#2581,#2582,
    #2583,#2584,#2585,#2586,#2587,#2588,#2589,#2590,#2591,#2592,#2593,
    #2594,#2595,#2596,#2597,#2598,#2599,#2600,#2601,#2602,#2603,#2604,
    #2605,#2606,#2607,#2608,#2609,#2610,#2611,#2612,#2613,#2614,#2615,
    #2616,#2617,#2618,#2619,#2620,#2621,#2622,#2623,#2624,#2625,#2626,
    #2627,#2628,#2629,#2630,#2631,#2632,#2633,#2634,#2635,#2636,#2637,
    #2638,#2639,#2640,#2641,#2642,#2643,#2644,#2645,#2646),
.UNSPECIFIED.,.F.,.F.) B_SPLINE_CURVE_WITH_KNOTS((13,11,11,11,11,11,11,
    11,11,11,11,11,11,11,11,11,11,13),(0.,1.773159387929E-03,
    3.546318775858E-03,7.092637551716E-03,1.418527510343E-02,
    2.837055020686E-02,5.674110041373E-02,0.113482200827,0.226964401655,
    0.464398469978,0.943073257844,1.71626925585,2.530795881524,
    2.938059194362,3.14169085078,3.192598764885,3.243506678989,
3.345322507199),.UNSPECIFIED.) CURVE() GEOMETRIC_REPRESENTATION_ITEM() 
RATIONAL_B_SPLINE_CURVE((1.,1.,1.,1.,1.,1.,1.,1.,1.,1.,1.,1.,1.,1.,1.,1.
    ,1.,1.,1.,1.,1.,1.,1.,1.,1.,0.999999999999,1.000000000001,
    0.999999999998,1.000000000002,0.999999999998,1.000000000001,
    0.999999999999,1.,1.,1.,1.,0.999999999999,1.000000000001,
    0.999999999998,1.000000000002,0.999999999998,1.000000000002,
    0.999999999999,1.,1.,1.,1.,1.,1.,1.,1.,1.,1.,1.,1.,1.,1.,1.,1.,1.,1.
    ,1.,1.,1.,1.,1.,1.,1.,1.,1.,1.,1.,1.,1.,1.,1.,1.,1.,1.,1.,1.,1.,1.,
    1.,1.,1.,1.,1.,1.,1.,1.000000000001,0.999999999997,1.000000000006,
    0.999999999991,1.00000000001,0.999999999991,1.000000000006,
    0.999999999997,1.000000000001,1.,1.,1.,1.000000000001,0.999999999998
    ,1.000000000003,0.999999999997,1.000000000003,0.999999999998,
    1.000000000001,1.,1.,1.,1.,1.000000000001,0.999999999998,
    1.000000000003,0.999999999997,1.000000000002,0.999999999999,
    1.000000000001,1.,1.,1.,1.,1.,1.000000000001,0.999999999999,
    1.000000000001,0.999999999999,1.000000000001,1.,1.,1.,1.,1.,1.,
    0.999999999999,1.000000000001,0.999999999999,1.000000000001,1.,1.,1.
    ,1.,1.,0.999999999999,1.000000000002,0.999999999996,1.000000000006,
    0.999999999993,1.000000000006,0.999999999996,1.000000000002,
    0.999999999999,1.,1.,0.999999999999,1.000000000002,0.999999999997,
    1.000000000004,0.999999999996,1.000000000004,0.999999999997,
    1.000000000001,0.999999999999,1.,1.,1.000000000001,0.999999999999,
    1.000000000002,0.999999999998,1.000000000002,0.999999999998,
    1.000000000001,0.999999999999,1.,1.,1.,1.,1.000000000001,
    0.999999999997,1.000000000004,0.999999999995,1.000000000004,
    0.999999999997,1.000000000002,0.999999999999,1.,1.)) 
REPRESENTATION_ITEM('') );
#2458 = CARTESIAN_POINT('',(12.2320661308,4.609042032654,-14.21052631578
    ));
#2459 = CARTESIAN_POINT('',(12.232204574404,4.609036596504,
    -14.21040714699));
#2460 = CARTESIAN_POINT('',(12.232298035231,4.609214518209,
    -14.21032670515));
#2461 = CARTESIAN_POINT('',(12.232557199462,4.60871713083,
    -14.21010363688));
#2462 = CARTESIAN_POINT('',(12.232416336115,4.60985011233,
    -14.21022490927));
#2463 = CARTESIAN_POINT('',(12.232967439367,4.608162960629,
    -14.20975056101));
#2464 = CARTESIAN_POINT('',(12.232628814483,4.610101988209,
    -14.21004207542));
#2465 = CARTESIAN_POINT('',(12.233152188012,4.608527905501,
    -14.20959161004));
#2466 = CARTESIAN_POINT('',(12.233047970346,4.609511643787,
    -14.2096813664));
#2467 = CARTESIAN_POINT('',(12.23328058484,4.609122625238,
    -14.20948119297));
#2468 = CARTESIAN_POINT('',(12.233385770739,4.609252978446,
    -14.20939071381));
#2469 = CARTESIAN_POINT('',(12.233521768983,4.609257780918,
    -14.20927371907));
#2470 = CARTESIAN_POINT('',(12.233786513961,4.609296994342,
    -14.20904598534));
#2471 = CARTESIAN_POINT('',(12.233918893405,4.609316599925,
    -14.20893211941));
#2472 = CARTESIAN_POINT('',(12.234051279802,4.609336204378,
    -14.20881825441));
#2473 = CARTESIAN_POINT('',(12.234183673152,4.609355807701,
    -14.20870439034));
#2474 = CARTESIAN_POINT('',(12.234316073452,4.609375409896,
    -14.20859052722));
#2475 = CARTESIAN_POINT('',(12.234448480706,4.609395010956,
    -14.20847666503));
#2476 = CARTESIAN_POINT('',(12.234580894906,4.60941461089,
    -14.20836280377));
#2477 = CARTESIAN_POINT('',(12.234713316058,4.609434209688,
    -14.20824894346));
#2478 = CARTESIAN_POINT('',(12.234845744156,4.609453807358,
    -14.20813508409));
#2479 = CARTESIAN_POINT('',(12.234978179202,4.609473403893,
    -14.20802122567));
#2480 = CARTESIAN_POINT('',(12.235110621194,4.609492999297,
    -14.20790736819));
#2481 = CARTESIAN_POINT('',(12.235507968004,4.609551782108,
    -14.20756579858));
#2482 = CARTESIAN_POINT('',(12.235772893658,4.609590966117,
    -14.20733808929));
#2483 = CARTESIAN_POINT('',(12.236037847085,4.60963014559,-14.2071103838
    ));
#2484 = CARTESIAN_POINT('',(12.236302828278,4.609669320526,
    -14.20688268212));
#2485 = CARTESIAN_POINT('',(12.236567837228,4.609708490919,
    -14.20665498425));
#2486 = CARTESIAN_POINT('',(12.23683287393,4.609747656768,
    -14.20642729021));
#2487 = CARTESIAN_POINT('',(12.237097938374,4.609786818069,
    -14.20619960001));
#2488 = CARTESIAN_POINT('',(12.237363030554,4.609825974819,
    -14.20597191366));
#2489 = CARTESIAN_POINT('',(12.237628150461,4.609865127014,
    -14.20574423117));
#2490 = CARTESIAN_POINT('',(12.23789329809,4.609904274652,
    -14.20551655256));
#2491 = CARTESIAN_POINT('',(12.238158473431,4.609943417729,
    -14.20528887783));
#2492 = CARTESIAN_POINT('',(12.238954082573,4.61006083327,
    -14.20460586532));
#2493 = CARTESIAN_POINT('',(12.23948459949,4.610139092042,
    -14.20415053923));
#2494 = CARTESIAN_POINT('',(12.240015227169,4.610217332533,
    -14.20369522882));
#2495 = CARTESIAN_POINT('',(12.240545965552,4.61029555472,
    -14.20323993415));
#2496 = CARTESIAN_POINT('',(12.241076814574,4.610373758572,
    -14.20278465535));
#2497 = CARTESIAN_POINT('',(12.241607774182,4.610451944073,
    -14.20232939246));
#2498 = CARTESIAN_POINT('',(12.242138844305,4.610530111187,
    -14.20187414562));
#2499 = CARTESIAN_POINT('',(12.242670024896,4.610608259899,
    -14.20141891488));
#2500 = CARTESIAN_POINT('',(12.243201315882,4.610686390174,
    -14.20096370034));
#2501 = CARTESIAN_POINT('',(12.243732717212,4.610764501995,
    -14.2005085021));
#2502 = CARTESIAN_POINT('',(12.244264228821,4.610842595331,
    -14.20005332023));
#2503 = CARTESIAN_POINT('',(12.245859094307,4.611076819816,
    -14.19868782404));
#2504 = CARTESIAN_POINT('',(12.24692277885,4.611232895439,
    -14.19777755913));
#2505 = CARTESIAN_POINT('',(12.247986903789,4.611388896827,
    -14.19686736079));
#2506 = CARTESIAN_POINT('',(12.249051468633,4.611544823776,
    -14.19595722975));
#2507 = CARTESIAN_POINT('',(12.250116472899,4.611700676089,
    -14.19504716669));
#2508 = CARTESIAN_POINT('',(12.25118191609,4.611856453556,
    -14.19413717233));
#2509 = CARTESIAN_POINT('',(12.252247797726,4.612012155986,
    -14.19322724738));
#2510 = CARTESIAN_POINT('',(12.253314117311,4.612167783165,
    -14.19231739252));
#2511 = CARTESIAN_POINT('',(12.254380874361,4.612323334902,
    -14.19140760848));
#2512 = CARTESIAN_POINT('',(12.255448068385,4.612478810987,
    -14.19049789594));
#2513 = CARTESIAN_POINT('',(12.256515698894,4.612634211223,
    -14.18958825563));
#2514 = CARTESIAN_POINT('',(12.259719898413,4.613100183771,
    -14.18685955345));
#2515 = CARTESIAN_POINT('',(12.261857775499,4.613410527916,
    -14.18504071043));
#2516 = CARTESIAN_POINT('',(12.263997392643,4.613720566236,
    -14.18322216471));
#2517 = CARTESIAN_POINT('',(12.266138745836,4.614030297126,
    -14.18140392186));
#2518 = CARTESIAN_POINT('',(12.26828183106,4.61433971898,-14.17958598741
    ));
#2519 = CARTESIAN_POINT('',(12.270426644306,4.614648830197,
    -14.17776836693));
#2520 = CARTESIAN_POINT('',(12.27257318156,4.614957629167,
    -14.17595106594));
#2521 = CARTESIAN_POINT('',(12.274721438806,4.61526611429,
    -14.17413409002));
#2522 = CARTESIAN_POINT('',(12.276871412035,4.615574283957,
    -14.17231744469));
#2523 = CARTESIAN_POINT('',(12.27902309723,4.615882136566,
    -14.17050113552));
#2524 = CARTESIAN_POINT('',(12.281176490381,4.616189670512,
    -14.16868516806));
#2525 = CARTESIAN_POINT('',(12.287641781658,4.617111311543,
    -14.16323830741));
#2526 = CARTESIAN_POINT('',(12.291958792974,4.617724457601,
    -14.15960845719));
#2527 = CARTESIAN_POINT('',(12.296282587674,4.618336309749,
    -14.15598004017));
#2528 = CARTESIAN_POINT('',(12.300613132011,4.61894685537,-14.1523530993
    ));
#2529 = CARTESIAN_POINT('',(12.304950392238,4.619556081854,
    -14.14872767757));
#2530 = CARTESIAN_POINT('',(12.309294334607,4.620163976578,
    -14.14510381796));
#2531 = CARTESIAN_POINT('',(12.313644925372,4.620770526937,
    -14.14148156342));
#2532 = CARTESIAN_POINT('',(12.318002130785,4.621375720307,
    -14.13786095694));
#2533 = CARTESIAN_POINT('',(12.322365917099,4.62197954408,
    -14.13424204149));
#2534 = CARTESIAN_POINT('',(12.326736250567,4.622581985637,
    -14.13062486005));
#2535 = CARTESIAN_POINT('',(12.331113097441,4.623183032366,
    -14.12700945558));
#2536 = CARTESIAN_POINT('',(12.344263077044,4.624981950219,
    -14.11616870203));
#2537 = CARTESIAN_POINT('',(12.353055669232,4.626175593938,
    -14.10894883414));
#2538 = CARTESIAN_POINT('',(12.361873905017,4.627363506993,
    -14.10173658694));
#2539 = CARTESIAN_POINT('',(12.370717488873,4.628545593574,
    -14.09453227998));
#2540 = CARTESIAN_POINT('',(12.37958612528,4.629721757865,
    -14.08733623281));
#2541 = CARTESIAN_POINT('',(12.388479518708,4.630891904057,
    -14.08014876499));
#2542 = CARTESIAN_POINT('',(12.397397373642,4.632055936333,
    -14.07297019606));
#2543 = CARTESIAN_POINT('',(12.406339394548,4.633213758885,
    -14.06580084557));
#2544 = CARTESIAN_POINT('',(12.415305285912,4.634365275897,
    -14.05864103308));
#2545 = CARTESIAN_POINT('',(12.424294752203,4.635510391559,
    -14.05149107813));
#2546 = CARTESIAN_POINT('',(12.4333074979,4.636649010055,-14.04435130027
    ));
#2547 = CARTESIAN_POINT('',(12.461248307031,4.640149525283,
    -14.0223057218));
#2548 = CARTESIAN_POINT('',(12.480254398006,4.642489025417,-14.007435791
    ));
#2549 = CARTESIAN_POINT('',(12.49935834277,4.644798783678,
    -13.99261466436));
#2550 = CARTESIAN_POINT('',(12.518556983687,4.647078047768,
    -13.97784477959));
#2551 = CARTESIAN_POINT('',(12.537847163126,4.649326065385,
    -13.96312857437));
#2552 = CARTESIAN_POINT('',(12.557225723445,4.651542084234,
    -13.9484684864));
#2553 = CARTESIAN_POINT('',(12.576689507017,4.653725352013,
    -13.93386695338));
#2554 = CARTESIAN_POINT('',(12.596235356199,4.655875116424,
    -13.91932641301));
#2555 = CARTESIAN_POINT('',(12.615860113364,4.657990625168,
    -13.90484930297));
#2556 = CARTESIAN_POINT('',(12.635560620871,4.660071125946,
    -13.89043806098));
#2557 = CARTESIAN_POINT('',(12.655333721088,4.662115866459,
    -13.87609512471));
#2558 = CARTESIAN_POINT('',(12.715179451533,4.66817274713,-13.8330497279
    ));
#2559 = CARTESIAN_POINT('',(12.755462688448,4.672073907426,
    -13.80456217699));
#2560 = CARTESIAN_POINT('',(12.795997829887,4.67582202298,
    -13.77637713955));
#2561 = CARTESIAN_POINT('',(12.836755604809,4.679412066942,
    -13.74851052035));
#2562 = CARTESIAN_POINT('',(12.877705608354,4.682839537934,
    -13.72097726854));
#2563 = CARTESIAN_POINT('',(12.918816301863,4.686100460047,
    -13.69379137767));
#2564 = CARTESIAN_POINT('',(12.960055012851,4.689191382839,
    -13.66696588564));
#2565 = CARTESIAN_POINT('',(13.00138793504,4.692109381341,
    -13.64051287475));
#2566 = CARTESIAN_POINT('',(13.042780128326,4.694852056049,
    -13.61444347169));
#2567 = CARTESIAN_POINT('',(13.084195518807,4.697417532931,
    -13.5887678475));
#2568 = CARTESIAN_POINT('',(13.125596898761,4.699804463425,
    -13.56349521764));
#2569 = CARTESIAN_POINT('',(13.233736373341,4.705577863666,
    -13.49847564536));
#2570 = CARTESIAN_POINT('',(13.300344629145,4.708695705152,
    -13.45939263973));
#2571 = CARTESIAN_POINT('',(13.366936188881,4.711221252355,
    -13.42140681578));
#2572 = CARTESIAN_POINT('',(13.432341289689,4.713602196634,
    -13.38459888393));
#2573 = CARTESIAN_POINT('',(13.498015094233,4.715101442643,
    -13.34888059501));
#2574 = CARTESIAN_POINT('',(13.562679972281,4.716239958198,
    -13.31440962118));
#2575 = CARTESIAN_POINT('',(13.625406311935,4.717382941868,
    -13.28119225476));
#2576 = CARTESIAN_POINT('',(13.687798443583,4.71774378089,
    -13.24900880505));
#2577 = CARTESIAN_POINT('',(13.749786035089,4.717270302899,
    -13.21801404874));
#2578 = CARTESIAN_POINT('',(13.807218165332,4.717669459779,
    -13.18877144247));
#2579 = CARTESIAN_POINT('',(13.861956654875,4.717982173508,
    -13.1606360583));
#2580 = CARTESIAN_POINT('',(13.992248168295,4.710630398535,
    -13.10156294438));
#2581 = CARTESIAN_POINT('',(14.059677993095,4.706188459194,
    -13.07183925351));
#2582 = CARTESIAN_POINT('',(14.12770655995,4.70106975778,-13.04268157661
    ));
#2583 = CARTESIAN_POINT('',(14.196340040528,4.695268448047,
    -13.01407134857));
#2584 = CARTESIAN_POINT('',(14.26557962738,4.688778229443,
    -12.98598697279));
#2585 = CARTESIAN_POINT('',(14.335420891763,4.681591340362,
    -12.95840362493));
#2586 = CARTESIAN_POINT('',(14.40585314144,4.673697551401,
    -12.93129305673));
#2587 = CARTESIAN_POINT('',(14.476858778513,4.66508315861,
    -12.90462339983));
#2588 = CARTESIAN_POINT('',(14.548412657227,4.655729976754,
    -12.8783589695));
#2589 = CARTESIAN_POINT('',(14.620481441791,4.645614332558,
    -12.85246006851));
#2590 = CARTESIAN_POINT('',(14.693022964191,4.63470605797,
    -12.82688279088));
#2591 = CARTESIAN_POINT('',(14.802466890914,4.617098196133,
    -12.78892684309));
#2592 = CARTESIAN_POINT('',(14.839054033336,4.611020762168,
    -12.77634385058));
#2593 = CARTESIAN_POINT('',(14.87574012057,4.604730790656,
    -12.76382339165));
#2594 = CARTESIAN_POINT('',(14.912518078962,4.598223027304,
    -12.75135920345));
#2595 = CARTESIAN_POINT('',(14.949380649913,4.591491354391,
    -12.73894521683));
#2596 = CARTESIAN_POINT('',(14.986320389863,4.584528790763,
    -12.72657555632));
#2597 = CARTESIAN_POINT('',(15.023329670313,4.577327491839,
    -12.71424454011));
#2598 = CARTESIAN_POINT('',(15.0604006778,4.569878749607,-12.70194668009
    ));
#2599 = CARTESIAN_POINT('',(15.097525413923,4.562172992625,
    -12.68967668181));
#2600 = CARTESIAN_POINT('',(15.13469569532,4.55419978602,-12.67742944452
    ));
#2601 = CARTESIAN_POINT('',(15.171903153683,4.54594783149,
    -12.66520006113));
#2602 = CARTESIAN_POINT('',(15.227757276786,4.533133535211,
    -12.64687569681));
#2603 = CARTESIAN_POINT('',(15.246382616878,4.52878928819,
    -12.64077100013));
#2604 = CARTESIAN_POINT('',(15.265014292986,4.524370654175,
    -12.63466924099));
#2605 = CARTESIAN_POINT('',(15.28365135907,4.519875998521,
    -12.62856996883));
#2606 = CARTESIAN_POINT('',(15.302292886063,4.515303624021,
    -12.62247276967));
#2607 = CARTESIAN_POINT('',(15.320937961917,4.510651770876,
    -12.61637726615));
#2608 = CARTESIAN_POINT('',(15.339585691534,4.505918616734,
    -12.61028311755));
#2609 = CARTESIAN_POINT('',(15.358235196853,4.501102276651,
    -12.60419001973));
#2610 = CARTESIAN_POINT('',(15.376885616761,4.496200803123,
    -12.59809770521));
#2611 = CARTESIAN_POINT('',(15.395536107169,4.491212186062,
    -12.59200594309));
#2612 = CARTESIAN_POINT('',(15.414185840957,4.486134352815,
    -12.58591453911));
#2613 = CARTESIAN_POINT('',(15.43749604977,4.479672871982,
    -12.57830053472));
#2614 = CARTESIAN_POINT('',(15.442157992914,4.478374868368,
    -12.57677774502));
#2615 = CARTESIAN_POINT('',(15.44681982329,4.477071122756,
    -12.57525496323));
#2616 = CARTESIAN_POINT('',(15.451481526742,4.475761600595,
    -12.57373218604));
#2617 = CARTESIAN_POINT('',(15.456143089125,4.474446267333,
    -12.57220941019));
#2618 = CARTESIAN_POINT('',(15.460804496276,4.473125088421,
    -12.57068663238));
#2619 = CARTESIAN_POINT('',(15.465465734057,4.471798029307,
    -12.56916384934));
#2620 = CARTESIAN_POINT('',(15.470126788302,4.47046505544,
    -12.56764105779));
#2621 = CARTESIAN_POINT('',(15.47478764487,4.46912613227,-12.56611825442
    ));
#2622 = CARTESIAN_POINT('',(15.479448289602,4.467781225245,
    -12.56459543598));
#2623 = CARTESIAN_POINT('',(15.48410870835,4.466430299815,
    -12.56307259916));
#2624 = CARTESIAN_POINT('',(15.493429065569,4.463716343042,
    -12.56002688223));
#2625 = CARTESIAN_POINT('',(15.498076852241,4.462358801122,
    -12.55849306748));
#2626 = CARTESIAN_POINT('',(15.502715540174,4.460998519364,
    -12.55695142336));
#2627 = CARTESIAN_POINT('',(15.507361247101,4.459628621111,
    -12.55541635824));
#2628 = CARTESIAN_POINT('',(15.512016065952,4.458248370411,
    -12.55388970569));
#2629 = CARTESIAN_POINT('',(15.516672396843,4.456861097029,
    -12.55236465069));
#2630 = CARTESIAN_POINT('',(15.521325059495,4.455469011453,
    -12.55083656166));
#2631 = CARTESIAN_POINT('',(15.525977193481,4.454070747605,
    -12.54930825096));
#2632 = CARTESIAN_POINT('',(15.530635362031,4.452663502224,
    -12.54778558628));
#2633 = CARTESIAN_POINT('',(15.535298683448,4.45124767167,
    -12.54626777492));
#2634 = CARTESIAN_POINT('',(15.539956222485,4.449827918117,
    -12.54474504286));
#2635 = CARTESIAN_POINT('',(15.553936402213,4.445546050284,
    -12.54018440324));
#2636 = CARTESIAN_POINT('',(15.563260249691,4.44266447988,
    -12.53714824282));
#2637 = CARTESIAN_POINT('',(15.572580945208,4.439757885695,
    -12.53411047316));
#2638 = CARTESIAN_POINT('',(15.581896173624,4.436826658215,
    -12.53106917955));
#2639 = CARTESIAN_POINT('',(15.591206868346,4.43387006861,
    -12.52802526547));
#2640 = CARTESIAN_POINT('',(15.600515895414,4.430886726995,
    -12.52498131019));
#2641 = CARTESIAN_POINT('',(15.609826737562,4.427875040701,
    -12.52194042646));
#2642 = CARTESIAN_POINT('',(15.619142178306,4.424833672539,
    -12.51890511813));
#2643 = CARTESIAN_POINT('',(15.62846298601,4.421761999064,
    -12.51587613778));
#2644 = CARTESIAN_POINT('',(15.637786597969,4.418660568842,
    -12.51285134438));
#2645 = CARTESIAN_POINT('',(15.647105804476,4.415531560717,
    -12.50982456092));
#2646 = CARTESIAN_POINT('',(15.656407432904,4.412379242077,
    -12.50678443207));
#2647 = ORIENTED_EDGE('',*,*,#2360,.F.);
#2648 = ORIENTED_EDGE('',*,*,#87,.F.);
#2649 = ( BOUNDED_SURFACE() B_SPLINE_SURFACE(2,12,(
    (#2650,#2651,#2652,#2653,#2654,#2655,#2656,#2657,#2658,#2659,#2660
      ,#2661,#2662,#2663,#2664,#2665,#2666,#2667,#2668,#2669,#2670,#2671
      ,#2672,#2673,#2674,#2675,#2676,#2677,#2678,#2679,#2680,#2681,#2682
      ,#2683,#2684,#2685,#2686,#2687,#2688,#2689,#2690,#2691,#2692,#2693
      ,#2694,#2695,#2696,#2697,#2698,#2699,#2700,#2701,#2702,#2703,#2704
      ,#2705,#2706,#2707,#2708,#2709,#2710,#2711,#2712,#2713,#2714,#2715
      ,#2716,#2717,#2718,#2719,#2720,#2721,#2722,#2723,#2724,#2725,#2726
      ,#2727,#2728,#2729,#2730,#2731,#2732,#2733,#2734,#2735,#2736,#2737
      ,#2738,#2739,#2740,#2741,#2742,#2743,#2744,#2745,#2746,#2747,#2748
      ,#2749,#2750,#2751,#2752,#2753,#2754,#2755,#2756,#2757,#2758,#2759
      ,#2760,#2761,#2762,#2763,#2764,#2765,#2766,#2767,#2768,#2769,#2770
      ,#2771,#2772,#2773,#2774,#2775,#2776,#2777,#2778,#2779,#2780,#2781
      ,#2782,#2783,#2784,#2785,#2786,#2787,#2788,#2789,#2790,#2791,#2792
      ,#2793,#2794,#2795,#2796,#2797,#2798,#2799,#2800,#2801,#2802,#2803
      ,#2804,#2805,#2806,#2807,#2808,#2809,#2810,#2811,#2812,#2813,#2814
      ,#2815,#2816,#2817,#2818,#2819,#2820,#2821,#2822,#2823,#2824,#2825
      ,#2826,#2827,#2828,#2829,#2830,#2831,#2832,#2833,#2834,#2835,#2836
      ,#2837,#2838)
    ,(#2839,#2840,#2841,#2842,#2843,#2844,#2845,#2846,#2847,#2848,#2849
      ,#2850,#2851,#2852,#2853,#2854,#2855,#2856,#2857,#2858,#2859,#2860
      ,#2861,#2862,#2863,#2864,#2865,#2866,#2867,#2868,#2869,#2870,#2871
      ,#2872,#2873,#2874,#2875,#2876,#2877,#2878,#2879,#2880,#2881,#2882
      ,#2883,#2884,#2885,#2886,#2887,#2888,#2889,#2890,#2891,#2892,#2893
      ,#2894,#2895,#2896,#2897,#2898,#2899,#2900,#2901,#2902,#2903,#2904
      ,#2905,#2906,#2907,#2908,#2909,#2910,#2911,#2912,#2913,#2914,#2915
      ,#2916,#2917,#2918,#2919,#2920,#2921,#2922,#2923,#2924,#2925,#2926
      ,#2927,#2928,#2929,#2930,#2931,#2932,#2933,#2934,#2935,#2936,#2937
      ,#2938,#2939,#2940,#2941,#2942,#2943,#2944,#2945,#2946,#2947,#2948
      ,#2949,#2950,#2951,#2952,#2953,#2954,#2955,#2956,#2957,#2958,#2959
      ,#2960,#2961,#2962,#2963,#2964,#2965,#2966,#2967,#2968,#2969,#2970
      ,#2971,#2972,#2973,#2974,#2975,#2976,#2977,#2978,#2979,#2980,#2981
      ,#2982,#2983,#2984,#2985,#2986,#2987,#2988,#2989,#2990,#2991,#2992
      ,#2993,#2994,#2995,#2996,#2997,#2998,#2999,#3000,#3001,#3002,#3003
      ,#3004,#3005,#3006,#3007,#3008,#3009,#3010,#3011,#3012,#3013,#3014
      ,#3015,#3016,#3017,#3018,#3019,#3020,#3021,#3022,#3023,#3024,#3025
      ,#3026,#3027)
    ,(#3028,#3029,#3030,#3031,#3032,#3033,#3034,#3035,#3036,#3037,#3038
      ,#3039,#3040,#3041,#3042,#3043,#3044,#3045,#3046,#3047,#3048,#3049
      ,#3050,#3051,#3052,#3053,#3054,#3055,#3056,#3057,#3058,#3059,#3060
      ,#3061,#3062,#3063,#3064,#3065,#3066,#3067,#3068,#3069,#3070,#3071
      ,#3072,#3073,#3074,#3075,#3076,#3077,#3078,#3079,#3080,#3081,#3082
      ,#3083,#3084,#3085,#3086,#3087,#3088,#3089,#3090,#3091,#3092,#3093
      ,#3094,#3095,#3096,#3097,#3098,#3099,#3100,#3101,#3102,#3103,#3104
      ,#3105,#3106,#3107,#3108,#3109,#3110,#3111,#3112,#3113,#3114,#3115
      ,#3116,#3117,#3118,#3119,#3120,#3121,#3122,#3123,#3124,#3125,#3126
      ,#3127,#3128,#3129,#3130,#3131,#3132,#3133,#3134,#3135,#3136,#3137
      ,#3138,#3139,#3140,#3141,#3142,#3143,#3144,#3145,#3146,#3147,#3148
      ,#3149,#3150,#3151,#3152,#3153,#3154,#3155,#3156,#3157,#3158,#3159
      ,#3160,#3161,#3162,#3163,#3164,#3165,#3166,#3167,#3168,#3169,#3170
      ,#3171,#3172,#3173,#3174,#3175,#3176,#3177,#3178,#3179,#3180,#3181
      ,#3182,#3183,#3184,#3185,#3186,#3187,#3188,#3189,#3190,#3191,#3192
      ,#3193,#3194,#3195,#3196,#3197,#3198,#3199,#3200,#3201,#3202,#3203
      ,#3204,#3205,#3206,#3207,#3208,#3209,#3210,#3211,#3212,#3213,#3214
      ,#3215,#3216
)),.UNSPECIFIED.,.F.,.F.,.F.) B_SPLINE_SURFACE_WITH_KNOTS((3,3),(13,11,
    11,11,11,11,11,11,11,11,11,11,11,11,11,11,11,13),(0.,3.345322507199)
  ,(0.,1.773159387929E-03,3.546318775858E-03,7.092637551716E-03,
    1.418527510343E-02,2.837055020686E-02,5.674110041373E-02,
    0.113482200827,0.226964401655,0.464398469978,0.943073257844,
    1.71626925585,2.530795881524,2.938059194362,3.14169085078,
    3.192598764885,3.243506678989,3.345322507199),.UNSPECIFIED.) 
GEOMETRIC_REPRESENTATION_ITEM() RATIONAL_B_SPLINE_SURFACE((
    (1.,1.,1.,1.,1.,1.,1.,1.,1.,1.,1.,1.,1.,1.,1.,1.,1.,1.,1.,1.,1.,1.
      ,1.,1.,1.,0.999999999999,1.000000000001,0.999999999998
      ,1.000000000002,0.999999999998,1.000000000001,0.999999999999,1.,1.
      ,1.,1.,0.999999999999,1.000000000001,0.999999999998,1.000000000002
      ,0.999999999998,1.000000000002,0.999999999999,1.,1.,1.,1.,1.,1.,1.
      ,1.,1.,1.,1.,1.,1.,1.,1.,1.,1.,1.,1.,1.,1.,1.,1.,1.,1.,1.,1.,1.,1.
      ,1.,1.,1.,1.,1.,1.,1.,1.,1.,1.,1.,1.,1.,1.,1.,1.,1.,1.
      ,1.000000000001,0.999999999997,1.000000000006,0.999999999991
      ,1.00000000001,0.999999999991,1.000000000006,0.999999999997
      ,1.000000000001,1.,1.,1.,1.000000000001,0.999999999998
      ,1.000000000003,0.999999999997,1.000000000003,0.999999999998
      ,1.000000000001,1.,1.,1.,1.,1.000000000001,0.999999999998
      ,1.000000000003,0.999999999997,1.000000000002,0.999999999999
      ,1.000000000001,1.,1.,1.,1.,1.,1.000000000001,0.999999999999
      ,1.000000000001,0.999999999999,1.000000000001,1.,1.,1.,1.,1.,1.
      ,0.999999999999,1.000000000001,0.999999999999,1.000000000001,1.,1.
      ,1.,1.,1.,0.999999999999,1.000000000002,0.999999999996
      ,1.000000000006,0.999999999993,1.000000000006,0.999999999996
      ,1.000000000002,0.999999999999,1.,1.,0.999999999999,1.000000000002
      ,0.999999999997,1.000000000004,0.999999999996,1.000000000004
      ,0.999999999997,1.000000000001,0.999999999999,1.,1.,1.000000000001
      ,0.999999999999,1.000000000002,0.999999999998,1.000000000002
      ,0.999999999998,1.000000000001,0.999999999999,1.,1.,1.,1.
      ,1.000000000001,0.999999999997,1.000000000004,0.999999999995
      ,1.000000000004,0.999999999997,1.000000000002,0.999999999999,1.,1.
      )
    ,(1.,1.,0.999999999007,0.999999997021,0.999999994043,0.999999990069
      ,0.999999985107,0.999999979145,0.999999972196,0.999999964249
      ,0.999999955311,0.999999945378,0.999999923525,0.999999911605
      ,0.999999898691,0.999999884784,0.99999986988,0.999999853987
      ,0.999999837094,0.999999819212,0.999999800331,0.999999780459
      ,0.999999759591,0.999999694004,0.999999646301,0.999999594618
      ,0.999999538956,0.999999479313,0.99999941569,0.999999348084
      ,0.999999276495,0.999999200923,0.999999121367,0.999999037827
      ,0.999998775249,0.999998584256,0.999998377315,0.999998154422
      ,0.99999791557,0.999997660757,0.999997389971,0.999997103215
      ,0.999996800476,0.999996481753,0.999996147039,0.999995094908
      ,0.999994329501,0.999993500066,0.999992606561,0.99999164894
      ,0.999990627168,0.999989541193,0.999988390981,0.999987176484
      ,0.999985897663,0.999984554474,0.999980331677,0.999977258822
      ,0.99997392799,0.999970338866,0.999966491125,0.999962384458
      ,0.999958018535,0.999953393049,0.999948507672,0.999943362092
      ,0.999937955987,0.999920955146,0.9999085776,0.999895154189
      ,0.999880682704,0.999865160925,0.999848586651,0.999830957658
      ,0.999812271745,0.999792526691,0.999771720288,0.999749850323
      ,0.999681043106,0.999630903878,0.999576484701,0.999517773377
      ,0.999454757704,0.999387425489,0.999315764524,0.99923976262
      ,0.999159407571,0.999074687181,0.99898558925,0.998696501233
      ,0.998481589967,0.99824736276,0.997993814609,0.997720940466
      ,0.997428735361,0.997117194218,0.996786312076,0.996436083873
      ,0.99606650462,0.995677569284,0.994446134,0.993544832479
      ,0.992565896833,0.991510144893,0.990378683816,0.989172910022
      ,0.987894509283,0.986545456616,0.985128016392,0.983644742244
      ,0.982098477132,0.97789800627,0.97515288488,0.972232864903
      ,0.969266288014,0.966092847313,0.962841532621,0.959624824468
      ,0.956286217795,0.952810703388,0.949617278242,0.946603140908
      ,0.938393543331,0.93399664128,0.929412308686,0.924638788437
      ,0.919674899265,0.914520187848,0.90917508084,0.903641037
      ,0.897920699207,0.892018046582,0.885938546529,0.876564686974
      ,0.873397519055,0.870188788947,0.866939501777,0.863650681926
      ,0.860323373013,0.856958637925,0.853557558778,0.850121236952
      ,0.846650793071,0.843147367007,0.837844493324,0.836068881777
      ,0.834285405071,0.832494179858,0.830695317656,0.828888924777
      ,0.82707510243,0.825253946599,0.823425548162,0.821589992796
      ,0.819747361039,0.817435320061,0.816972474488,0.816509193025
      ,0.81604547715,0.815581328362,0.815116748128,0.814651737955
      ,0.814186299308,0.813720433688,0.81325414257,0.812787427445
      ,0.811853152148,0.811388460635,0.810925427958,0.810460253113
      ,0.80999244325,0.809523789611,0.809055511868,0.80858686803
      ,0.808116309374,0.807644042725,0.80717264478,0.805755178174
      ,0.804807333206,0.80385823381,0.802908411021,0.801957626077
      ,0.801005182311,0.80005023717,0.799092114059,0.798130614385
      ,0.797166329415,0.796200952273,0.795237589853)
    ,(1.,1.,1.,1.,1.,1.,1.,1.,1.,1.,1.,1.,1.,1.,1.,1.,1.,1.,1.,1.,1.,1.
      ,1.,1.,1.,0.999999999999,1.000000000001,0.999999999998
      ,1.000000000002,0.999999999998,1.000000000001,0.999999999999,1.,1.
      ,1.,1.,0.999999999999,1.000000000001,0.999999999998,1.000000000002
      ,0.999999999998,1.000000000002,0.999999999999,1.,1.,1.,1.,1.,1.,1.
      ,1.,1.,1.,1.,1.,1.,1.,1.,1.,1.,1.,1.,1.,1.,1.,1.,1.,1.,1.,1.,1.,1.
      ,1.,1.,1.,1.,1.,1.,1.,1.,1.,1.,1.,1.,1.,1.,1.,1.,1.,1.
      ,1.000000000001,0.999999999997,1.000000000006,0.999999999991
      ,1.00000000001,0.999999999991,1.000000000006,0.999999999997
      ,1.000000000001,1.,1.,1.,1.000000000001,0.999999999998
      ,1.000000000003,0.999999999997,1.000000000003,0.999999999998
      ,1.000000000001,1.,1.,1.,1.,1.000000000001,0.999999999998
      ,1.000000000003,0.999999999997,1.000000000002,0.999999999999
      ,1.000000000001,1.,1.,1.,1.,1.,1.000000000001,0.999999999999
      ,1.000000000001,0.999999999999,1.000000000001,1.,1.,1.,1.,1.,1.
      ,0.999999999999,1.000000000001,0.999999999999,1.000000000001,1.,1.
      ,1.,1.,1.,0.999999999999,1.000000000002,0.999999999996
      ,1.000000000006,0.999999999993,1.000000000006,0.999999999996
      ,1.000000000002,0.999999999999,1.,1.,0.999999999999,1.000000000002
      ,0.999999999997,1.000000000004,0.999999999996,1.000000000004
      ,0.999999999997,1.000000000001,0.999999999999,1.,1.,1.000000000001
      ,0.999999999999,1.000000000002,0.999999999998,1.000000000002
      ,0.999999999998,1.000000000001,0.999999999999,1.,1.,1.,1.
      ,1.000000000001,0.999999999997,1.000000000004,0.999999999995
      ,1.000000000004,0.999999999997,1.000000000002,0.999999999999,1.,1.
))) REPRESENTATION_ITEM('') SURFACE() );
#2650 = CARTESIAN_POINT('',(12.2320661308,4.609042032654,-14.21052631578
    ));
#2651 = CARTESIAN_POINT('',(12.232198573229,4.609061054732,
    -14.21041231265));
#2652 = CARTESIAN_POINT('',(12.232149566372,4.609819603096,
    -14.21045449498));
#2653 = CARTESIAN_POINT('',(12.23276885052,4.607854499037,
    -14.20992142755));
#2654 = CARTESIAN_POINT('',(12.231774717396,4.61246501152,
    -14.21077714787));
#2655 = CARTESIAN_POINT('',(12.233571401934,4.605701358956,
    -14.2092306005));
#2656 = CARTESIAN_POINT('',(12.231779607119,4.61356283289,
    -14.21077292498));
#2657 = CARTESIAN_POINT('',(12.23346440291,4.607255224005,
    -14.20932268555));
#2658 = CARTESIAN_POINT('',(12.23261797104,4.611263834997,
    -14.21005126211));
#2659 = CARTESIAN_POINT('',(12.23313002731,4.609735844696,
    -14.20961048447));
#2660 = CARTESIAN_POINT('',(12.233128113566,4.610302593207,
    -14.20961211783));
#2661 = CARTESIAN_POINT('',(12.233250447734,4.610362976719,
    -14.20950680013));
#2662 = CARTESIAN_POINT('',(12.233465820182,4.610603174174,
    -14.20932137882));
#2663 = CARTESIAN_POINT('',(12.233573509915,4.610723275047,
    -14.20922866359));
#2664 = CARTESIAN_POINT('',(12.233681203158,4.610843378066,
    -14.20913594378));
#2665 = CARTESIAN_POINT('',(12.233788899908,4.610963483228,
    -14.20904321941));
#2666 = CARTESIAN_POINT('',(12.233896600174,4.611083590534,
    -14.20895049046));
#2667 = CARTESIAN_POINT('',(12.234004303942,4.611203699978,
    -14.20885775694));
#2668 = CARTESIAN_POINT('',(12.23411201123,4.611323811566,
    -14.20876501885));
#2669 = CARTESIAN_POINT('',(12.23421972202,4.611443925289,
    -14.20867227618));
#2670 = CARTESIAN_POINT('',(12.234327436328,4.611564041152,
    -14.20857952894));
#2671 = CARTESIAN_POINT('',(12.234435154144,4.611684159151,
    -14.20848677712));
#2672 = CARTESIAN_POINT('',(12.234542875473,4.611804279285,
    -14.20839402073));
#2673 = CARTESIAN_POINT('',(12.234866049997,4.612164646087,
    -14.20811573782));
#2674 = CARTESIAN_POINT('',(12.23508151373,4.612404899156,
    -14.20793019758));
#2675 = CARTESIAN_POINT('',(12.235296991513,4.61264516075,
    -14.20774463903));
#2676 = CARTESIAN_POINT('',(12.235512483353,4.612885430858,
    -14.20755906216));
#2677 = CARTESIAN_POINT('',(12.235727989247,4.613125709468,
    -14.20737346699));
#2678 = CARTESIAN_POINT('',(12.235943509205,4.613365996573,
    -14.20718785349));
#2679 = CARTESIAN_POINT('',(12.23615904322,4.613606292161,
    -14.20700222166));
#2680 = CARTESIAN_POINT('',(12.236374591305,4.613846596222,
    -14.20681657151));
#2681 = CARTESIAN_POINT('',(12.236590153455,4.614086908745,
    -14.20663090303));
#2682 = CARTESIAN_POINT('',(12.236805729676,4.614327229721,
    -14.20644521621));
#2683 = CARTESIAN_POINT('',(12.23702131997,4.614567559139,
    -14.20625951106));
#2684 = CARTESIAN_POINT('',(12.237668133078,4.615288572689,
    -14.20570234055));
#2685 = CARTESIAN_POINT('',(12.238099398119,4.615769282117,
    -14.20533082018));
#2686 = CARTESIAN_POINT('',(12.238530719483,4.61625002519,-14.2049592264
    ));
#2687 = CARTESIAN_POINT('',(12.238962097192,4.616730801828,
    -14.20458755919));
#2688 = CARTESIAN_POINT('',(12.239393531264,4.617211611947,
    -14.20421581851));
#2689 = CARTESIAN_POINT('',(12.239825021727,4.617692455467,
    -14.20384400433));
#2690 = CARTESIAN_POINT('',(12.240256568592,4.618173332302,
    -14.20347211663));
#2691 = CARTESIAN_POINT('',(12.24068817189,4.618654242374,
    -14.20310015535));
#2692 = CARTESIAN_POINT('',(12.241119831635,4.619135185598,
    -14.2027281205));
#2693 = CARTESIAN_POINT('',(12.241551547853,4.619616161893,
    -14.20235601201));
#2694 = CARTESIAN_POINT('',(12.241983320561,4.620097171177,
    -14.20198382987));
#2695 = CARTESIAN_POINT('',(12.243278808226,4.621540297748,
    -14.20086706241));
#2696 = CARTESIAN_POINT('',(12.24414269272,4.622502513757,
    -14.20012225602));
#2697 = CARTESIAN_POINT('',(12.245006803436,4.623464860736,
    -14.19937715464));
#2698 = CARTESIAN_POINT('',(12.245871140539,4.624427338021,
    -14.19863175801));
#2699 = CARTESIAN_POINT('',(12.246735704209,4.625389944957,
    -14.19788606589));
#2700 = CARTESIAN_POINT('',(12.247600494605,4.626352680877,
    -14.19714007801));
#2701 = CARTESIAN_POINT('',(12.248465511909,4.627315545129,
    -14.19639379413));
#2702 = CARTESIAN_POINT('',(12.249330756279,4.628278537043,-14.195647214
    ));
#2703 = CARTESIAN_POINT('',(12.250196227896,4.629241655968,
    -14.19490033735));
#2704 = CARTESIAN_POINT('',(12.251061926923,4.630204901236,
    -14.19415316395));
#2705 = CARTESIAN_POINT('',(12.251927853534,4.631168272192,
    -14.19340569353));
#2706 = CARTESIAN_POINT('',(12.254526316628,4.634058760135,
    -14.19116239046));
#2707 = CARTESIAN_POINT('',(12.256259536345,4.635986252241,
    -14.18966566605));
#2708 = CARTESIAN_POINT('',(12.257993668442,4.637914239156,
    -14.18816775055));
#2709 = CARTESIAN_POINT('',(12.259728714305,4.639842715551,
    -14.18666864189));
#2710 = CARTESIAN_POINT('',(12.261464675332,4.64177167609,-14.185168338)
  );
#2711 = CARTESIAN_POINT('',(12.263201552901,4.643701115445,
    -14.18366683683));
#2712 = CARTESIAN_POINT('',(12.264939348419,4.64563102828,-14.1821641363
    ));
#2713 = CARTESIAN_POINT('',(12.266678063259,4.647561409266,
    -14.18066023436));
#2714 = CARTESIAN_POINT('',(12.268417698825,4.649492253069,
    -14.17915512894));
#2715 = CARTESIAN_POINT('',(12.270158256498,4.651423554357,
    -14.17764881797));
#2716 = CARTESIAN_POINT('',(12.271899737674,4.653355307797,
    -14.1761412994));
#2717 = CARTESIAN_POINT('',(12.277126955874,4.659151908581,
    -14.17161511466));
#2718 = CARTESIAN_POINT('',(12.28061546707,4.663018096981,
    -14.16859282019));
#2719 = CARTESIAN_POINT('',(12.284107688987,4.666886029853,
    -14.16556567044));
#2720 = CARTESIAN_POINT('',(12.287603633285,4.670755663793,
    -14.16253364813));
#2721 = CARTESIAN_POINT('',(12.291103311625,4.674626955399,
    -14.15949673597));
#2722 = CARTESIAN_POINT('',(12.294606735663,4.678499861264,
    -14.15645491667));
#2723 = CARTESIAN_POINT('',(12.298113917065,4.682374337986,
    -14.15340817296));
#2724 = CARTESIAN_POINT('',(12.301624867483,4.68625034216,
    -14.15035648752));
#2725 = CARTESIAN_POINT('',(12.305139598583,4.690127830382,
    -14.14729984308));
#2726 = CARTESIAN_POINT('',(12.30865812202,4.694006759247,
    -14.14423822236));
#2727 = CARTESIAN_POINT('',(12.312180449457,4.697887085352,
    -14.14117160805));
#2728 = CARTESIAN_POINT('',(12.322758878742,4.709532125174,
    -14.13195673254));
#2729 = CARTESIAN_POINT('',(12.329826421137,4.717300910545,
    -14.12579344923));
#2730 = CARTESIAN_POINT('',(12.336909322139,4.725074762557,
    -14.11960998123));
#2731 = CARTESIAN_POINT('',(12.344007684148,4.732853322363,
    -14.11340617686));
#2732 = CARTESIAN_POINT('',(12.351121609569,4.740636231112,
    -14.10718188443));
#2733 = CARTESIAN_POINT('',(12.358251200797,4.748423129957,
    -14.10093695223));
#2734 = CARTESIAN_POINT('',(12.365396560242,4.75621366005,
    -14.09467122857));
#2735 = CARTESIAN_POINT('',(12.372557790297,4.76400746254,
    -14.08838456175));
#2736 = CARTESIAN_POINT('',(12.379734993372,4.77180417858,
    -14.08207680008));
#2737 = CARTESIAN_POINT('',(12.386928271861,4.779603449321,
    -14.07574779186));
#2738 = CARTESIAN_POINT('',(12.39413772817,4.787404915915,
    -14.06939738539));
#2739 = CARTESIAN_POINT('',(12.416481571399,4.811534745663,
    -14.04969365077));
#2740 = CARTESIAN_POINT('',(12.431671104822,4.827869680846,
    -14.03626750184));
#2741 = CARTESIAN_POINT('',(12.446932961926,4.844209408232,
    -14.02274551351));
#2742 = CARTESIAN_POINT('',(12.462268039672,4.860550310994,
    -14.00912621707));
#2743 = CARTESIAN_POINT('',(12.477677235017,4.876888772301,
    -13.99540814383));
#2744 = CARTESIAN_POINT('',(12.493161444923,4.893221175326,
    -13.98158982508));
#2745 = CARTESIAN_POINT('',(12.508721566347,4.909543903241,
    -13.96766979212));
#2746 = CARTESIAN_POINT('',(12.524358496249,4.925853339215,
    -13.95364657626));
#2747 = CARTESIAN_POINT('',(12.540073131588,4.942145866422,
    -13.93951870881));
#2748 = CARTESIAN_POINT('',(12.555866369324,4.958417868032,
    -13.92528472104));
#2749 = CARTESIAN_POINT('',(12.571739106416,4.974665727217,
    -13.91094314428));
#2750 = CARTESIAN_POINT('',(12.619854274543,5.023586075047,
    -13.86735956173));
#2751 = CARTESIAN_POINT('',(12.652341551698,5.05617137981,-13.8377844545
    ));
#2752 = CARTESIAN_POINT('',(12.685161192487,5.088610036641,
    -13.80775436119));
#2753 = CARTESIAN_POINT('',(12.718318695328,5.120868771303,
    -13.77725777329));
#2754 = CARTESIAN_POINT('',(12.751817935861,5.15291274012,
    -13.74628450077));
#2755 = CARTESIAN_POINT('',(12.785661166938,5.184705529975,
    -13.71482567206));
#2756 = CARTESIAN_POINT('',(12.819849018636,5.216209158313,
    -13.68287373403));
#2757 = CARTESIAN_POINT('',(12.854380498245,5.247384073139,
    -13.65042245203));
#2758 = CARTESIAN_POINT('',(12.889252990276,5.278189153017,
    -13.61746690985));
#2759 = CARTESIAN_POINT('',(12.924462256457,5.308581707075,
    -13.58400350975));
#2760 = CARTESIAN_POINT('',(12.960002435736,5.338517474996,
    -13.55002997244));
#2761 = CARTESIAN_POINT('',(13.053795977711,5.415493543299,
    -13.45984283778));
#2762 = CARTESIAN_POINT('',(13.112650821428,5.461636504653,
    -13.40271827754));
#2763 = CARTESIAN_POINT('',(13.171809837192,5.506784234111,
    -13.34481292857));
#2764 = CARTESIAN_POINT('',(13.232981891759,5.548999042625,
    -13.28422764924));
#2765 = CARTESIAN_POINT('',(13.293283869732,5.590648944647,
    -13.22403409082));
#2766 = CARTESIAN_POINT('',(13.35447030807,5.630069897186,
    -13.16233941065));
#2767 = CARTESIAN_POINT('',(13.417752281226,5.665679978111,
    -13.09775907438));
#2768 = CARTESIAN_POINT('',(13.479956502528,5.699634407013,
    -13.03363714783));
#2769 = CARTESIAN_POINT('',(13.540626149449,5.732428931651,
    -12.97056009355));
#2770 = CARTESIAN_POINT('',(13.606407936218,5.759004670779,
    -12.9014099172));
#2771 = CARTESIAN_POINT('',(13.674060315617,5.781039435465,
    -12.82916697541));
#2772 = CARTESIAN_POINT('',(13.772523336439,5.839252454234,
    -12.72342702161));
#2773 = CARTESIAN_POINT('',(13.822642261015,5.867833389501,
    -12.66913494344));
#2774 = CARTESIAN_POINT('',(13.872356976621,5.895089415631,
    -12.61481280482));
#2775 = CARTESIAN_POINT('',(13.921658010019,5.920974305489,
    -12.56047620324));
#2776 = CARTESIAN_POINT('',(13.970536373009,5.945437180851,
    -12.50614068202));
#2777 = CARTESIAN_POINT('',(14.018983462237,5.968422436336,
    -12.45182184042));
#2778 = CARTESIAN_POINT('',(14.066990959011,5.989869663356,
    -12.39753544382));
#2779 = CARTESIAN_POINT('',(14.114550729108,6.009713574039,
    -12.34329753383));
#2780 = CARTESIAN_POINT('',(14.161654722592,6.027883925186,
    -12.28912453843));
#2781 = CARTESIAN_POINT('',(14.208294873618,6.044305442189,
    -12.23503338215));
#2782 = CARTESIAN_POINT('',(14.254463000251,6.058897742987,
    -12.18104159613));
#2783 = CARTESIAN_POINT('',(14.322994556284,6.077914021494,
    -12.10023034444));
#2784 = CARTESIAN_POINT('',(14.345718276762,6.083773945248,
    -12.07332270893));
#2785 = CARTESIAN_POINT('',(14.368320843405,6.089144463701,
    -12.04644676956));
#2786 = CARTESIAN_POINT('',(14.390801208655,6.094014645609,
    -12.01960483968));
#2787 = CARTESIAN_POINT('',(14.413158299695,6.09837319804,
    -11.99279929815));
#2788 = CARTESIAN_POINT('',(14.435391018449,6.102208466373,
    -11.96603258942));
#2789 = CARTESIAN_POINT('',(14.457498241585,6.105508434294,
    -11.93930722348));
#2790 = CARTESIAN_POINT('',(14.479478820512,6.108260723804,
    -11.91262577585));
#2791 = CARTESIAN_POINT('',(14.501331581379,6.110452595211,
    -11.88599088763));
#2792 = CARTESIAN_POINT('',(14.523055325081,6.112070947136,
    -11.85940526546));
#2793 = CARTESIAN_POINT('',(14.544648827252,6.113102316508,
    -11.83287168154));
#2794 = CARTESIAN_POINT('',(14.576841843775,6.113748159598,
    -11.79315361964));
#2795 = CARTESIAN_POINT('',(14.587539969065,6.11381319445,
    -11.77992799579));
#2796 = CARTESIAN_POINT('',(14.598205056973,6.113726259295,
    -11.76671645852));
#2797 = CARTESIAN_POINT('',(14.60883694701,6.113485596007,
    -11.75351937108));
#2798 = CARTESIAN_POINT('',(14.619435475345,6.113089412156,
    -11.7403371035));
#2799 = CARTESIAN_POINT('',(14.630000474835,6.112535881027,
    -11.72717003258));
#2800 = CARTESIAN_POINT('',(14.640531774981,6.111823141586,
    -11.71401854191));
#2801 = CARTESIAN_POINT('',(14.651029201981,6.110949298525,
    -11.70088302185));
#2802 = CARTESIAN_POINT('',(14.661492578678,6.109912422215,
    -11.68776386953));
#2803 = CARTESIAN_POINT('',(14.671921724601,6.108710548746,
    -11.67466148889));
#2804 = CARTESIAN_POINT('',(14.682316455938,6.107341679901,
    -11.66157629062));
#2805 = CARTESIAN_POINT('',(14.695266617956,6.105419308982,
    -11.64524179259));
#2806 = CARTESIAN_POINT('',(14.697854487781,6.105024270959,
    -11.64197599288));
#2807 = CARTESIAN_POINT('',(14.700440191922,6.104618635545,
    -11.63871129986));
#2808 = CARTESIAN_POINT('',(14.703023727268,6.104202369187,
    -11.63544772036));
#2809 = CARTESIAN_POINT('',(14.705605090716,6.103775438336,
    -11.6321852612));
#2810 = CARTESIAN_POINT('',(14.70818427915,6.103337809436,
    -11.62892392917));
#2811 = CARTESIAN_POINT('',(14.710761289474,6.102889448938,
    -11.6256637311));
#2812 = CARTESIAN_POINT('',(14.713336118569,6.102430323288,
    -11.6224046738));
#2813 = CARTESIAN_POINT('',(14.715908763335,6.101960398936,
    -11.61914676408));
#2814 = CARTESIAN_POINT('',(14.71847922066,6.101479642329,
    -11.61589000876));
#2815 = CARTESIAN_POINT('',(14.721047487439,6.100988019916,
    -11.61263441466));
#2816 = CARTESIAN_POINT('',(14.726179633686,6.099982976372,
    -11.60612556249));
#2817 = CARTESIAN_POINT('',(14.72874352058,6.099469630639,-11.6028722951
    ));
#2818 = CARTESIAN_POINT('',(14.731305171273,6.098944951797,
    -11.59962025271));
#2819 = CARTESIAN_POINT('',(14.733864604157,6.09840912484,-11.596369415)
  );
#2820 = CARTESIAN_POINT('',(14.736421832116,6.097862278781,
    -11.5931197686));
#2821 = CARTESIAN_POINT('',(14.738976851788,6.097304377516,
    -11.58987132073));
#2822 = CARTESIAN_POINT('',(14.741529656476,6.096735351074,
    -11.58662408284));
#2823 = CARTESIAN_POINT('',(14.744080247325,6.096155209015,
    -11.58337805645));
#2824 = CARTESIAN_POINT('',(14.746628631322,6.095564020273,
    -11.58013323567));
#2825 = CARTESIAN_POINT('',(14.749174808793,6.094961786074,
    -11.57688962307));
#2826 = CARTESIAN_POINT('',(14.751718767006,6.094348375104,
    -11.57364723778));
#2827 = CARTESIAN_POINT('',(14.759343997787,6.092474747203,
    -11.56392375525));
#2828 = CARTESIAN_POINT('',(14.764418633765,6.091181208076,
    -11.55744632192));
#2829 = CARTESIAN_POINT('',(14.76948437189,6.089842726844,
    -11.55097386046));
#2830 = CARTESIAN_POINT('',(14.774541173676,6.088458897814,
    -11.54450644413));
#2831 = CARTESIAN_POINT('',(14.779589006773,6.087029377485,
    -11.53804413855));
#2832 = CARTESIAN_POINT('',(14.784627842962,6.085553864184,
    -11.53158700429));
#2833 = CARTESIAN_POINT('',(14.789657656106,6.084032077709,
    -11.52513509943));
#2834 = CARTESIAN_POINT('',(14.794678420171,6.082463738962,
    -11.51868848218));
#2835 = CARTESIAN_POINT('',(14.799690107167,6.080848549594,
    -11.51224721349));
#2836 = CARTESIAN_POINT('',(14.804692685157,6.079186171638,
    -11.50581135959));
#2837 = CARTESIAN_POINT('',(14.809686116222,6.07747620715,
    -11.49938099462));
#2838 = CARTESIAN_POINT('',(14.81467035445,6.075718177848,
    -11.49295620321));
#2839 = CARTESIAN_POINT('',(12.2320661308,4.609042032654,-14.21052631578
    ));
#2840 = CARTESIAN_POINT('',(12.232201573817,4.609048825618,
    -14.21040972982));
#2841 = CARTESIAN_POINT('',(12.232223798535,4.609517060653,
    -14.21039059743));
#2842 = CARTESIAN_POINT('',(12.23266301819,4.608285814931,
    -14.21001252432));
#2843 = CARTESIAN_POINT('',(12.232095513153,4.611157561935,
    -14.21050101277));
#2844 = CARTESIAN_POINT('',(12.233269397983,4.606932159765,
    -14.20949055441));
#2845 = CARTESIAN_POINT('',(12.232204176788,4.611832410579,
    -14.21040746069));
#2846 = CARTESIAN_POINT('',(12.233308247854,4.607891564707,
    -14.20945709247));
#2847 = CARTESIAN_POINT('',(12.232832907205,4.610387739395,
    -14.2098662405));
#2848 = CARTESIAN_POINT('',(12.233205224449,4.609429234929,
    -14.20954574388));
#2849 = CARTESIAN_POINT('',(12.233256840115,4.609777785786,
    -14.20950129727));
#2850 = CARTESIAN_POINT('',(12.233385983641,4.60981037876,
    -14.20939011471));
#2851 = CARTESIAN_POINT('',(12.233625992458,4.609950084159,
    -14.20918347922));
#2852 = CARTESIAN_POINT('',(12.233745999831,4.610019937364,
    -14.20908015701));
#2853 = CARTESIAN_POINT('',(12.233866010165,4.610089791073,
    -14.20897683036));
#2854 = CARTESIAN_POINT('',(12.233986023462,4.610159645284,
    -14.20887349924));
#2855 = CARTESIAN_POINT('',(12.234106039719,4.610229499998,
    -14.20877016367));
#2856 = CARTESIAN_POINT('',(12.234226058938,4.610299355209,
    -14.20866682365));
#2857 = CARTESIAN_POINT('',(12.234346081115,4.610369210922,
    -14.20856347918));
#2858 = CARTESIAN_POINT('',(12.234466106253,4.61043906713,
    -14.20846013024));
#2859 = CARTESIAN_POINT('',(12.234586134349,4.610508923837,
    -14.20835677686));
#2860 = CARTESIAN_POINT('',(12.234706165404,4.610578781037,
    -14.20825341902));
#2861 = CARTESIAN_POINT('',(12.234826199416,4.610648638732,
    -14.20815005673));
#2862 = CARTESIAN_POINT('',(12.235186310339,4.610858213304,
    -14.20783995649));
#2863 = CARTESIAN_POINT('',(12.235426396124,4.61099793166,
    -14.20763320517));
#2864 = CARTESIAN_POINT('',(12.235666493736,4.611137651978,
    -14.20742643604));
#2865 = CARTESIAN_POINT('',(12.23590660317,4.611277374248,
    -14.20721964911));
#2866 = CARTESIAN_POINT('',(12.236146724423,4.611417098461,
    -14.20701284436));
#2867 = CARTESIAN_POINT('',(12.236386857487,4.611556824604,
    -14.20680602181));
#2868 = CARTESIAN_POINT('',(12.236627002361,4.611696552673,
    -14.20659918146));
#2869 = CARTESIAN_POINT('',(12.236867159039,4.61183628265,
    -14.20639232331));
#2870 = CARTESIAN_POINT('',(12.237107327516,4.611976014533,
    -14.20618544736));
#2871 = CARTESIAN_POINT('',(12.237347507788,4.612115748306,
    -14.20597855361));
#2872 = CARTESIAN_POINT('',(12.237587699851,4.612255483962,
    -14.20577164207));
#2873 = CARTESIAN_POINT('',(12.238308311523,4.612674696621,
    -14.20515085396));
#2874 = CARTESIAN_POINT('',(12.238788766514,4.612954179255,-14.204736924
    ));
#2875 = CARTESIAN_POINT('',(12.239269268634,4.613233669312,
    -14.20432292287));
#2876 = CARTESIAN_POINT('',(12.239749817849,4.613513166712,
    -14.20390885059));
#2877 = CARTESIAN_POINT('',(12.240230414121,4.613792671377,
    -14.20349470718));
#2878 = CARTESIAN_POINT('',(12.240711057416,4.614072183223,
    -14.20308049265));
#2879 = CARTESIAN_POINT('',(12.241191747694,4.614351702176,
    -14.20266620702));
#2880 = CARTESIAN_POINT('',(12.241672484924,4.61463122815,
    -14.20225185032));
#2881 = CARTESIAN_POINT('',(12.242153269064,4.614910761069,
    -14.20183742256));
#2882 = CARTESIAN_POINT('',(12.242634100081,4.615190300851,
    -14.20142292375));
#2883 = CARTESIAN_POINT('',(12.243114977938,4.615469847418,
    -14.20100835392));
#2884 = CARTESIAN_POINT('',(12.244557752934,4.616308507818,
    -14.19976443053));
#2885 = CARTESIAN_POINT('',(12.245519790669,4.616867641875,
    -14.19893486379));
#2886 = CARTESIAN_POINT('',(12.246482015518,4.617426802215,-14.198105013
    ));
#2887 = CARTESIAN_POINT('',(12.247444427182,4.617985988198,
    -14.19727487831));
#2888 = CARTESIAN_POINT('',(12.248407025381,4.618545199176,
    -14.19644445986));
#2889 = CARTESIAN_POINT('',(12.249369809809,4.619104434513,
    -14.19561375781));
#2890 = CARTESIAN_POINT('',(12.250332780196,4.619663693559,
    -14.19478277228));
#2891 = CARTESIAN_POINT('',(12.251295936229,4.620222975677,
    -14.19395150343));
#2892 = CARTESIAN_POINT('',(12.252259277638,4.620782280221,
    -14.1931199514));
#2893 = CARTESIAN_POINT('',(12.25322280412,4.621341606549,
    -14.19228811634));
#2894 = CARTESIAN_POINT('',(12.254186515393,4.62190095402,
    -14.19145599838));
#2895 = CARTESIAN_POINT('',(12.257078210847,4.623579062656,
    -14.18895878922));
#2896 = CARTESIAN_POINT('',(12.259006750045,4.624697886236,
    -14.18729284844));
#2897 = CARTESIAN_POINT('',(12.260936026419,4.62581678753,-14.1856257765
    ));
#2898 = CARTESIAN_POINT('',(12.262866037639,4.62693576134,
    -14.18395757458));
#2899 = CARTESIAN_POINT('',(12.264796781371,4.628054802466,
    -14.18228824385));
#2900 = CARTESIAN_POINT('',(12.266728255296,4.629173905714,
    -14.18061778546));
#2901 = CARTESIAN_POINT('',(12.268660457083,4.630293065887,
    -14.17894620059));
#2902 = CARTESIAN_POINT('',(12.270593384421,4.631412277794,
    -14.17727349039));
#2903 = CARTESIAN_POINT('',(12.272527034987,4.632531536241,-14.175599656
    ));
#2904 = CARTESIAN_POINT('',(12.274461406476,4.633650836038,
    -14.17392469859));
#2905 = CARTESIAN_POINT('',(12.276396496576,4.634770171995,
    -14.17224861929));
#2906 = CARTESIAN_POINT('',(12.282203981623,4.638128310849,
    -14.16721696213));
#2907 = CARTESIAN_POINT('',(12.286078537974,4.640367214323,
    -14.16385801094));
#2908 = CARTESIAN_POINT('',(12.289955953299,4.642606206984,
    -14.16049457531));
#2909 = CARTESIAN_POINT('',(12.293836208911,4.644845246485,
    -14.15712666477));
#2910 = CARTESIAN_POINT('',(12.297719286174,4.647084290496,
    -14.15375428884));
#2911 = CARTESIAN_POINT('',(12.301605166504,4.649323296708,
    -14.15037745696));
#2912 = CARTESIAN_POINT('',(12.305493831368,4.651562222822,
    -14.14699617851));
#2913 = CARTESIAN_POINT('',(12.30938526228,4.653801026565,
    -14.14361046281));
#2914 = CARTESIAN_POINT('',(12.313279440812,4.656039665671,
    -14.14022031915));
#2915 = CARTESIAN_POINT('',(12.31717634858,4.658278097894,
    -14.13682575672));
#2916 = CARTESIAN_POINT('',(12.321075967253,4.660516281004,
    -14.1334267847));
#2917 = CARTESIAN_POINT('',(12.33278343833,4.667230264403,-14.1232161986
    ));
#2918 = CARTESIAN_POINT('',(12.34059947361,4.671705254177,
    -14.11639128664));
#2919 = CARTESIAN_POINT('',(12.34842623449,4.676178794326,
    -14.10954875606));
#2920 = CARTESIAN_POINT('',(12.356263571693,4.680650537181,
    -14.10268868587));
#2921 = CARTESIAN_POINT('',(12.364111336568,4.685120135165,
    -14.09581115431));
#2922 = CARTESIAN_POINT('',(12.371969381076,4.689587240782,
    -14.08891623885));
#2923 = CARTESIAN_POINT('',(12.379837557791,4.694051506594,
    -14.0820040162));
#2924 = CARTESIAN_POINT('',(12.387715719893,4.698512585216,
    -14.07507456229));
#2925 = CARTESIAN_POINT('',(12.395603721164,4.702970129291,
    -14.0681279523));
#2926 = CARTESIAN_POINT('',(12.403501415982,4.707423791481,
    -14.06116426064));
#2927 = CARTESIAN_POINT('',(12.411408659315,4.711873224448,
    -14.05418356096));
#2928 = CARTESIAN_POINT('',(12.435893771997,4.725620560162,
    -14.03254082908));
#2929 = CARTESIAN_POINT('',(12.452504552204,4.734903562513,
    -14.0178204642));
#2930 = CARTESIAN_POINT('',(12.469156183637,4.744163795319,
    -14.00302571064));
#2931 = CARTESIAN_POINT('',(12.485847206346,4.753397960583,
    -13.98815743939));
#2932 = CARTESIAN_POINT('',(12.502576163884,4.762602754246,
    -13.97321651343));
#2933 = CARTESIAN_POINT('',(12.51934160298,4.771774865524,
    -13.95820378796));
#2934 = CARTESIAN_POINT('',(12.536142073339,4.780910976273,
    -13.94312011043));
#2935 = CARTESIAN_POINT('',(12.55297612728,4.790007760314,
    -13.92796632081));
#2936 = CARTESIAN_POINT('',(12.569842319544,4.799061882791,
    -13.91274325165));
#2937 = CARTESIAN_POINT('',(12.586739206952,4.808069999494,
    -13.89745172828));
#2938 = CARTESIAN_POINT('',(12.603665348175,4.817028756195,
    -13.88209256892));
#2939 = CARTESIAN_POINT('',(12.654841352677,4.843911870821,
    -13.83552878962));
#2940 = CARTESIAN_POINT('',(12.689184177523,4.861679304178,
    -13.80411277152));
#2941 = CARTESIAN_POINT('',(12.723634493361,4.879207829418,
    -13.77242663216));
#2942 = CARTESIAN_POINT('',(12.758178248184,4.896468597211,
    -13.74047962025));
#2943 = CARTESIAN_POINT('',(12.792800556716,4.913433123598,
    -13.70828219292));
#2944 = CARTESIAN_POINT('',(12.827485633034,4.930073247917,
    -13.67584607978));
#2945 = CARTESIAN_POINT('',(12.862216721768,4.946361092882,
    -13.64318434967));
#2946 = CARTESIAN_POINT('',(12.896976027938,4.962269026948,
    -13.61031148012));
#2947 = CARTESIAN_POINT('',(12.931744645567,4.977769629296,
    -13.57724342928));
#2948 = CARTESIAN_POINT('',(12.966502485191,4.99283565759,
    -13.54399771035));
#2949 = CARTESIAN_POINT('',(13.001228200448,5.00744001881,
    -13.51059346825));
#2950 = CARTESIAN_POINT('',(13.092143062877,5.044454594664,
    -13.4226391051));
#2951 = CARTESIAN_POINT('',(13.148303742842,5.066061020499,
    -13.36780477481));
#2952 = CARTESIAN_POINT('',(13.204079473406,5.086405094198,
    -13.31284758702));
#2953 = CARTESIAN_POINT('',(13.259964188484,5.104984344217,
    -13.2572594887));
#2954 = CARTESIAN_POINT('',(13.314910128153,5.122250070022,
    -13.20210916722));
#2955 = CARTESIAN_POINT('',(13.3693804426,5.137849906738,-13.14693425062
    ));
#2956 = CARTESIAN_POINT('',(13.423690980015,5.151412530976,
    -13.09142277148));
#2957 = CARTESIAN_POINT('',(13.476772616694,5.163335996866,
    -13.03668490755));
#2958 = CARTESIAN_POINT('',(13.528367664888,5.173751389936,
    -12.98302363184));
#2959 = CARTESIAN_POINT('',(13.580367519103,5.181786217278,
    -12.9285357904));
#2960 = CARTESIAN_POINT('',(13.631722593396,5.187964081787,
    -12.87426755825));
#2961 = CARTESIAN_POINT('',(13.724101890417,5.198501723214,
    -12.77581612978));
#2962 = CARTESIAN_POINT('',(13.771227940624,5.202279894423,
    -12.72518389862));
#2963 = CARTESIAN_POINT('',(13.817875794311,5.204345601776,
    -12.67466030542));
#2964 = CARTESIAN_POINT('',(13.864033671721,5.204634967687,
    -12.62426616297));
#2965 = CARTESIAN_POINT('',(13.909689474783,5.203082307097,
    -12.5740232655));
#2966 = CARTESIAN_POINT('',(13.954831003339,5.199620485181,
    -12.52395412185));
#2967 = CARTESIAN_POINT('',(13.999446137766,5.19418130368,
    -12.47408173136));
#2968 = CARTESIAN_POINT('',(14.043522989661,5.186695927328,
    -12.4244294019));
#2969 = CARTESIAN_POINT('',(14.087050022288,5.177095363386,
    -12.3750206093));
#2970 = CARTESIAN_POINT('',(14.130016142452,5.165311008818,
    -12.32587889759));
#2971 = CARTESIAN_POINT('',(14.172410765442,5.151275281422,
    -12.27702781944));
#2972 = CARTESIAN_POINT('',(14.235353970949,5.126658450843,
    -12.2039629408));
#2973 = CARTESIAN_POINT('',(14.256343322656,5.117799299285,
    -12.17950619416));
#2974 = CARTESIAN_POINT('',(14.277190453711,5.108336208723,
    -12.15512380221));
#2975 = CARTESIAN_POINT('',(14.297893915646,5.098260219485,
    -12.1308189088));
#2976 = CARTESIAN_POINT('',(14.318452266407,5.087562100699,
    -12.10659467914));
#2977 = CARTESIAN_POINT('',(14.338864069211,5.076232349361,
    -12.08245430346));
#2978 = CARTESIAN_POINT('',(14.359127891455,5.064261189621,
    -12.05840100065));
#2979 = CARTESIAN_POINT('',(14.3792423037,5.05163857233,-12.03443802192)
  );
#2980 = CARTESIAN_POINT('',(14.399205878703,5.038354174852,
    -12.01056865441));
#2981 = CARTESIAN_POINT('',(14.41901719053,5.02439740119,-11.98679622486
    ));
#2982 = CARTESIAN_POINT('',(14.438674813732,5.009757382443,
    -11.96312410324));
#2983 = CARTESIAN_POINT('',(14.467990294521,4.986707248064,
    -11.92769692356));
#2984 = CARTESIAN_POINT('',(14.477764800296,4.978814931546,
    -11.9158634255));
#2985 = CARTESIAN_POINT('',(14.487500636352,4.970744476355,
    -11.90405566658));
#2986 = CARTESIAN_POINT('',(14.4971975939,4.962494284017,-11.89227410999
    ));
#2987 = CARTESIAN_POINT('',(14.506855459202,4.95406270864,
    -11.88051922755));
#2988 = CARTESIAN_POINT('',(14.516474013861,4.945448056238,
    -11.86879149934));
#2989 = CARTESIAN_POINT('',(14.526053035086,4.936648584027,
    -11.85709141355));
#2990 = CARTESIAN_POINT('',(14.535592295994,4.927662499681,
    -11.84541946609));
#2991 = CARTESIAN_POINT('',(14.54509156587,4.918487960576,
    -11.83377616043));
#2992 = CARTESIAN_POINT('',(14.554550610465,4.909123072985,
    -11.82216200724));
#2993 = CARTESIAN_POINT('',(14.563969192264,4.89956589126,-11.8105775242
    ));
#2994 = CARTESIAN_POINT('',(14.575698171522,4.887369653102,
    -11.79612649345));
#2995 = CARTESIAN_POINT('',(14.578046733669,4.884912657298,
    -11.7932316247));
#2996 = CARTESIAN_POINT('',(14.580392753446,4.882443398113,
    -11.79033863762));
#2997 = CARTESIAN_POINT('',(14.582736227046,4.87996184402,-11.7874475405
    ));
#2998 = CARTESIAN_POINT('',(14.585077150632,4.877467963396,
    -11.78455834166));
#2999 = CARTESIAN_POINT('',(14.587415520325,4.874961724525,
    -11.78167104948));
#3000 = CARTESIAN_POINT('',(14.589751332225,4.872443095599,
    -11.77878567238));
#3001 = CARTESIAN_POINT('',(14.592084582382,4.869912044716,
    -11.77590221882));
#3002 = CARTESIAN_POINT('',(14.594415266827,4.867368539878,
    -11.77302069731));
#3003 = CARTESIAN_POINT('',(14.596743381547,4.864812548997,
    -11.77014111641));
#3004 = CARTESIAN_POINT('',(14.599068922498,4.862244039888,
    -11.76726348473));
#3005 = CARTESIAN_POINT('',(14.603717521955,4.857078950389,
    -11.76150882781));
#3006 = CARTESIAN_POINT('',(14.606041842326,4.8544953285,-11.75863019931
    ));
#3007 = CARTESIAN_POINT('',(14.608364474393,4.851908009309,
    -11.75575239662));
#3008 = CARTESIAN_POINT('',(14.610683751244,4.849300105672,
    -11.75287754033));
#3009 = CARTESIAN_POINT('',(14.61299946968,4.846669519195,
    -11.75000589383));
#3010 = CARTESIAN_POINT('',(14.615312407983,4.844024273497,
    -11.74713647314));
#3011 = CARTESIAN_POINT('',(14.617623081977,4.841369805905,
    -11.74426862675));
#3012 = CARTESIAN_POINT('',(14.619931165766,4.838702782227,
    -11.74140277236));
#3013 = CARTESIAN_POINT('',(14.622236003328,4.836016257435,
    -11.73853974775));
#3014 = CARTESIAN_POINT('',(14.624537689021,4.833311147186,
    -11.73567943726));
#3015 = CARTESIAN_POINT('',(14.626837298983,4.830598999682,
    -11.73282047654));
#3016 = CARTESIAN_POINT('',(14.633735516196,4.822405283509,
    -11.72424073899));
#3017 = CARTESIAN_POINT('',(14.638326023635,4.816882777083,
    -11.71852639179));
#3018 = CARTESIAN_POINT('',(14.642906271296,4.811309991055,
    -11.71281995384));
#3019 = CARTESIAN_POINT('',(14.647476453488,4.805688850441,
    -11.70712120358));
#3020 = CARTESIAN_POINT('',(14.652036394756,4.80001795415,
    -11.70143039457));
#3021 = CARTESIAN_POINT('',(14.656585713979,4.794293895361,
    -11.69574804528));
#3022 = CARTESIAN_POINT('',(14.661123978908,4.788512604019,
    -11.69007474084));
#3023 = CARTESIAN_POINT('',(14.665650851047,4.782670712049,
    -11.68441094672));
#3024 = CARTESIAN_POINT('',(14.670166221007,4.776766942015,
    -11.67875683432));
#3025 = CARTESIAN_POINT('',(14.674670334256,4.77080352004,
    -11.67311211855));
#3026 = CARTESIAN_POINT('',(14.679163907381,4.764787613864,
    -11.66747590737));
#3027 = CARTESIAN_POINT('',(14.683648234779,4.758732796515,
    -11.66184656333));
#3028 = CARTESIAN_POINT('',(12.2320661308,4.609042032654,-14.21052631578
    ));
#3029 = CARTESIAN_POINT('',(12.232204574404,4.609036596504,
    -14.21040714699));
#3030 = CARTESIAN_POINT('',(12.232298035231,4.609214518209,
    -14.21032670515));
#3031 = CARTESIAN_POINT('',(12.232557199462,4.60871713083,
    -14.21010363688));
#3032 = CARTESIAN_POINT('',(12.232416336115,4.60985011233,
    -14.21022490927));
#3033 = CARTESIAN_POINT('',(12.232967439367,4.608162960629,
    -14.20975056101));
#3034 = CARTESIAN_POINT('',(12.232628814483,4.610101988209,
    -14.21004207542));
#3035 = CARTESIAN_POINT('',(12.233152188012,4.608527905501,
    -14.20959161004));
#3036 = CARTESIAN_POINT('',(12.233047970346,4.609511643787,
    -14.2096813664));
#3037 = CARTESIAN_POINT('',(12.23328058484,4.609122625238,
    -14.20948119297));
#3038 = CARTESIAN_POINT('',(12.233385770739,4.609252978446,
    -14.20939071381));
#3039 = CARTESIAN_POINT('',(12.233521768983,4.609257780918,
    -14.20927371907));
#3040 = CARTESIAN_POINT('',(12.233786513961,4.609296994342,
    -14.20904598534));
#3041 = CARTESIAN_POINT('',(12.233918893405,4.609316599925,
    -14.20893211941));
#3042 = CARTESIAN_POINT('',(12.234051279802,4.609336204378,
    -14.20881825441));
#3043 = CARTESIAN_POINT('',(12.234183673152,4.609355807701,
    -14.20870439034));
#3044 = CARTESIAN_POINT('',(12.234316073452,4.609375409896,
    -14.20859052722));
#3045 = CARTESIAN_POINT('',(12.234448480706,4.609395010956,
    -14.20847666503));
#3046 = CARTESIAN_POINT('',(12.234580894906,4.60941461089,
    -14.20836280377));
#3047 = CARTESIAN_POINT('',(12.234713316058,4.609434209688,
    -14.20824894346));
#3048 = CARTESIAN_POINT('',(12.234845744156,4.609453807358,
    -14.20813508409));
#3049 = CARTESIAN_POINT('',(12.234978179202,4.609473403893,
    -14.20802122567));
#3050 = CARTESIAN_POINT('',(12.235110621194,4.609492999297,
    -14.20790736819));
#3051 = CARTESIAN_POINT('',(12.235507968004,4.609551782108,
    -14.20756579858));
#3052 = CARTESIAN_POINT('',(12.235772893658,4.609590966117,
    -14.20733808929));
#3053 = CARTESIAN_POINT('',(12.236037847085,4.60963014559,-14.2071103838
    ));
#3054 = CARTESIAN_POINT('',(12.236302828278,4.609669320526,
    -14.20688268212));
#3055 = CARTESIAN_POINT('',(12.236567837228,4.609708490919,
    -14.20665498425));
#3056 = CARTESIAN_POINT('',(12.23683287393,4.609747656768,
    -14.20642729021));
#3057 = CARTESIAN_POINT('',(12.237097938374,4.609786818069,
    -14.20619960001));
#3058 = CARTESIAN_POINT('',(12.237363030554,4.609825974819,
    -14.20597191366));
#3059 = CARTESIAN_POINT('',(12.237628150461,4.609865127014,
    -14.20574423117));
#3060 = CARTESIAN_POINT('',(12.23789329809,4.609904274652,
    -14.20551655256));
#3061 = CARTESIAN_POINT('',(12.238158473431,4.609943417729,
    -14.20528887783));
#3062 = CARTESIAN_POINT('',(12.238954082573,4.61006083327,
    -14.20460586532));
#3063 = CARTESIAN_POINT('',(12.23948459949,4.610139092042,
    -14.20415053923));
#3064 = CARTESIAN_POINT('',(12.240015227169,4.610217332533,
    -14.20369522882));
#3065 = CARTESIAN_POINT('',(12.240545965552,4.61029555472,
    -14.20323993415));
#3066 = CARTESIAN_POINT('',(12.241076814574,4.610373758572,
    -14.20278465535));
#3067 = CARTESIAN_POINT('',(12.241607774182,4.610451944073,
    -14.20232939246));
#3068 = CARTESIAN_POINT('',(12.242138844305,4.610530111187,
    -14.20187414562));
#3069 = CARTESIAN_POINT('',(12.242670024896,4.610608259899,
    -14.20141891488));
#3070 = CARTESIAN_POINT('',(12.243201315882,4.610686390174,
    -14.20096370034));
#3071 = CARTESIAN_POINT('',(12.243732717212,4.610764501995,
    -14.2005085021));
#3072 = CARTESIAN_POINT('',(12.244264228821,4.610842595331,
    -14.20005332023));
#3073 = CARTESIAN_POINT('',(12.245859094307,4.611076819816,
    -14.19868782404));
#3074 = CARTESIAN_POINT('',(12.24692277885,4.611232895439,
    -14.19777755913));
#3075 = CARTESIAN_POINT('',(12.247986903789,4.611388896827,
    -14.19686736079));
#3076 = CARTESIAN_POINT('',(12.249051468633,4.611544823776,
    -14.19595722975));
#3077 = CARTESIAN_POINT('',(12.250116472899,4.611700676089,
    -14.19504716669));
#3078 = CARTESIAN_POINT('',(12.25118191609,4.611856453556,
    -14.19413717233));
#3079 = CARTESIAN_POINT('',(12.252247797726,4.612012155986,
    -14.19322724738));
#3080 = CARTESIAN_POINT('',(12.253314117311,4.612167783165,
    -14.19231739252));
#3081 = CARTESIAN_POINT('',(12.254380874361,4.612323334902,
    -14.19140760848));
#3082 = CARTESIAN_POINT('',(12.255448068385,4.612478810987,
    -14.19049789594));
#3083 = CARTESIAN_POINT('',(12.256515698894,4.612634211223,
    -14.18958825563));
#3084 = CARTESIAN_POINT('',(12.259719898413,4.613100183771,
    -14.18685955345));
#3085 = CARTESIAN_POINT('',(12.261857775499,4.613410527916,
    -14.18504071043));
#3086 = CARTESIAN_POINT('',(12.263997392643,4.613720566236,
    -14.18322216471));
#3087 = CARTESIAN_POINT('',(12.266138745836,4.614030297126,
    -14.18140392186));
#3088 = CARTESIAN_POINT('',(12.26828183106,4.61433971898,-14.17958598741
    ));
#3089 = CARTESIAN_POINT('',(12.270426644306,4.614648830197,
    -14.17776836693));
#3090 = CARTESIAN_POINT('',(12.27257318156,4.614957629167,
    -14.17595106594));
#3091 = CARTESIAN_POINT('',(12.274721438806,4.61526611429,
    -14.17413409002));
#3092 = CARTESIAN_POINT('',(12.276871412035,4.615574283957,
    -14.17231744469));
#3093 = CARTESIAN_POINT('',(12.27902309723,4.615882136566,
    -14.17050113552));
#3094 = CARTESIAN_POINT('',(12.281176490381,4.616189670512,
    -14.16868516806));
#3095 = CARTESIAN_POINT('',(12.287641781658,4.617111311543,
    -14.16323830741));
#3096 = CARTESIAN_POINT('',(12.291958792974,4.617724457601,
    -14.15960845719));
#3097 = CARTESIAN_POINT('',(12.296282587674,4.618336309749,
    -14.15598004017));
#3098 = CARTESIAN_POINT('',(12.300613132011,4.61894685537,-14.1523530993
    ));
#3099 = CARTESIAN_POINT('',(12.304950392238,4.619556081854,
    -14.14872767757));
#3100 = CARTESIAN_POINT('',(12.309294334607,4.620163976578,
    -14.14510381796));
#3101 = CARTESIAN_POINT('',(12.313644925372,4.620770526937,
    -14.14148156342));
#3102 = CARTESIAN_POINT('',(12.318002130785,4.621375720307,
    -14.13786095694));
#3103 = CARTESIAN_POINT('',(12.322365917099,4.62197954408,
    -14.13424204149));
#3104 = CARTESIAN_POINT('',(12.326736250567,4.622581985637,
    -14.13062486005));
#3105 = CARTESIAN_POINT('',(12.331113097441,4.623183032366,
    -14.12700945558));
#3106 = CARTESIAN_POINT('',(12.344263077044,4.624981950219,
    -14.11616870203));
#3107 = CARTESIAN_POINT('',(12.353055669232,4.626175593938,
    -14.10894883414));
#3108 = CARTESIAN_POINT('',(12.361873905017,4.627363506993,
    -14.10173658694));
#3109 = CARTESIAN_POINT('',(12.370717488873,4.628545593574,
    -14.09453227998));
#3110 = CARTESIAN_POINT('',(12.37958612528,4.629721757865,
    -14.08733623281));
#3111 = CARTESIAN_POINT('',(12.388479518708,4.630891904057,
    -14.08014876499));
#3112 = CARTESIAN_POINT('',(12.397397373642,4.632055936333,
    -14.07297019606));
#3113 = CARTESIAN_POINT('',(12.406339394548,4.633213758885,
    -14.06580084557));
#3114 = CARTESIAN_POINT('',(12.415305285912,4.634365275897,
    -14.05864103308));
#3115 = CARTESIAN_POINT('',(12.424294752203,4.635510391559,
    -14.05149107813));
#3116 = CARTESIAN_POINT('',(12.4333074979,4.636649010055,-14.04435130027
    ));
#3117 = CARTESIAN_POINT('',(12.461248307031,4.640149525283,
    -14.0223057218));
#3118 = CARTESIAN_POINT('',(12.480254398006,4.642489025417,-14.007435791
    ));
#3119 = CARTESIAN_POINT('',(12.49935834277,4.644798783678,
    -13.99261466436));
#3120 = CARTESIAN_POINT('',(12.518556983687,4.647078047768,
    -13.97784477959));
#3121 = CARTESIAN_POINT('',(12.537847163126,4.649326065385,
    -13.96312857437));
#3122 = CARTESIAN_POINT('',(12.557225723445,4.651542084234,
    -13.9484684864));
#3123 = CARTESIAN_POINT('',(12.576689507017,4.653725352013,
    -13.93386695338));
#3124 = CARTESIAN_POINT('',(12.596235356199,4.655875116424,
    -13.91932641301));
#3125 = CARTESIAN_POINT('',(12.615860113364,4.657990625168,
    -13.90484930297));
#3126 = CARTESIAN_POINT('',(12.635560620871,4.660071125946,
    -13.89043806098));
#3127 = CARTESIAN_POINT('',(12.655333721088,4.662115866459,
    -13.87609512471));
#3128 = CARTESIAN_POINT('',(12.715179451533,4.66817274713,-13.8330497279
    ));
#3129 = CARTESIAN_POINT('',(12.755462688448,4.672073907426,
    -13.80456217699));
#3130 = CARTESIAN_POINT('',(12.795997829887,4.67582202298,
    -13.77637713955));
#3131 = CARTESIAN_POINT('',(12.836755604809,4.679412066942,
    -13.74851052035));
#3132 = CARTESIAN_POINT('',(12.877705608354,4.682839537934,
    -13.72097726854));
#3133 = CARTESIAN_POINT('',(12.918816301863,4.686100460047,
    -13.69379137767));
#3134 = CARTESIAN_POINT('',(12.960055012851,4.689191382839,
    -13.66696588564));
#3135 = CARTESIAN_POINT('',(13.00138793504,4.692109381341,
    -13.64051287475));
#3136 = CARTESIAN_POINT('',(13.042780128326,4.694852056049,
    -13.61444347169));
#3137 = CARTESIAN_POINT('',(13.084195518807,4.697417532931,
    -13.5887678475));
#3138 = CARTESIAN_POINT('',(13.125596898761,4.699804463425,
    -13.56349521764));
#3139 = CARTESIAN_POINT('',(13.233736373341,4.705577863666,
    -13.49847564536));
#3140 = CARTESIAN_POINT('',(13.300344629145,4.708695705152,
    -13.45939263973));
#3141 = CARTESIAN_POINT('',(13.366936188881,4.711221252355,
    -13.42140681578));
#3142 = CARTESIAN_POINT('',(13.432341289689,4.713602196634,
    -13.38459888393));
#3143 = CARTESIAN_POINT('',(13.498015094233,4.715101442643,
    -13.34888059501));
#3144 = CARTESIAN_POINT('',(13.562679972281,4.716239958198,
    -13.31440962118));
#3145 = CARTESIAN_POINT('',(13.625406311935,4.717382941868,
    -13.28119225476));
#3146 = CARTESIAN_POINT('',(13.687798443583,4.71774378089,
    -13.24900880505));
#3147 = CARTESIAN_POINT('',(13.749786035089,4.717270302899,
    -13.21801404874));
#3148 = CARTESIAN_POINT('',(13.807218165332,4.717669459779,
    -13.18877144247));
#3149 = CARTESIAN_POINT('',(13.861956654875,4.717982173508,
    -13.1606360583));
#3150 = CARTESIAN_POINT('',(13.992248168295,4.710630398535,
    -13.10156294438));
#3151 = CARTESIAN_POINT('',(14.059677993095,4.706188459194,
    -13.07183925351));
#3152 = CARTESIAN_POINT('',(14.12770655995,4.70106975778,-13.04268157661
    ));
#3153 = CARTESIAN_POINT('',(14.196340040528,4.695268448047,
    -13.01407134857));
#3154 = CARTESIAN_POINT('',(14.26557962738,4.688778229443,
    -12.98598697279));
#3155 = CARTESIAN_POINT('',(14.335420891763,4.681591340362,
    -12.95840362493));
#3156 = CARTESIAN_POINT('',(14.40585314144,4.673697551401,
    -12.93129305673));
#3157 = CARTESIAN_POINT('',(14.476858778513,4.66508315861,
    -12.90462339983));
#3158 = CARTESIAN_POINT('',(14.548412657227,4.655729976754,
    -12.8783589695));
#3159 = CARTESIAN_POINT('',(14.620481441791,4.645614332558,
    -12.85246006851));
#3160 = CARTESIAN_POINT('',(14.693022964191,4.63470605797,
    -12.82688279088));
#3161 = CARTESIAN_POINT('',(14.802466890914,4.617098196133,
    -12.78892684309));
#3162 = CARTESIAN_POINT('',(14.839054033336,4.611020762168,
    -12.77634385058));
#3163 = CARTESIAN_POINT('',(14.87574012057,4.604730790656,
    -12.76382339165));
#3164 = CARTESIAN_POINT('',(14.912518078962,4.598223027304,
    -12.75135920345));
#3165 = CARTESIAN_POINT('',(14.949380649913,4.591491354391,
    -12.73894521683));
#3166 = CARTESIAN_POINT('',(14.986320389863,4.584528790763,
    -12.72657555632));
#3167 = CARTESIAN_POINT('',(15.023329670313,4.577327491839,
    -12.71424454011));
#3168 = CARTESIAN_POINT('',(15.0604006778,4.569878749607,-12.70194668009
    ));
#3169 = CARTESIAN_POINT('',(15.097525413923,4.562172992625,
    -12.68967668181));
#3170 = CARTESIAN_POINT('',(15.13469569532,4.55419978602,-12.67742944452
    ));
#3171 = CARTESIAN_POINT('',(15.171903153683,4.54594783149,
    -12.66520006113));
#3172 = CARTESIAN_POINT('',(15.227757276786,4.533133535211,
    -12.64687569681));
#3173 = CARTESIAN_POINT('',(15.246382616878,4.52878928819,
    -12.64077100013));
#3174 = CARTESIAN_POINT('',(15.265014292986,4.524370654175,
    -12.63466924099));
#3175 = CARTESIAN_POINT('',(15.28365135907,4.519875998521,
    -12.62856996883));
#3176 = CARTESIAN_POINT('',(15.302292886063,4.515303624021,
    -12.62247276967));
#3177 = CARTESIAN_POINT('',(15.320937961917,4.510651770876,
    -12.61637726615));
#3178 = CARTESIAN_POINT('',(15.339585691534,4.505918616734,
    -12.61028311755));
#3179 = CARTESIAN_POINT('',(15.358235196853,4.501102276651,
    -12.60419001973));
#3180 = CARTESIAN_POINT('',(15.376885616761,4.496200803123,
    -12.59809770521));
#3181 = CARTESIAN_POINT('',(15.395536107169,4.491212186062,
    -12.59200594309));
#3182 = CARTESIAN_POINT('',(15.414185840957,4.486134352815,
    -12.58591453911));
#3183 = CARTESIAN_POINT('',(15.43749604977,4.479672871982,
    -12.57830053472));
#3184 = CARTESIAN_POINT('',(15.442157992914,4.478374868368,
    -12.57677774502));
#3185 = CARTESIAN_POINT('',(15.44681982329,4.477071122756,
    -12.57525496323));
#3186 = CARTESIAN_POINT('',(15.451481526742,4.475761600595,
    -12.57373218604));
#3187 = CARTESIAN_POINT('',(15.456143089125,4.474446267333,
    -12.57220941019));
#3188 = CARTESIAN_POINT('',(15.460804496276,4.473125088421,
    -12.57068663238));
#3189 = CARTESIAN_POINT('',(15.465465734057,4.471798029307,
    -12.56916384934));
#3190 = CARTESIAN_POINT('',(15.470126788302,4.47046505544,
    -12.56764105779));
#3191 = CARTESIAN_POINT('',(15.47478764487,4.46912613227,-12.56611825442
    ));
#3192 = CARTESIAN_POINT('',(15.479448289602,4.467781225245,
    -12.56459543598));
#3193 = CARTESIAN_POINT('',(15.48410870835,4.466430299815,
    -12.56307259916));
#3194 = CARTESIAN_POINT('',(15.493429065569,4.463716343042,
    -12.56002688223));
#3195 = CARTESIAN_POINT('',(15.498076852241,4.462358801122,
    -12.55849306748));
#3196 = CARTESIAN_POINT('',(15.502715540174,4.460998519364,
    -12.55695142336));
#3197 = CARTESIAN_POINT('',(15.507361247101,4.459628621111,
    -12.55541635824));
#3198 = CARTESIAN_POINT('',(15.512016065952,4.458248370411,
    -12.55388970569));
#3199 = CARTESIAN_POINT('',(15.516672396843,4.456861097029,
    -12.55236465069));
#3200 = CARTESIAN_POINT('',(15.521325059495,4.455469011453,
    -12.55083656166));
#3201 = CARTESIAN_POINT('',(15.525977193481,4.454070747605,
    -12.54930825096));
#3202 = CARTESIAN_POINT('',(15.530635362031,4.452663502224,
    -12.54778558628));
#3203 = CARTESIAN_POINT('',(15.535298683448,4.45124767167,
    -12.54626777492));
#3204 = CARTESIAN_POINT('',(15.539956222485,4.449827918117,
    -12.54474504286));
#3205 = CARTESIAN_POINT('',(15.553936402213,4.445546050284,
    -12.54018440324));
#3206 = CARTESIAN_POINT('',(15.563260249691,4.44266447988,
    -12.53714824282));
#3207 = CARTESIAN_POINT('',(15.572580945208,4.439757885695,
    -12.53411047316));
#3208 = CARTESIAN_POINT('',(15.581896173624,4.436826658215,
    -12.53106917955));
#3209 = CARTESIAN_POINT('',(15.591206868346,4.43387006861,
    -12.52802526547));
#3210 = CARTESIAN_POINT('',(15.600515895414,4.430886726995,
    -12.52498131019));
#3211 = CARTESIAN_POINT('',(15.609826737562,4.427875040701,
    -12.52194042646));
#3212 = CARTESIAN_POINT('',(15.619142178306,4.424833672539,
    -12.51890511813));
#3213 = CARTESIAN_POINT('',(15.62846298601,4.421761999064,
    -12.51587613778));
#3214 = CARTESIAN_POINT('',(15.637786597969,4.418660568842,
    -12.51285134438));
#3215 = CARTESIAN_POINT('',(15.647105804476,4.415531560717,
    -12.50982456092));
#3216 = CARTESIAN_POINT('',(15.656407432904,4.412379242077,
    -12.50678443207));
#3217 = ADVANCED_FACE('',(#3218),#3246,.T.);
#3218 = FACE_BOUND('',#3219,.T.);
#3219 = EDGE_LOOP('',(#3220,#3229,#3238,#3245));
#3220 = ORIENTED_EDGE('',*,*,#3221,.F.);
#3221 = EDGE_CURVE('',#3222,#786,#3224,.T.);
#3222 = VERTEX_POINT('',#3223);
#3223 = CARTESIAN_POINT('',(-11.90587770064,0.,13.831578947368));
#3224 = CIRCLE('',#3225,0.5);
#3225 = AXIS2_PLACEMENT_3D('',#3226,#3227,#3228);
#3226 = CARTESIAN_POINT('',(-11.90587770064,0.5,13.831578947368));
#3227 = DIRECTION('',(-0.757894736842,-0.,-0.652376860309));
#3228 = DIRECTION('',(0.652376860309,0.,-0.757894736842));
#3229 = ORIENTED_EDGE('',*,*,#3230,.T.);
#3230 = EDGE_CURVE('',#3222,#3231,#3233,.T.);
#3231 = VERTEX_POINT('',#3232);
#3232 = CARTESIAN_POINT('',(11.905877700645,0.,13.831578947368));
#3233 = CIRCLE('',#3234,18.25);
#3234 = AXIS2_PLACEMENT_3D('',#3235,#3236,#3237);
#3235 = CARTESIAN_POINT('',(0.,0.,0.));
#3236 = DIRECTION('',(0.,1.,-0.));
#3237 = DIRECTION('',(-0.652376860309,0.,0.757894736842));
#3238 = ORIENTED_EDGE('',*,*,#3239,.T.);
#3239 = EDGE_CURVE('',#3231,#794,#3240,.T.);
#3240 = CIRCLE('',#3241,0.5);
#3241 = AXIS2_PLACEMENT_3D('',#3242,#3243,#3244);
#3242 = CARTESIAN_POINT('',(11.905877700645,0.5,13.831578947368));
#3243 = DIRECTION('',(-0.757894736842,0.,0.652376860309));
#3244 = DIRECTION('',(0.652376860309,0.,0.757894736842));
#3245 = ORIENTED_EDGE('',*,*,#793,.F.);
#3246 = TOROIDAL_SURFACE('',#3247,18.25,0.5);
#3247 = AXIS2_PLACEMENT_3D('',#3248,#3249,#3250);
#3248 = CARTESIAN_POINT('',(0.,0.5,0.));
#3249 = DIRECTION('',(0.,1.,0.));
#3250 = DIRECTION('',(-0.652376860309,0.,0.757894736842));
#3251 = ADVANCED_FACE('',(#3252),#3309,.F.);
#3252 = FACE_BOUND('',#3253,.F.);
#3253 = EDGE_LOOP('',(#3254,#3255,#3264,#3276,#3284));
#3254 = ORIENTED_EDGE('',*,*,#281,.T.);
#3255 = ORIENTED_EDGE('',*,*,#3256,.T.);
#3256 = EDGE_CURVE('',#282,#3257,#3259,.T.);
#3257 = VERTEX_POINT('',#3258);
#3258 = CARTESIAN_POINT('',(13.389388392154,0.5,-13.46449356532));
#3259 = CIRCLE('',#3260,5.);
#3260 = AXIS2_PLACEMENT_3D('',#3261,#3262,#3263);
#3261 = CARTESIAN_POINT('',(15.493950432346,0.5,-18.));
#3262 = DIRECTION('',(0.,1.,-0.));
#3263 = DIRECTION('',(-0.652376860309,0.,0.757894736842));
#3264 = ORIENTED_EDGE('',*,*,#3265,.T.);
#3265 = EDGE_CURVE('',#3257,#3266,#3268,.T.);
#3266 = VERTEX_POINT('',#3267);
#3267 = CARTESIAN_POINT('',(15.493950432346,0.283757182921,-13.));
#3268 = ( BOUNDED_CURVE() B_SPLINE_CURVE(6,(#3269,#3270,#3271,#3272,
#3273,#3274,#3275),.UNSPECIFIED.,.F.,.F.) B_SPLINE_CURVE_WITH_KNOTS((7,7
),(50.964072217243,53.056459264265),.PIECEWISE_BEZIER_KNOTS.) CURVE() 
GEOMETRIC_REPRESENTATION_ITEM() RATIONAL_B_SPLINE_CURVE((1.,1.,1.,1.,1.,
1.,1.)) REPRESENTATION_ITEM('') );
#3269 = CARTESIAN_POINT('',(13.389388392154,0.5,-13.46449356532));
#3270 = CARTESIAN_POINT('',(13.707916933195,0.5,-13.31669020844));
#3271 = CARTESIAN_POINT('',(14.046164551511,0.488062773431,
    -13.19227333904));
#3272 = CARTESIAN_POINT('',(14.403370885259,0.461553887626,
    -13.09500029931));
#3273 = CARTESIAN_POINT('',(14.76794932235,0.418240644981,
    -13.03111776974));
#3274 = CARTESIAN_POINT('',(15.134327546243,0.358309853001,-13.));
#3275 = CARTESIAN_POINT('',(15.493950432346,0.283757182921,-13.));
#3276 = ORIENTED_EDGE('',*,*,#3277,.T.);
#3277 = EDGE_CURVE('',#3266,#3278,#3280,.T.);
#3278 = VERTEX_POINT('',#3279);
#3279 = CARTESIAN_POINT('',(15.493950432346,3.939556130912,-13.));
#3280 = LINE('',#3281,#3282);
#3281 = CARTESIAN_POINT('',(15.493950432346,-0.22542185346,-13.));
#3282 = VECTOR('',#3283,1.);
#3283 = DIRECTION('',(0.,1.,0.));
#3284 = ORIENTED_EDGE('',*,*,#3285,.T.);
#3285 = EDGE_CURVE('',#3278,#88,#3286,.T.);
#3286 = ( BOUNDED_CURVE() B_SPLINE_CURVE(6,(#3287,#3288,#3289,#3290,
    #3291,#3292,#3293,#3294,#3295,#3296,#3297,#3298,#3299,#3300,#3301,
    #3302,#3303,#3304,#3305,#3306,#3307,#3308),.UNSPECIFIED.,.F.,.F.) 
B_SPLINE_CURVE_WITH_KNOTS((7,5,5,5,7),(68.722127777569,68.887667247038,
    69.774070123576,70.873422698723,72.488190355633),.UNSPECIFIED.) 
CURVE() GEOMETRIC_REPRESENTATION_ITEM() RATIONAL_B_SPLINE_CURVE((1.,1.,
    1.,1.,1.,1.,1.,1.,1.,1.,1.,1.,1.,1.,1.,1.,1.,1.,1.,1.,1.,1.)) 
REPRESENTATION_ITEM('') );
#3287 = CARTESIAN_POINT('',(15.493950432346,3.939556130912,-13.));
#3288 = CARTESIAN_POINT('',(15.468242796906,3.949272288543,-13.));
#3289 = CARTESIAN_POINT('',(15.442504085119,3.958909909172,
    -13.00015859302));
#3290 = CARTESIAN_POINT('',(15.416731803245,3.968470741796,
    -13.00047662333));
#3291 = CARTESIAN_POINT('',(15.390934157616,3.977949592517,
    -13.00095452959));
#3292 = CARTESIAN_POINT('',(15.36509815295,3.987354951319,
    -13.00159362667));
#3293 = CARTESIAN_POINT('',(15.200791641726,4.046587422211,
    -13.00667998357));
#3294 = CARTESIAN_POINT('',(15.061297722479,4.094282231811,
    -13.01560514976));
#3295 = CARTESIAN_POINT('',(14.921044305944,4.139621779725,
    -13.02930954819));
#3296 = CARTESIAN_POINT('',(14.780471856829,4.182472828759,
    -13.04789709845));
#3297 = CARTESIAN_POINT('',(14.640052484352,4.222725595396,
    -13.07138883083));
#3298 = CARTESIAN_POINT('',(14.326851282508,4.306981651455,
    -13.13490169699));
#3299 = CARTESIAN_POINT('',(14.154386207158,4.34955699564,
    -13.17754777262));
#3300 = CARTESIAN_POINT('',(13.983788299984,4.387976828937,
    -13.22755956174));
#3301 = CARTESIAN_POINT('',(13.815888724943,4.42226556514,-13.2846932487
    ));
#3302 = CARTESIAN_POINT('',(13.651411801602,4.452557106775,
    -13.34857961478));
#3303 = CARTESIAN_POINT('',(13.255319806089,4.518074406803,
    -13.52175462989));
#3304 = CARTESIAN_POINT('',(13.028392951083,4.548895699522,
    -13.63837181428));
#3305 = CARTESIAN_POINT('',(12.811832786185,4.572435516622,
    -13.76698270246));
#3306 = CARTESIAN_POINT('',(12.606699673328,4.589631183789,
    -13.90610624653));
#3307 = CARTESIAN_POINT('',(12.413475990313,4.601480559026,
    -14.05437323961));
#3308 = CARTESIAN_POINT('',(12.2320661308,4.609042032654,-14.21052631578
    ));
#3309 = CYLINDRICAL_SURFACE('',#3310,5.);
#3310 = AXIS2_PLACEMENT_3D('',#3311,#3312,#3313);
#3311 = CARTESIAN_POINT('',(15.493950432346,4.95050560186,-18.));
#3312 = DIRECTION('',(-0.,-1.,-0.));
#3313 = DIRECTION('',(0.,0.,1.));
#3314 = ADVANCED_FACE('',(#3315),#3372,.F.);
#3315 = FACE_BOUND('',#3316,.F.);
#3316 = EDGE_LOOP('',(#3317,#3318,#3327,#3339,#3347));
#3317 = ORIENTED_EDGE('',*,*,#785,.T.);
#3318 = ORIENTED_EDGE('',*,*,#3319,.F.);
#3319 = EDGE_CURVE('',#3320,#786,#3322,.T.);
#3320 = VERTEX_POINT('',#3321);
#3321 = CARTESIAN_POINT('',(-13.38938839215,0.5,13.464493565325));
#3322 = CIRCLE('',#3323,5.);
#3323 = AXIS2_PLACEMENT_3D('',#3324,#3325,#3326);
#3324 = CARTESIAN_POINT('',(-15.49395043234,0.5,18.));
#3325 = DIRECTION('',(0.,-1.,0.));
#3326 = DIRECTION('',(0.463003648842,0.,-0.886356373677));
#3327 = ORIENTED_EDGE('',*,*,#3328,.F.);
#3328 = EDGE_CURVE('',#3329,#3320,#3331,.T.);
#3329 = VERTEX_POINT('',#3330);
#3330 = CARTESIAN_POINT('',(-15.49395043234,0.283757182922,13.));
#3331 = ( BOUNDED_CURVE() B_SPLINE_CURVE(6,(#3332,#3333,#3334,#3335,
#3336,#3337,#3338),.UNSPECIFIED.,.F.,.F.) B_SPLINE_CURVE_WITH_KNOTS((7,7
),(19.457148181743,21.54953522905),.PIECEWISE_BEZIER_KNOTS.) CURVE() 
GEOMETRIC_REPRESENTATION_ITEM() RATIONAL_B_SPLINE_CURVE((1.,1.,1.,1.,1.,
1.,1.)) REPRESENTATION_ITEM('') );
#3332 = CARTESIAN_POINT('',(-15.49395043234,0.283757182922,13.));
#3333 = CARTESIAN_POINT('',(-15.13431833088,0.358311763422,13.));
#3334 = CARTESIAN_POINT('',(-14.76794701346,0.418237707436,
    13.031124734312));
#3335 = CARTESIAN_POINT('',(-14.40339804686,0.461554761472,
    13.094986925954));
#3336 = CARTESIAN_POINT('',(-14.04616238954,0.488061713329,
    13.192276472332));
#3337 = CARTESIAN_POINT('',(-13.70791714103,0.500000000003,
    13.316690112002));
#3338 = CARTESIAN_POINT('',(-13.38938839215,0.5,13.464493565325));
#3339 = ORIENTED_EDGE('',*,*,#3340,.F.);
#3340 = EDGE_CURVE('',#3341,#3329,#3343,.T.);
#3341 = VERTEX_POINT('',#3342);
#3342 = CARTESIAN_POINT('',(-15.49395043234,3.939556130912,13.));
#3343 = LINE('',#3344,#3345);
#3344 = CARTESIAN_POINT('',(-15.49395043234,0.,13.));
#3345 = VECTOR('',#3346,1.);
#3346 = DIRECTION('',(0.,-1.,0.));
#3347 = ORIENTED_EDGE('',*,*,#3348,.F.);
#3348 = EDGE_CURVE('',#592,#3341,#3349,.T.);
#3349 = ( BOUNDED_CURVE() B_SPLINE_CURVE(6,(#3350,#3351,#3352,#3353,
    #3354,#3355,#3356,#3357,#3358,#3359,#3360,#3361,#3362,#3363,#3364,
    #3365,#3366,#3367,#3368,#3369,#3370,#3371),.UNSPECIFIED.,.F.,.F.) 
B_SPLINE_CURVE_WITH_KNOTS((7,5,5,5,7),(2.541709070193E-02,1.640184747652
,2.739537322804,3.625940199346,3.791479668814),.UNSPECIFIED.) CURVE() 
GEOMETRIC_REPRESENTATION_ITEM() RATIONAL_B_SPLINE_CURVE((1.,1.,1.,1.,1.,
    1.,1.,1.,1.,1.,1.,1.,1.,1.,1.,1.,1.,1.,1.,1.,1.,1.)) 
REPRESENTATION_ITEM('') );
#3350 = CARTESIAN_POINT('',(-12.2320661308,4.609042032652,
    14.210526315789));
#3351 = CARTESIAN_POINT('',(-12.41347599121,4.601480558905,
    14.054373238834));
#3352 = CARTESIAN_POINT('',(-12.60669695794,4.589631609013,
    13.906107462034));
#3353 = CARTESIAN_POINT('',(-12.81183030407,4.572435904089,
    13.766983812591));
#3354 = CARTESIAN_POINT('',(-13.02839454455,4.548895445886,
    13.638371098548));
#3355 = CARTESIAN_POINT('',(-13.25532543617,4.518073516795,
    13.521752108793));
#3356 = CARTESIAN_POINT('',(-13.65140960308,4.45255743494,13.34858061656
    ));
#3357 = CARTESIAN_POINT('',(-13.81588525924,4.422266176904,
    13.284694610989));
#3358 = CARTESIAN_POINT('',(-13.98378432126,4.387977671812,
    13.227560830575));
#3359 = CARTESIAN_POINT('',(-14.15438203968,4.34955801957,
    13.177548836763));
#3360 = CARTESIAN_POINT('',(-14.32684754041,4.306982653913,
    13.134902518207));
#3361 = CARTESIAN_POINT('',(-14.6400524436,4.222725638037,
    13.071388788811));
#3362 = CARTESIAN_POINT('',(-14.78047061451,4.182473181334,
    13.047897371833));
#3363 = CARTESIAN_POINT('',(-14.92104267556,4.139622286097,
    13.029309631708));
#3364 = CARTESIAN_POINT('',(-15.06129868198,4.094281921383,
    13.015605067351));
#3365 = CARTESIAN_POINT('',(-15.20079164172,4.046587422214,
    13.006679983574));
#3366 = CARTESIAN_POINT('',(-15.36509815295,3.987354951317,
    13.001593626674));
#3367 = CARTESIAN_POINT('',(-15.3909341576,3.977949592523,
    13.000954529594));
#3368 = CARTESIAN_POINT('',(-15.41673180325,3.968470741792,
    13.000476623335));
#3369 = CARTESIAN_POINT('',(-15.44250408511,3.958909909173,
    13.000158593026));
#3370 = CARTESIAN_POINT('',(-15.4682427969,3.949272288545,13.));
#3371 = CARTESIAN_POINT('',(-15.49395043234,3.939556130912,13.));
#3372 = CYLINDRICAL_SURFACE('',#3373,5.);
#3373 = AXIS2_PLACEMENT_3D('',#3374,#3375,#3376);
#3374 = CARTESIAN_POINT('',(-15.49395043234,4.95050560186,18.));
#3375 = DIRECTION('',(-0.,-1.,-0.));
#3376 = DIRECTION('',(0.,0.,-1.));
#3377 = ADVANCED_FACE('',(#3378),#3406,.T.);
#3378 = FACE_BOUND('',#3379,.F.);
#3379 = EDGE_LOOP('',(#3380,#3389,#3398,#3405));
#3380 = ORIENTED_EDGE('',*,*,#3381,.F.);
#3381 = EDGE_CURVE('',#3382,#290,#3384,.T.);
#3382 = VERTEX_POINT('',#3383);
#3383 = CARTESIAN_POINT('',(-11.90587770064,0.,-13.83157894736));
#3384 = CIRCLE('',#3385,0.5);
#3385 = AXIS2_PLACEMENT_3D('',#3386,#3387,#3388);
#3386 = CARTESIAN_POINT('',(-11.90587770064,0.5,-13.83157894736));
#3387 = DIRECTION('',(0.757894736842,0.,-0.652376860309));
#3388 = DIRECTION('',(0.652376860309,0.,0.757894736842));
#3389 = ORIENTED_EDGE('',*,*,#3390,.T.);
#3390 = EDGE_CURVE('',#3382,#3391,#3393,.T.);
#3391 = VERTEX_POINT('',#3392);
#3392 = CARTESIAN_POINT('',(11.905877700645,0.,-13.83157894736));
#3393 = CIRCLE('',#3394,18.25);
#3394 = AXIS2_PLACEMENT_3D('',#3395,#3396,#3397);
#3395 = CARTESIAN_POINT('',(0.,0.,0.));
#3396 = DIRECTION('',(0.,-1.,0.));
#3397 = DIRECTION('',(-0.652376860309,-0.,-0.757894736842));
#3398 = ORIENTED_EDGE('',*,*,#3399,.T.);
#3399 = EDGE_CURVE('',#3391,#282,#3400,.T.);
#3400 = CIRCLE('',#3401,0.5);
#3401 = AXIS2_PLACEMENT_3D('',#3402,#3403,#3404);
#3402 = CARTESIAN_POINT('',(11.905877700645,0.5,-13.83157894736));
#3403 = DIRECTION('',(0.757894736842,-0.,0.652376860309));
#3404 = DIRECTION('',(0.652376860309,0.,-0.757894736842));
#3405 = ORIENTED_EDGE('',*,*,#289,.F.);
#3406 = TOROIDAL_SURFACE('',#3407,18.25,0.5);
#3407 = AXIS2_PLACEMENT_3D('',#3408,#3409,#3410);
#3408 = CARTESIAN_POINT('',(0.,0.5,0.));
#3409 = DIRECTION('',(0.,1.,0.));
#3410 = DIRECTION('',(-0.652376860309,0.,-0.757894736842));
#3411 = ADVANCED_FACE('',(#3412),#3615,.F.);
#3412 = FACE_BOUND('',#3413,.F.);
#3413 = EDGE_LOOP('',(#3414,#3608,#3614));
#3414 = ORIENTED_EDGE('',*,*,#3415,.T.);
#3415 = EDGE_CURVE('',#592,#3416,#3418,.T.);
#3416 = VERTEX_POINT('',#3417);
#3417 = CARTESIAN_POINT('',(-15.65640743291,4.412379242076,
    12.506784431984));
#3418 = ( BOUNDED_CURVE() B_SPLINE_CURVE(12,(#3419,#3420,#3421,#3422,
    #3423,#3424,#3425,#3426,#3427,#3428,#3429,#3430,#3431,#3432,#3433,
    #3434,#3435,#3436,#3437,#3438,#3439,#3440,#3441,#3442,#3443,#3444,
    #3445,#3446,#3447,#3448,#3449,#3450,#3451,#3452,#3453,#3454,#3455,
    #3456,#3457,#3458,#3459,#3460,#3461,#3462,#3463,#3464,#3465,#3466,
    #3467,#3468,#3469,#3470,#3471,#3472,#3473,#3474,#3475,#3476,#3477,
    #3478,#3479,#3480,#3481,#3482,#3483,#3484,#3485,#3486,#3487,#3488,
    #3489,#3490,#3491,#3492,#3493,#3494,#3495,#3496,#3497,#3498,#3499,
    #3500,#3501,#3502,#3503,#3504,#3505,#3506,#3507,#3508,#3509,#3510,
    #3511,#3512,#3513,#3514,#3515,#3516,#3517,#3518,#3519,#3520,#3521,
    #3522,#3523,#3524,#3525,#3526,#3527,#3528,#3529,#3530,#3531,#3532,
    #3533,#3534,#3535,#3536,#3537,#3538,#3539,#3540,#3541,#3542,#3543,
    #3544,#3545,#3546,#3547,#3548,#3549,#3550,#3551,#3552,#3553,#3554,
    #3555,#3556,#3557,#3558,#3559,#3560,#3561,#3562,#3563,#3564,#3565,
    #3566,#3567,#3568,#3569,#3570,#3571,#3572,#3573,#3574,#3575,#3576,
    #3577,#3578,#3579,#3580,#3581,#3582,#3583,#3584,#3585,#3586,#3587,
    #3588,#3589,#3590,#3591,#3592,#3593,#3594,#3595,#3596,#3597,#3598,
    #3599,#3600,#3601,#3602,#3603,#3604,#3605,#3606,#3607),
.UNSPECIFIED.,.F.,.F.) B_SPLINE_CURVE_WITH_KNOTS((13,11,11,11,11,11,11,
    11,11,11,11,11,11,11,11,11,11,13),(3.037990412E-08,1.77319673517E-03
    ,3.546363090435E-03,7.092695800967E-03,1.418536122203E-02,
    2.837069206415E-02,5.67413537484E-02,0.113482677117,0.226965323854,
    0.464399001966,0.943072027705,1.716268292627,2.530795034297,
    2.938058405133,3.14169009055,3.192598011905,3.243505933259,
3.345321775968),.UNSPECIFIED.) CURVE() GEOMETRIC_REPRESENTATION_ITEM() 
RATIONAL_B_SPLINE_CURVE((1.,1.,1.,1.,0.999999999999,1.000000000001,
    0.999999999999,1.000000000001,1.,1.,1.,1.,1.,1.,1.,1.,1.,1.,1.,1.,1.
    ,1.,1.,1.,1.,1.,1.,1.,1.,1.,1.,1.,1.,1.,1.,1.,0.999999999999,
    1.000000000002,0.999999999997,1.000000000003,0.999999999997,
    1.000000000002,0.999999999999,1.,1.,1.,1.,0.999999999999,
    1.000000000001,0.999999999998,1.000000000002,0.999999999999,
    1.000000000001,1.,1.,1.,1.,1.,1.,1.,0.999999999999,1.000000000001,
    0.999999999999,1.000000000001,1.,1.,1.,1.,1.,1.000000000001,
    0.999999999998,1.000000000002,0.999999999997,1.000000000002,
    0.999999999998,1.000000000001,1.,1.,1.,1.,0.999999999999,
    1.000000000001,0.999999999999,1.000000000002,0.999999999999,
    1.000000000001,1.,1.,1.,1.,0.999999999999,1.000000000001,
    0.999999999998,1.000000000003,0.999999999997,1.000000000003,
    0.999999999998,1.000000000001,1.,1.,1.,1.,0.999999999999,
    1.000000000001,0.999999999998,1.000000000002,0.999999999999,
    1.000000000001,1.,1.,1.,1.,1.000000000001,0.999999999998,
    1.000000000003,0.999999999995,1.000000000006,0.999999999995,
    1.000000000003,0.999999999998,1.000000000001,1.,1.,1.000000000001,
    0.999999999998,1.000000000003,0.999999999995,1.000000000006,
    0.999999999995,1.000000000004,0.999999999998,1.000000000001,1.,1.,1.
    ,1.000000000001,0.999999999998,1.000000000003,0.999999999997,
    1.000000000002,0.999999999999,1.000000000001,1.,1.,1.,1.,1.,
    0.999999999999,1.000000000001,0.999999999998,1.000000000002,
    0.999999999999,1.000000000001,1.,1.,1.,1.,0.999999999999,
    1.000000000002,0.999999999998,1.000000000002,0.999999999998,
    1.000000000001,0.999999999999,1.,1.,1.,0.999999999999,1.000000000002
    ,0.999999999997,1.000000000004,0.999999999995,1.000000000004,
    0.999999999997,1.000000000001,1.,1.,1.,1.,1.000000000001,
    0.999999999999,1.000000000001,0.999999999998,1.000000000001,
0.999999999999,1.,1.,1.,1.)) REPRESENTATION_ITEM('') );
#3419 = CARTESIAN_POINT('',(-12.23206614331,4.609042037999,
    14.210526305015));
#3420 = CARTESIAN_POINT('',(-12.23220461407,4.609036557831,
    14.210407112848));
#3421 = CARTESIAN_POINT('',(-12.23229790364,4.609215190397,
    14.210326818423));
#3422 = CARTESIAN_POINT('',(-12.23255780673,4.608714786966,
    14.210103114178));
#3423 = CARTESIAN_POINT('',(-12.23241518265,4.609854982336,
    14.210225902118));
#3424 = CARTESIAN_POINT('',(-12.23296914949,4.608156123996,
    14.20974908903));
#3425 = CARTESIAN_POINT('',(-12.23262719117,4.61010879618,
    14.210043472694));
#3426 = CARTESIAN_POINT('',(-12.23315340551,4.608523102558,
    14.209590562083));
#3427 = CARTESIAN_POINT('',(-12.23304744159,4.609513991774,
    14.209681821532));
#3428 = CARTESIAN_POINT('',(-12.23328080944,4.609121900914,
    14.209480999653));
#3429 = CARTESIAN_POINT('',(-12.23338579171,4.609253095627,
    14.209390695761));
#3430 = CARTESIAN_POINT('',(-12.23352181984,4.609257784608,
    14.209273675292));
#3431 = CARTESIAN_POINT('',(-12.2337865691,4.60929699797,14.209045937872
    ));
#3432 = CARTESIAN_POINT('',(-12.23391895069,4.609316603522,
    14.208932070095));
#3433 = CARTESIAN_POINT('',(-12.23405133922,4.609336207944,
    14.208818203254));
#3434 = CARTESIAN_POINT('',(-12.23418373471,4.609355811237,
    14.208704337344));
#3435 = CARTESIAN_POINT('',(-12.23431613715,4.609375413398,
    14.208590472379));
#3436 = CARTESIAN_POINT('',(-12.23444854654,4.609395014431,
    14.208476608343));
#3437 = CARTESIAN_POINT('',(-12.23458096287,4.60941461433,
    14.208362745258));
#3438 = CARTESIAN_POINT('',(-12.23471338616,4.6094342131,14.208248883104
    ));
#3439 = CARTESIAN_POINT('',(-12.23484581638,4.609453810736,14.2081350219
    ));
#3440 = CARTESIAN_POINT('',(-12.23497825356,4.609473407241,
    14.208021161637));
#3441 = CARTESIAN_POINT('',(-12.23511069768,4.609493002613,
    14.20790730232));
#3442 = CARTESIAN_POINT('',(-12.23550805087,4.609551785329,
    14.207565727211));
#3443 = CARTESIAN_POINT('',(-12.23577298077,4.609590969274,
    14.207338014259));
#3444 = CARTESIAN_POINT('',(-12.23603793844,4.609630148684,
    14.207110305106));
#3445 = CARTESIAN_POINT('',(-12.23630292387,4.609669323555,
    14.206882599764));
#3446 = CARTESIAN_POINT('',(-12.23656793704,4.609708493885,
    14.206654898243));
#3447 = CARTESIAN_POINT('',(-12.23683297797,4.609747659669,
    14.206427200554));
#3448 = CARTESIAN_POINT('',(-12.23709804663,4.609786820906,
    14.206199506709));
#3449 = CARTESIAN_POINT('',(-12.23736314303,4.60982597759,
    14.205971816718));
#3450 = CARTESIAN_POINT('',(-12.23762826714,4.609865129721,
    14.205744130595));
#3451 = CARTESIAN_POINT('',(-12.23789341897,4.609904277293,
    14.205516448347));
#3452 = CARTESIAN_POINT('',(-12.2381585985,4.609943420305,
    14.205288769987));
#3453 = CARTESIAN_POINT('',(-12.23895422021,4.610060835649,
    14.204605746607));
#3454 = CARTESIAN_POINT('',(-12.23948474549,4.610139094289,
    14.204150413283));
#3455 = CARTESIAN_POINT('',(-12.2400153815,4.610217334647,
    14.203695095648));
#3456 = CARTESIAN_POINT('',(-12.24054612819,4.610295556701,
    14.203239793782));
#3457 = CARTESIAN_POINT('',(-12.2410769855,4.610373760419,
    14.202784507788));
#3458 = CARTESIAN_POINT('',(-12.24160795337,4.610451945785,
    14.202329237734));
#3459 = CARTESIAN_POINT('',(-12.24213903174,4.610530112763,
    14.201873983734));
#3460 = CARTESIAN_POINT('',(-12.24267022055,4.610608261338,
    14.201418745851));
#3461 = CARTESIAN_POINT('',(-12.24320151973,4.610686391476,
    14.200963524196));
#3462 = CARTESIAN_POINT('',(-12.24373292924,4.610764503159,
    14.200508318842));
#3463 = CARTESIAN_POINT('',(-12.244264449,4.610842596356,14.200053129885
    ));
#3464 = CARTESIAN_POINT('',(-12.24585933888,4.611076820423,
    14.198687612467));
#3465 = CARTESIAN_POINT('',(-12.24692303959,4.611232895764,
    14.197777333464));
#3466 = CARTESIAN_POINT('',(-12.24798718061,4.611388896867,
    14.196867121104));
#3467 = CARTESIAN_POINT('',(-12.24905176145,4.611544823529,
    14.195956976098));
#3468 = CARTESIAN_POINT('',(-12.25011678162,4.611700675551,
    14.19504689914));
#3469 = CARTESIAN_POINT('',(-12.25118224063,4.611856452726,
    14.194136890948));
#3470 = CARTESIAN_POINT('',(-12.252248138,4.612012154858,14.19322695221)
  );
#3471 = CARTESIAN_POINT('',(-12.25331447323,4.61216778174,
    14.192317083648));
#3472 = CARTESIAN_POINT('',(-12.25438124585,4.612323333174,
    14.19140728595));
#3473 = CARTESIAN_POINT('',(-12.25544845534,4.612478808957,
    14.190497559832));
#3474 = CARTESIAN_POINT('',(-12.25651610124,4.612634208886,
    14.189587905992));
#3475 = CARTESIAN_POINT('',(-12.25972034668,4.613100180507,
    14.186859163426));
#3476 = CARTESIAN_POINT('',(-12.26185825404,4.613410524025,
    14.185040293725));
#3477 = CARTESIAN_POINT('',(-12.26399790112,4.613720561707,
    14.183221721581));
#3478 = CARTESIAN_POINT('',(-12.26613928392,4.61403029195,
    14.181403452543));
#3479 = CARTESIAN_POINT('',(-12.26828239842,4.614339713149,
    14.179585492158));
#3480 = CARTESIAN_POINT('',(-12.27042724063,4.614648823699,
    14.177767845976));
#3481 = CARTESIAN_POINT('',(-12.27257380651,4.614957621997,
    14.175950519543));
#3482 = CARTESIAN_POINT('',(-12.27472209208,4.615266106437,
    14.17413351841));
#3483 = CARTESIAN_POINT('',(-12.27687209331,4.615574275416,
    14.172316848121));
#3484 = CARTESIAN_POINT('',(-12.2790238062,4.615882127328,
    14.170500514228));
#3485 = CARTESIAN_POINT('',(-12.28117722673,4.61618966057,
    14.168684522278));
#3486 = CARTESIAN_POINT('',(-12.28764259926,4.617111299469,
    14.163237588899));
#3487 = CARTESIAN_POINT('',(-12.29195966353,4.617724444078,
    14.159607691153));
#3488 = CARTESIAN_POINT('',(-12.29628351,4.618336294753,14.155979227545)
  );
#3489 = CARTESIAN_POINT('',(-12.30061410495,4.618946838878,
    14.152352241045));
#3490 = CARTESIAN_POINT('',(-12.30495141465,4.619556063846,
    14.148726774608));
#3491 = CARTESIAN_POINT('',(-12.30929540538,4.620163957037,
    14.145102871215));
#3492 = CARTESIAN_POINT('',(-12.31364604342,4.620770505849,
    14.141480573813));
#3493 = CARTESIAN_POINT('',(-12.31800329505,4.621375697659,
    14.137859925386));
#3494 = CARTESIAN_POINT('',(-12.32236712654,4.621979519862,
    14.134240968885));
#3495 = CARTESIAN_POINT('',(-12.32673750418,4.622581959843,
    14.130623747285));
#3496 = CARTESIAN_POINT('',(-12.33111439423,4.623183004989,
    14.127008303547));
#3497 = CARTESIAN_POINT('',(-12.3442645005,4.62498191809,14.116167434817
    ));
#3498 = CARTESIAN_POINT('',(-12.35305717332,4.626175558633,
    14.10894749366));
#3499 = CARTESIAN_POINT('',(-12.36187548609,4.627363468525,
    14.101735176638));
#3500 = CARTESIAN_POINT('',(-12.37071914343,4.62854555197,
    14.094530803227));
#3501 = CARTESIAN_POINT('',(-12.37958785,4.629721713173,14.087334692896)
  );
#3502 = CARTESIAN_POINT('',(-12.38848131041,4.630891856338,
    14.080147165124));
#3503 = CARTESIAN_POINT('',(-12.39739922932,4.632055885673,
    14.072968539378));
#3504 = CARTESIAN_POINT('',(-12.40634131134,4.633213705379,
    14.065799135139));
#3505 = CARTESIAN_POINT('',(-12.41530726113,4.634365219665,
    14.058639271874));
#3506 = CARTESIAN_POINT('',(-12.42429678332,4.635510332733,
    14.05148926906));
#3507 = CARTESIAN_POINT('',(-12.43330958254,4.636648948789,
    14.04434944617));
#3508 = CARTESIAN_POINT('',(-12.46125044497,4.640149443796,
    14.022303820068));
#3509 = CARTESIAN_POINT('',(-12.48025652755,4.642488927166,
    14.007433895474));
#3510 = CARTESIAN_POINT('',(-12.49936045445,4.644798669921,
    13.992612785696));
#3511 = CARTESIAN_POINT('',(-12.51855906897,4.647077919838,
    13.977842927525));
#3512 = CARTESIAN_POINT('',(-12.53784921437,4.649325924685,
    13.963126757769));
#3513 = CARTESIAN_POINT('',(-12.55722773397,4.651541932245,
    13.948466713214));
#3514 = CARTESIAN_POINT('',(-12.57669147103,4.653725190282,
    13.93386523067));
#3515 = CARTESIAN_POINT('',(-12.59623726885,4.655874946579,
    13.919324746924));
#3516 = CARTESIAN_POINT('',(-12.61586197072,4.657990448902,
    13.904847698783));
#3517 = CARTESIAN_POINT('',(-12.63556241992,4.660070945031,
    13.890436523039));
#3518 = CARTESIAN_POINT('',(-12.65533545974,4.662115682737,
    13.876093656493));
#3519 = CARTESIAN_POINT('',(-12.71518092299,4.668172552472,
    13.83304853633));
#3520 = CARTESIAN_POINT('',(-12.75546394637,4.672073710872,
    13.804561200167));
#3521 = CARTESIAN_POINT('',(-12.79599887149,4.675821832184,
    13.776376379125));
#3522 = CARTESIAN_POINT('',(-12.83675643181,4.679411888879,
    13.748509970514));
#3523 = CARTESIAN_POINT('',(-12.87770622637,4.682839378726,
    13.72097691726));
#3524 = CARTESIAN_POINT('',(-12.91881671974,4.686100324769,
    13.69379120794));
#3525 = CARTESIAN_POINT('',(-12.9600552421,4.689191275356,
    13.666965876732));
#3526 = CARTESIAN_POINT('',(-13.00138798916,4.692109304106,
    13.640513003477));
#3527 = CARTESIAN_POINT('',(-13.04278002221,4.69485200994,
    13.614443713615));
#3528 = CARTESIAN_POINT('',(-13.0841952681,4.697417517059,
    13.588768178239));
#3529 = CARTESIAN_POINT('',(-13.12559651926,4.699804474955,
    13.563495614056));
#3530 = CARTESIAN_POINT('',(-13.23373596597,4.705577948251,
    13.498475997983));
#3531 = CARTESIAN_POINT('',(-13.30034433848,4.708695812073,
    13.45939284898));
#3532 = CARTESIAN_POINT('',(-13.36693610834,4.711221383901,
    13.421406938147));
#3533 = CARTESIAN_POINT('',(-13.43234123387,4.713602408463,
    13.384598679523));
#3534 = CARTESIAN_POINT('',(-13.49801531378,4.715101396134,
    13.348880397402));
#3535 = CARTESIAN_POINT('',(-13.56268042107,4.716239759849,
    13.31440956782));
#3536 = CARTESIAN_POINT('',(-13.62540658067,4.71738296594,13.28119214417
    ));
#3537 = CARTESIAN_POINT('',(-13.68779843221,4.717743886476,
    13.249008708275));
#3538 = CARTESIAN_POINT('',(-13.74978595336,4.717270178369,
    13.218014205067));
#3539 = CARTESIAN_POINT('',(-13.80721790706,4.717669518258,
    13.188771540162));
#3540 = CARTESIAN_POINT('',(-13.86195652862,4.71798217409,
    13.160636134429));
#3541 = CARTESIAN_POINT('',(-13.99224812686,4.710630406657,
    13.10156296807));
#3542 = CARTESIAN_POINT('',(-14.05967798166,4.706188469492,
    13.071839257346));
#3543 = CARTESIAN_POINT('',(-14.12770657372,4.701069768347,
    13.042681565342));
#3544 = CARTESIAN_POINT('',(-14.19634007609,4.695268457232,
    13.014071327073));
#3545 = CARTESIAN_POINT('',(-14.26557968207,4.688778235946,
    12.985986945539));
#3546 = CARTESIAN_POINT('',(-14.33542096313,4.681591343302,
    12.958403595609));
#3547 = CARTESIAN_POINT('',(-14.4058532268,4.673697550398,
    12.931293027922));
#3548 = CARTESIAN_POINT('',(-14.47685887461,4.665083153834,
    12.904623372776));
#3549 = CARTESIAN_POINT('',(-14.54841275999,4.655729968983,
    12.878358944018));
#3550 = CARTESIAN_POINT('',(-14.62048154619,4.645614323213,
    12.852460042941));
#3551 = CARTESIAN_POINT('',(-14.69302306419,4.634706049148,
    12.826882762171));
#3552 = CARTESIAN_POINT('',(-14.80246697383,4.617098192284,
    12.788926803264));
#3553 = CARTESIAN_POINT('',(-14.83905411013,4.611020759291,12.7763438074
    ));
#3554 = CARTESIAN_POINT('',(-14.8757401916,4.60473078786,12.763823346104
    ));
#3555 = CARTESIAN_POINT('',(-14.91251814518,4.598223023605,
    12.751359156989));
#3556 = CARTESIAN_POINT('',(-14.94938071261,4.591491348821,
    12.738945171152));
#3557 = CARTESIAN_POINT('',(-14.98632045051,4.584528782482,
    12.726575513172));
#3558 = CARTESIAN_POINT('',(-15.02332973031,4.577327480246,
    12.714244501115));
#3559 = CARTESIAN_POINT('',(-15.06040073828,4.569878734444,
    12.701946646527));
#3560 = CARTESIAN_POINT('',(-15.09752547555,4.562172974096,
    12.68967665444));
#3561 = CARTESIAN_POINT('',(-15.13469575807,4.554199764894,
    12.677429423367));
#3562 = CARTESIAN_POINT('',(-15.17190321662,4.545947809217,
    12.665200045309));
#3563 = CARTESIAN_POINT('',(-15.22775733696,4.533133514572,
    12.646875685966));
#3564 = CARTESIAN_POINT('',(-15.24638267593,4.528789268524,
    12.640770990719));
#3565 = CARTESIAN_POINT('',(-15.26501435027,4.524370635982,
    12.634669232424));
#3566 = CARTESIAN_POINT('',(-15.28365141363,4.519875982322,
    12.62856996025));
#3567 = CARTESIAN_POINT('',(-15.30229293681,4.515303610285,
    12.622472760114));
#3568 = CARTESIAN_POINT('',(-15.32093800773,4.510651759995,
    12.616377254681));
#3569 = CARTESIAN_POINT('',(-15.33958573148,4.505918608932,
    12.610283103367));
#3570 = CARTESIAN_POINT('',(-15.35823523026,4.501102271961,
    12.604190002338));
#3571 = CARTESIAN_POINT('',(-15.37688564344,4.496200801304,
    12.598097684505));
#3572 = CARTESIAN_POINT('',(-15.39553612749,4.491212186566,
    12.592005919533));
#3573 = CARTESIAN_POINT('',(-15.41418585608,4.486134354715,
    12.585914513833));
#3574 = CARTESIAN_POINT('',(-15.43749606093,4.479672873937,
    12.57830050975));
#3575 = CARTESIAN_POINT('',(-15.44215800341,4.47837487025,
    12.576777720242));
#3576 = CARTESIAN_POINT('',(-15.4468198333,4.477071124471,
    12.575254938788));
#3577 = CARTESIAN_POINT('',(-15.45148153646,4.475761602046,
    12.573732162136));
#3578 = CARTESIAN_POINT('',(-15.4561430988,4.47444626841,12.572209387031
    ));
#3579 = CARTESIAN_POINT('',(-15.46080450618,4.473125089014,
    12.570686610221));
#3580 = CARTESIAN_POINT('',(-15.4654657445,4.471798029289,
    12.569163828452));
#3581 = CARTESIAN_POINT('',(-15.47012679963,4.470465054686,
    12.567641038471));
#3582 = CARTESIAN_POINT('',(-15.47478765747,4.46912613064,
    12.566118237024));
#3583 = CARTESIAN_POINT('',(-15.47944830389,4.467781222597,
    12.564595420858));
#3584 = CARTESIAN_POINT('',(-15.48410872478,4.466430295997,
    12.563072586719));
#3585 = CARTESIAN_POINT('',(-15.49342908726,4.463716336565,
    12.560026875989));
#3586 = CARTESIAN_POINT('',(-15.49807687408,4.46235879451,
    12.558493062105));
#3587 = CARTESIAN_POINT('',(-15.50271555939,4.460998513787,
    12.556951416362));
#3588 = CARTESIAN_POINT('',(-15.50736126501,4.459628615981,
    12.555416350806));
#3589 = CARTESIAN_POINT('',(-15.51201608444,4.45824836492,
    12.553889699505));
#3590 = CARTESIAN_POINT('',(-15.51667241579,4.456861091239,
    12.552364645637));
#3591 = CARTESIAN_POINT('',(-15.52132507737,4.45546900603,
    12.550836556386));
#3592 = CARTESIAN_POINT('',(-15.52597720963,4.454070742826,
    12.549308244878));
#3593 = CARTESIAN_POINT('',(-15.53063537764,4.452663497578,
    12.547785580443));
#3594 = CARTESIAN_POINT('',(-15.53529869961,4.451247666687,
    12.546267770314));
#3595 = CARTESIAN_POINT('',(-15.53995623748,4.449827913542,
    12.544745037938));
#3596 = CARTESIAN_POINT('',(-15.55393641542,4.445546046205,
    12.540184398907));
#3597 = CARTESIAN_POINT('',(-15.56326026169,4.442664476138,
    12.537148238877));
#3598 = CARTESIAN_POINT('',(-15.57258095601,4.439757882298,
    12.534110469603));
#3599 = CARTESIAN_POINT('',(-15.58189618322,4.43682665517,
    12.531069176383));
#3600 = CARTESIAN_POINT('',(-15.59120687674,4.433870065921,
    12.528025262686));
#3601 = CARTESIAN_POINT('',(-15.60051590261,4.430886724669,
    12.524981307797));
#3602 = CARTESIAN_POINT('',(-15.60982674356,4.427875038744,
    12.521940424461));
#3603 = CARTESIAN_POINT('',(-15.6191421831,4.424833670959,
    12.518905116518));
#3604 = CARTESIAN_POINT('',(-15.62846298961,4.421761997867,
    12.515876136553));
#3605 = CARTESIAN_POINT('',(-15.63778660037,4.418660568037,
    12.512851343534));
#3606 = CARTESIAN_POINT('',(-15.64710580567,4.415531560312,
    12.509824560457));
#3607 = CARTESIAN_POINT('',(-15.65640743291,4.412379242076,
    12.506784431984));
#3608 = ORIENTED_EDGE('',*,*,#3609,.F.);
#3609 = EDGE_CURVE('',#583,#3416,#3610,.T.);
#3610 = ( BOUNDED_CURVE() B_SPLINE_CURVE(2,(#3611,#3612,#3613),
.UNSPECIFIED.,.F.,.F.) B_SPLINE_CURVE_WITH_KNOTS((3,3),(0.,
3.345321745588),.PIECEWISE_BEZIER_KNOTS.) CURVE() 
GEOMETRIC_REPRESENTATION_ITEM() RATIONAL_B_SPLINE_CURVE((1.,
0.795237589899,1.)) REPRESENTATION_ITEM('') );
#3611 = CARTESIAN_POINT('',(-14.8146703601,6.075718176052,
    11.492956195925));
#3612 = CARTESIAN_POINT('',(-14.68364823321,4.758732796863,
    11.661846565527));
#3613 = CARTESIAN_POINT('',(-15.65640743291,4.412379242076,
    12.506784431984));
#3614 = ORIENTED_EDGE('',*,*,#591,.F.);
#3615 = ( BOUNDED_SURFACE() B_SPLINE_SURFACE(2,12,(
    (#3616,#3617,#3618,#3619,#3620,#3621,#3622,#3623,#3624,#3625,#3626
      ,#3627,#3628,#3629,#3630,#3631,#3632,#3633,#3634,#3635,#3636,#3637
      ,#3638,#3639,#3640,#3641,#3642,#3643,#3644,#3645,#3646,#3647,#3648
      ,#3649,#3650,#3651,#3652,#3653,#3654,#3655,#3656,#3657,#3658,#3659
      ,#3660,#3661,#3662,#3663,#3664,#3665,#3666,#3667,#3668,#3669,#3670
      ,#3671,#3672,#3673,#3674,#3675,#3676,#3677,#3678,#3679,#3680,#3681
      ,#3682,#3683,#3684,#3685,#3686,#3687,#3688,#3689,#3690,#3691,#3692
      ,#3693,#3694,#3695,#3696,#3697,#3698,#3699,#3700,#3701,#3702,#3703
      ,#3704,#3705,#3706,#3707,#3708,#3709,#3710,#3711,#3712,#3713,#3714
      ,#3715,#3716,#3717,#3718,#3719,#3720,#3721,#3722,#3723,#3724,#3725
      ,#3726,#3727,#3728,#3729,#3730,#3731,#3732,#3733,#3734,#3735,#3736
      ,#3737,#3738,#3739,#3740,#3741,#3742,#3743,#3744,#3745,#3746,#3747
      ,#3748,#3749,#3750,#3751,#3752,#3753,#3754,#3755,#3756,#3757,#3758
      ,#3759,#3760,#3761,#3762,#3763,#3764,#3765,#3766,#3767,#3768,#3769
      ,#3770,#3771,#3772,#3773,#3774,#3775,#3776,#3777,#3778,#3779,#3780
      ,#3781,#3782,#3783,#3784,#3785,#3786,#3787,#3788,#3789,#3790,#3791
      ,#3792,#3793,#3794,#3795,#3796,#3797,#3798,#3799,#3800,#3801,#3802
      ,#3803,#3804)
    ,(#3805,#3806,#3807,#3808,#3809,#3810,#3811,#3812,#3813,#3814,#3815
      ,#3816,#3817,#3818,#3819,#3820,#3821,#3822,#3823,#3824,#3825,#3826
      ,#3827,#3828,#3829,#3830,#3831,#3832,#3833,#3834,#3835,#3836,#3837
      ,#3838,#3839,#3840,#3841,#3842,#3843,#3844,#3845,#3846,#3847,#3848
      ,#3849,#3850,#3851,#3852,#3853,#3854,#3855,#3856,#3857,#3858,#3859
      ,#3860,#3861,#3862,#3863,#3864,#3865,#3866,#3867,#3868,#3869,#3870
      ,#3871,#3872,#3873,#3874,#3875,#3876,#3877,#3878,#3879,#3880,#3881
      ,#3882,#3883,#3884,#3885,#3886,#3887,#3888,#3889,#3890,#3891,#3892
      ,#3893,#3894,#3895,#3896,#3897,#3898,#3899,#3900,#3901,#3902,#3903
      ,#3904,#3905,#3906,#3907,#3908,#3909,#3910,#3911,#3912,#3913,#3914
      ,#3915,#3916,#3917,#3918,#3919,#3920,#3921,#3922,#3923,#3924,#3925
      ,#3926,#3927,#3928,#3929,#3930,#3931,#3932,#3933,#3934,#3935,#3936
      ,#3937,#3938,#3939,#3940,#3941,#3942,#3943,#3944,#3945,#3946,#3947
      ,#3948,#3949,#3950,#3951,#3952,#3953,#3954,#3955,#3956,#3957,#3958
      ,#3959,#3960,#3961,#3962,#3963,#3964,#3965,#3966,#3967,#3968,#3969
      ,#3970,#3971,#3972,#3973,#3974,#3975,#3976,#3977,#3978,#3979,#3980
      ,#3981,#3982,#3983,#3984,#3985,#3986,#3987,#3988,#3989,#3990,#3991
      ,#3992,#3993)
    ,(#3994,#3995,#3996,#3997,#3998,#3999,#4000,#4001,#4002,#4003,#4004
      ,#4005,#4006,#4007,#4008,#4009,#4010,#4011,#4012,#4013,#4014,#4015
      ,#4016,#4017,#4018,#4019,#4020,#4021,#4022,#4023,#4024,#4025,#4026
      ,#4027,#4028,#4029,#4030,#4031,#4032,#4033,#4034,#4035,#4036,#4037
      ,#4038,#4039,#4040,#4041,#4042,#4043,#4044,#4045,#4046,#4047,#4048
      ,#4049,#4050,#4051,#4052,#4053,#4054,#4055,#4056,#4057,#4058,#4059
      ,#4060,#4061,#4062,#4063,#4064,#4065,#4066,#4067,#4068,#4069,#4070
      ,#4071,#4072,#4073,#4074,#4075,#4076,#4077,#4078,#4079,#4080,#4081
      ,#4082,#4083,#4084,#4085,#4086,#4087,#4088,#4089,#4090,#4091,#4092
      ,#4093,#4094,#4095,#4096,#4097,#4098,#4099,#4100,#4101,#4102,#4103
      ,#4104,#4105,#4106,#4107,#4108,#4109,#4110,#4111,#4112,#4113,#4114
      ,#4115,#4116,#4117,#4118,#4119,#4120,#4121,#4122,#4123,#4124,#4125
      ,#4126,#4127,#4128,#4129,#4130,#4131,#4132,#4133,#4134,#4135,#4136
      ,#4137,#4138,#4139,#4140,#4141,#4142,#4143,#4144,#4145,#4146,#4147
      ,#4148,#4149,#4150,#4151,#4152,#4153,#4154,#4155,#4156,#4157,#4158
      ,#4159,#4160,#4161,#4162,#4163,#4164,#4165,#4166,#4167,#4168,#4169
      ,#4170,#4171,#4172,#4173,#4174,#4175,#4176,#4177,#4178,#4179,#4180
      ,#4181,#4182
)),.UNSPECIFIED.,.F.,.F.,.F.) B_SPLINE_SURFACE_WITH_KNOTS((3,3),(13,11,
    11,11,11,11,11,11,11,11,11,11,11,11,11,11,11,13),(0.,3.345321745588)
  ,(3.037990412E-08,1.77319673517E-03,3.546363090435E-03,
    7.092695800967E-03,1.418536122203E-02,2.837069206415E-02,
    5.67413537484E-02,0.113482677117,0.226965323854,0.464399001966,
    0.943072027705,1.716268292627,2.530795034297,2.938058405133,
    3.14169009055,3.192598011905,3.243505933259,3.345321775968),
.UNSPECIFIED.) GEOMETRIC_REPRESENTATION_ITEM() RATIONAL_B_SPLINE_SURFACE
((
    (1.,1.,1.,1.,0.999999999999,1.000000000001,0.999999999999
      ,1.000000000001,1.,1.,1.,1.,1.,1.,1.,1.,1.,1.,1.,1.,1.,1.,1.,1.,1.
      ,1.,1.,1.,1.,1.,1.,1.,1.,1.,1.,1.,0.999999999999,1.000000000002
      ,0.999999999997,1.000000000003,0.999999999997,1.000000000002
      ,0.999999999999,1.,1.,1.,1.,0.999999999999,1.000000000001
      ,0.999999999998,1.000000000002,0.999999999999,1.000000000001,1.,1.
      ,1.,1.,1.,1.,1.,0.999999999999,1.000000000001,0.999999999999
      ,1.000000000001,1.,1.,1.,1.,1.,1.000000000001,0.999999999998
      ,1.000000000002,0.999999999997,1.000000000002,0.999999999998
      ,1.000000000001,1.,1.,1.,1.,0.999999999999,1.000000000001
      ,0.999999999999,1.000000000002,0.999999999999,1.000000000001,1.,1.
      ,1.,1.,0.999999999999,1.000000000001,0.999999999998,1.000000000003
      ,0.999999999997,1.000000000003,0.999999999998,1.000000000001,1.,1.
      ,1.,1.,0.999999999999,1.000000000001,0.999999999998,1.000000000002
      ,0.999999999999,1.000000000001,1.,1.,1.,1.,1.000000000001
      ,0.999999999998,1.000000000003,0.999999999995,1.000000000006
      ,0.999999999995,1.000000000003,0.999999999998,1.000000000001,1.,1.
      ,1.000000000001,0.999999999998,1.000000000003,0.999999999995
      ,1.000000000006,0.999999999995,1.000000000004,0.999999999998
      ,1.000000000001,1.,1.,1.,1.000000000001,0.999999999998
      ,1.000000000003,0.999999999997,1.000000000002,0.999999999999
      ,1.000000000001,1.,1.,1.,1.,1.,0.999999999999,1.000000000001
      ,0.999999999998,1.000000000002,0.999999999999,1.000000000001,1.,1.
      ,1.,1.,0.999999999999,1.000000000002,0.999999999998,1.000000000002
      ,0.999999999998,1.000000000001,0.999999999999,1.,1.,1.
      ,0.999999999999,1.000000000002,0.999999999997,1.000000000004
      ,0.999999999995,1.000000000004,0.999999999997,1.000000000001,1.,1.
      ,1.,1.,1.000000000001,0.999999999999,1.000000000001,0.999999999998
      ,1.000000000001,0.999999999999,1.,1.,1.,1.)
    ,(1.,1.,0.999999999004,0.999999997028,0.999999994029,0.999999990087
      ,0.999999985088,0.999999979157,0.999999972189,0.99999996425
      ,0.999999955309,0.999999945377,0.999999923524,0.999999911604
      ,0.999999898691,0.999999884781,0.999999869882,0.999999853983
      ,0.999999837096,0.999999819209,0.999999800332,0.999999780459
      ,0.999999759591,0.999999694005,0.999999646302,0.999999594621
      ,0.999999538958,0.999999479318,0.999999415693,0.999999348089
      ,0.999999276501,0.99999920093,0.999999121376,0.999999037836
      ,0.999998775262,0.999998584271,0.999998377333,0.999998154444
      ,0.999997915594,0.999997660786,0.999997390004,0.999997103252
      ,0.999996800518,0.9999964818,0.99999614709,0.999995094975
      ,0.99999432958,0.999993500157,0.999992606666,0.999991649058
      ,0.999990627302,0.999989541342,0.999988391147,0.999987176667
      ,0.999985897865,0.999984554694,0.999980331956,0.999977259142
      ,0.999973928356,0.999970339276,0.999966491587,0.999962384967
      ,0.9999580191,0.999953393665,0.999948508346,0.999943362822
      ,0.999937956775,0.99992095611,0.999908578684,0.999895155397
      ,0.999880684032,0.999865162379,0.999848588221,0.99983095935
      ,0.999812273546,0.999792528601,0.999771722299,0.999749852426
      ,0.999681045459,0.999630906357,0.99957648726,0.999517775965
      ,0.999454760262,0.999387427957,0.999315766834,0.999239764698
      ,0.999159409337,0.999074688553,0.998985590138,0.998696501419
      ,0.998481589793,0.998247362009,0.997993813052,0.997720937933
      ,0.997428731623,0.997117189143,0.996786305461,0.996436075592
      ,0.996066494518,0.99567755724,0.994446117415,0.993544813316
      ,0.9925658754,0.991510121853,0.99037866007,0.989172886703
      ,0.987894487596,0.986545437857,0.985128001792,0.983644732956
      ,0.98209847412,0.977898011108,0.975152893022,0.972232860535
      ,0.969266315399,0.966092845213,0.962841490968,0.959624806835
      ,0.956286228173,0.95281069606,0.949617296406,0.946603146779
      ,0.938393545429,0.933996642135,0.929412308286,0.92463878662
      ,0.919674895823,0.914520182649,0.909175073881,0.903641028502
      ,0.897920689637,0.8920180367,0.885938537391,0.876564680977
      ,0.873397514136,0.870188784965,0.866939498462,0.863650678938
      ,0.860323369976,0.856958634491,0.853557554659,0.850121231987
      ,0.846650787256,0.843147360558,0.837844486637,0.836068875057
      ,0.834285398468,0.832494173597,0.830695311984,0.82888891996
      ,0.827075098675,0.825253944065,0.823425546885,0.821589992681
      ,0.81974736181,0.817435321334,0.816972475831,0.816509194393
      ,0.816045478505,0.815581329633,0.815116749267,0.814651738871
      ,0.814186299935,0.813720433926,0.813254142327,0.812787426612
      ,0.811853149909,0.811388458276,0.810925426137,0.810460251514
      ,0.809992441441,0.809523787601,0.809055510037,0.808586866517
      ,0.808116307911,0.807644041047,0.807172643296,0.805755176867
      ,0.804807332021,0.803858232745,0.80290841008,0.801957625254
      ,0.801005181615,0.80005023659,0.799092113607,0.798130614054
      ,0.79716632921,0.796200952193,0.795237589899)
    ,(1.,1.,1.,1.,0.999999999999,1.000000000001,0.999999999999
      ,1.000000000001,1.,1.,1.,1.,1.,1.,1.,1.,1.,1.,1.,1.,1.,1.,1.,1.,1.
      ,1.,1.,1.,1.,1.,1.,1.,1.,1.,1.,1.,0.999999999999,1.000000000002
      ,0.999999999997,1.000000000003,0.999999999997,1.000000000002
      ,0.999999999999,1.,1.,1.,1.,0.999999999999,1.000000000001
      ,0.999999999998,1.000000000002,0.999999999999,1.000000000001,1.,1.
      ,1.,1.,1.,1.,1.,0.999999999999,1.000000000001,0.999999999999
      ,1.000000000001,1.,1.,1.,1.,1.,1.000000000001,0.999999999998
      ,1.000000000002,0.999999999997,1.000000000002,0.999999999998
      ,1.000000000001,1.,1.,1.,1.,0.999999999999,1.000000000001
      ,0.999999999999,1.000000000002,0.999999999999,1.000000000001,1.,1.
      ,1.,1.,0.999999999999,1.000000000001,0.999999999998,1.000000000003
      ,0.999999999997,1.000000000003,0.999999999998,1.000000000001,1.,1.
      ,1.,1.,0.999999999999,1.000000000001,0.999999999998,1.000000000002
      ,0.999999999999,1.000000000001,1.,1.,1.,1.,1.000000000001
      ,0.999999999998,1.000000000003,0.999999999995,1.000000000006
      ,0.999999999995,1.000000000003,0.999999999998,1.000000000001,1.,1.
      ,1.000000000001,0.999999999998,1.000000000003,0.999999999995
      ,1.000000000006,0.999999999995,1.000000000004,0.999999999998
      ,1.000000000001,1.,1.,1.,1.000000000001,0.999999999998
      ,1.000000000003,0.999999999997,1.000000000002,0.999999999999
      ,1.000000000001,1.,1.,1.,1.,1.,0.999999999999,1.000000000001
      ,0.999999999998,1.000000000002,0.999999999999,1.000000000001,1.,1.
      ,1.,1.,0.999999999999,1.000000000002,0.999999999998,1.000000000002
      ,0.999999999998,1.000000000001,0.999999999999,1.,1.,1.
      ,0.999999999999,1.000000000002,0.999999999997,1.000000000004
      ,0.999999999995,1.000000000004,0.999999999997,1.000000000001,1.,1.
      ,1.,1.,1.000000000001,0.999999999999,1.000000000001,0.999999999998
,1.000000000001,0.999999999999,1.,1.,1.,1.
))) REPRESENTATION_ITEM('') SURFACE() );
#3616 = CARTESIAN_POINT('',(-12.23206614331,4.609042037999,
    14.210526305015));
#3617 = CARTESIAN_POINT('',(-12.23219864006,4.609060905981,
    14.210412255126));
#3618 = CARTESIAN_POINT('',(-12.23214893589,4.609822324368,
    14.210455037689));
#3619 = CARTESIAN_POINT('',(-12.23277119715,4.607845043535,
    14.209919407619));
#3620 = CARTESIAN_POINT('',(-12.23176995076,4.612484675819,
    14.210781250896));
#3621 = CARTESIAN_POINT('',(-12.23357818841,4.605673768384,
    14.20922475884));
#3622 = CARTESIAN_POINT('',(-12.23177293287,4.613590317022,
    14.210778670035));
#3623 = CARTESIAN_POINT('',(-12.23346918932,4.607235841911,
    14.209318565497));
#3624 = CARTESIAN_POINT('',(-12.23261570344,4.611273315478,
    14.210053214017));
#3625 = CARTESIAN_POINT('',(-12.23313079467,4.609732923961,
    14.209609823938));
#3626 = CARTESIAN_POINT('',(-12.23312805335,4.610303068347,
    14.209612169658));
#3627 = CARTESIAN_POINT('',(-12.23325050244,4.610362993168,
    14.209506753038));
#3628 = CARTESIAN_POINT('',(-12.23346588077,4.610603189143,
    14.209321326651));
#3629 = CARTESIAN_POINT('',(-12.23357357345,4.610723289278,
    14.209228608887));
#3630 = CARTESIAN_POINT('',(-12.23368126963,4.610843391559,
    14.209135886558));
#3631 = CARTESIAN_POINT('',(-12.23378896932,4.610963495987,
    14.209043159651));
#3632 = CARTESIAN_POINT('',(-12.23389667251,4.611083602555,
    14.208950428187));
#3633 = CARTESIAN_POINT('',(-12.23400437921,4.611203711271,
    14.208857692135));
#3634 = CARTESIAN_POINT('',(-12.23411208942,4.611323822122,
    14.20876495153));
#3635 = CARTESIAN_POINT('',(-12.23421980314,4.611443935118,
    14.208672206337));
#3636 = CARTESIAN_POINT('',(-12.23432752036,4.611564050248,
    14.208579456583));
#3637 = CARTESIAN_POINT('',(-12.2344352411,4.611684167518,
    14.208486702251));
#3638 = CARTESIAN_POINT('',(-12.23454296534,4.611804286923,
    14.208393943347));
#3639 = CARTESIAN_POINT('',(-12.2348661486,4.612164651542,
    14.208115652914));
#3640 = CARTESIAN_POINT('',(-12.23508161814,4.612404903161,
    14.207930107664));
#3641 = CARTESIAN_POINT('',(-12.23529710173,4.612645163308,
    14.207744544116));
#3642 = CARTESIAN_POINT('',(-12.23551259936,4.612885431974,
    14.207558962264));
#3643 = CARTESIAN_POINT('',(-12.23572811103,4.613125709147,
    14.207373362108));
#3644 = CARTESIAN_POINT('',(-12.23594363675,4.613365994821,
    14.207187743637));
#3645 = CARTESIAN_POINT('',(-12.23615917652,4.613606288979,
    14.207002106858));
#3646 = CARTESIAN_POINT('',(-12.23637473035,4.613846591619,
    14.206816451755));
#3647 = CARTESIAN_POINT('',(-12.23659029823,4.614086902722,
    14.206630778335));
#3648 = CARTESIAN_POINT('',(-12.23680588017,4.614327222285,
    14.206445086586));
#3649 = CARTESIAN_POINT('',(-12.23702147617,4.614567550293,
    14.206259376508));
#3650 = CARTESIAN_POINT('',(-12.23766830637,4.615288559629,
    14.205702191273));
#3651 = CARTESIAN_POINT('',(-12.23809958276,4.615769266266,
    14.205330661114));
#3652 = CARTESIAN_POINT('',(-12.23853091542,4.616250006567,
    14.204959057592));
#3653 = CARTESIAN_POINT('',(-12.23896230439,4.616730780452,
    14.204587380665));
#3654 = CARTESIAN_POINT('',(-12.23939374967,4.617211587834,
    14.204215630322));
#3655 = CARTESIAN_POINT('',(-12.2398252513,4.617692428639,
    14.203843806501));
#3656 = CARTESIAN_POINT('',(-12.24025680928,4.618173302773,
    14.203471909208));
#3657 = CARTESIAN_POINT('',(-12.24068842366,4.618654210166,
    14.203099938374));
#3658 = CARTESIAN_POINT('',(-12.24112009443,4.619135150727,14.202727894)
  );
#3659 = CARTESIAN_POINT('',(-12.24155182163,4.619616124379,
    14.202355776032));
#3660 = CARTESIAN_POINT('',(-12.24198360528,4.620097131037,
    14.20198358445));
#3661 = CARTESIAN_POINT('',(-12.24327912563,4.621540249786,
    14.200866788757));
#3662 = CARTESIAN_POINT('',(-12.24414303174,4.622502460653,
    14.200121963704));
#3663 = CARTESIAN_POINT('',(-12.24500716389,4.623464802563,
    14.199376843804));
#3664 = CARTESIAN_POINT('',(-12.24587152225,4.624427274851,
    14.198631428811));
#3665 = CARTESIAN_POINT('',(-12.246736107,4.625389876863,14.197885718459
    ));
#3666 = CARTESIAN_POINT('',(-12.2476009183,4.62635260793,14.197139712512
    ));
#3667 = CARTESIAN_POINT('',(-12.24846595633,4.627315467402,
    14.196393410695));
#3668 = CARTESIAN_POINT('',(-12.24933122126,4.628278454607,
    14.195646812776));
#3669 = CARTESIAN_POINT('',(-12.25019671327,4.629241568894,
    14.194899918485));
#3670 = CARTESIAN_POINT('',(-12.25106243251,4.630204809596,
    14.19415272758));
#3671 = CARTESIAN_POINT('',(-12.25192837916,4.631168176056,
    14.193405239801));
#3672 = CARTESIAN_POINT('',(-12.25452690188,4.634058650725,
    14.19116188509));
#3673 = CARTESIAN_POINT('',(-12.25626016066,4.635986134264,
    14.189665126819));
#3674 = CARTESIAN_POINT('',(-12.25799433115,4.637914112893,
    14.188167178015));
#3675 = CARTESIAN_POINT('',(-12.25972941475,4.639842581282,
    14.186668036606));
#3676 = CARTESIAN_POINT('',(-12.26146541285,4.641771534093,
    14.185167700526));
#3677 = CARTESIAN_POINT('',(-12.26320232685,4.643700965995,
    14.183666167702));
#3678 = CARTESIAN_POINT('',(-12.26494015814,4.645630871652,
    14.182163436067));
#3679 = CARTESIAN_POINT('',(-12.26667890813,4.647561245732,
    14.180659503549));
#3680 = CARTESIAN_POINT('',(-12.26841857821,4.649492082899,
    14.179154368079));
#3681 = CARTESIAN_POINT('',(-12.27015916977,4.65142337782,
    14.177648027588));
#3682 = CARTESIAN_POINT('',(-12.27190068422,4.653355125161,
    14.176140480006));
#3683 = CARTESIAN_POINT('',(-12.27712800043,4.659151708442,
    14.171614209776));
#3684 = CARTESIAN_POINT('',(-12.28061657453,4.663017886234,
    14.168591860349));
#3685 = CARTESIAN_POINT('',(-12.28410885698,4.666885809546,
    14.165564657649));
#3686 = CARTESIAN_POINT('',(-12.28760485947,4.670755434958,
    14.162532584347));
#3687 = CARTESIAN_POINT('',(-12.29110459375,4.674626719054,
    14.15949562311));
#3688 = CARTESIAN_POINT('',(-12.2946080715,4.67849961841,14.156453756607
    ));
#3689 = CARTESIAN_POINT('',(-12.29811530445,4.682374089613,
    14.153406967508));
#3690 = CARTESIAN_POINT('',(-12.30162630431,4.68625008924,14.15035523848
    ));
#3691 = CARTESIAN_POINT('',(-12.30514108279,4.690127573875,
    14.147298552194));
#3692 = CARTESIAN_POINT('',(-12.3086596516,4.694006500096,
    14.144236891316));
#3693 = CARTESIAN_POINT('',(-12.31218202246,4.697886824488,
    14.141170238518));
#3694 = CARTESIAN_POINT('',(-12.32276057633,4.709531861913,
    14.131955252363));
#3695 = CARTESIAN_POINT('',(-12.32982819423,4.717300649344,
    14.125791901701));
#3696 = CARTESIAN_POINT('',(-12.33691116356,4.725074506954,
    14.119608372474));
#3697 = CARTESIAN_POINT('',(-12.34400958711,4.732853075777,
    14.113404512677));
#3698 = CARTESIAN_POINT('',(-12.35112356764,4.740635996846,
    14.107180170302));
#3699 = CARTESIAN_POINT('',(-12.35825320794,4.748422911193,
    14.100935193347));
#3700 = CARTESIAN_POINT('',(-12.36539861076,4.756213459852,
    14.094669429801));
#3701 = CARTESIAN_POINT('',(-12.3725598789,4.764007283855,
    14.088382727663));
#3702 = CARTESIAN_POINT('',(-12.37973711512,4.771804024236,
    14.082074934924));
#3703 = CARTESIAN_POINT('',(-12.38693042219,4.779603322026,
    14.07574589958));
#3704 = CARTESIAN_POINT('',(-12.39413990291,4.78740481826,
    14.069395469625));
#3705 = CARTESIAN_POINT('',(-12.41648372557,4.811534656323,
    14.049691746939));
#3706 = CARTESIAN_POINT('',(-12.43167320156,4.827869578269,
    14.036265644763));
#3707 = CARTESIAN_POINT('',(-12.4469349871,4.844209302059,
    14.022743715961));
#3708 = CARTESIAN_POINT('',(-12.46226998128,4.860550209949,
    14.00912448997));
#3709 = CARTESIAN_POINT('',(-12.4776790832,4.87688868419,13.995406496229
    ));
#3710 = CARTESIAN_POINT('',(-12.49316319196,4.893221107038,
    13.981588264173));
#3711 = CARTESIAN_POINT('',(-12.50872320664,4.909543860743,
    13.967668323241));
#3712 = CARTESIAN_POINT('',(-12.52436002634,4.925853327563,
    13.953645202868));
#3713 = CARTESIAN_POINT('',(-12.54007455016,4.942145889748,
    13.939517432493));
#3714 = CARTESIAN_POINT('',(-12.5558676772,4.958417929553,
    13.925283541553));
#3715 = CARTESIAN_POINT('',(-12.57174030653,4.974665829231,
    13.910942059485));
#3716 = CARTESIAN_POINT('',(-12.61985509947,5.023586236717,
    13.867358809872));
#3717 = CARTESIAN_POINT('',(-12.6523421198,5.056171566625,
    13.837783933474));
#3718 = CARTESIAN_POINT('',(-12.6851615268,5.088610249552,
    13.807754052308));
#3719 = CARTESIAN_POINT('',(-12.71831882427,5.120869005922,
    13.777257652454));
#3720 = CARTESIAN_POINT('',(-12.75181789125,5.152912987792,
    13.746284540287));
#3721 = CARTESIAN_POINT('',(-12.78566098208,5.184705778851,
    13.714825842494));
#3722 = CARTESIAN_POINT('',(-12.81984872633,5.216209394423,
    13.682874006052));
#3723 = CARTESIAN_POINT('',(-12.85438012885,5.247384281463,
    13.650422798254));
#3724 = CARTESIAN_POINT('',(-12.88925256975,5.278189318562,
    13.617467306681));
#3725 = CARTESIAN_POINT('',(-12.9244618044,5.30858181594,13.584003939225
    ));
#3726 = CARTESIAN_POINT('',(-12.96000196343,5.338517515452,
    13.550030424078));
#3727 = CARTESIAN_POINT('',(-13.05379568837,5.415493574076,
    13.459843120057));
#3728 = CARTESIAN_POINT('',(-13.11265074713,5.461636539282,
    13.402718353833));
#3729 = CARTESIAN_POINT('',(-13.1718099701,5.506784422591,
    13.344812800817));
#3730 = CARTESIAN_POINT('',(-13.23298215092,5.548998967174,
    13.284227395294));
#3731 = CARTESIAN_POINT('',(-13.29328418252,5.590648959934,
    13.224033776557));
#3732 = CARTESIAN_POINT('',(-13.35447057606,5.630070176905,
    13.162339134976));
#3733 = CARTESIAN_POINT('',(-13.41775242648,5.665680160588,
    13.097758922378));
#3734 = CARTESIAN_POINT('',(-13.47995654416,5.699634360811,
    13.033637103032));
#3735 = CARTESIAN_POINT('',(-13.54062614244,5.732428903497,
    12.970560098744));
#3736 = CARTESIAN_POINT('',(-13.60640784785,5.759004539174,
    12.901410009133));
#3737 = CARTESIAN_POINT('',(-13.67406016381,5.781039395419,
    12.829167137553));
#3738 = CARTESIAN_POINT('',(-13.7725232604,5.839252454756,
    12.723427104201));
#3739 = CARTESIAN_POINT('',(-13.8226422134,5.867833402062,
    12.669134995822));
#3740 = CARTESIAN_POINT('',(-13.87235695273,5.895089437,12.614812831574)
  );
#3741 = CARTESIAN_POINT('',(-13.92165800578,5.920974333913,
    12.560476208411));
#3742 = CARTESIAN_POINT('',(-13.97053638483,5.945437215177,
    12.506140669221));
#3743 = CARTESIAN_POINT('',(-14.01898348694,5.96842247539,
    12.451821812932));
#3744 = CARTESIAN_POINT('',(-14.06699099375,5.989869705548,
    12.397535404639));
#3745 = CARTESIAN_POINT('',(-14.11455077132,6.009713617234,
    12.343297485715));
#3746 = CARTESIAN_POINT('',(-14.16165476997,6.02788396679,
    12.289124483921));
#3747 = CARTESIAN_POINT('',(-14.20829492412,6.04430547951,
    12.235033323534));
#3748 = CARTESIAN_POINT('',(-14.2544630521,6.058897773815,
    12.181041535452));
#3749 = CARTESIAN_POINT('',(-14.32299460799,6.077914041246,
    12.100230283246));
#3750 = CARTESIAN_POINT('',(-14.34571832805,6.083773961077,
    12.073322647978));
#3751 = CARTESIAN_POINT('',(-14.36832089397,6.089144475555,
    12.046446709243));
#3752 = CARTESIAN_POINT('',(-14.39080125822,6.094014653598,
    12.019604780323));
#3753 = CARTESIAN_POINT('',(-14.41315834802,6.098373202422,
    11.992799240059));
#3754 = CARTESIAN_POINT('',(-14.43539106533,6.102208467526,
    11.966032532843));
#3755 = CARTESIAN_POINT('',(-14.45749828686,6.105508432713,
    11.939307168628));
#3756 = CARTESIAN_POINT('',(-14.47947886404,6.108260720066,
    11.912625722914));
#3757 = CARTESIAN_POINT('',(-14.50133162305,6.110452589974,
    11.885990836764));
#3758 = CARTESIAN_POINT('',(-14.52305536481,6.112070941106,
    11.859405216789));
#3759 = CARTESIAN_POINT('',(-14.54464886497,6.113102310433,
    11.83287163516));
#3760 = CARTESIAN_POINT('',(-14.57684187842,6.113748154603,
    11.793153576819));
#3761 = CARTESIAN_POINT('',(-14.58754000267,6.113813190045,
    11.779927954168));
#3762 = CARTESIAN_POINT('',(-14.59820508953,6.113726255608,
    11.766716418123));
#3763 = CARTESIAN_POINT('',(-14.60883697849,6.113485593082,
    11.753519331942));
#3764 = CARTESIAN_POINT('',(-14.61943550573,6.113089409957,
    11.740337065656));
#3765 = CARTESIAN_POINT('',(-14.63000050409,6.112535879456,
    11.72716999608));
#3766 = CARTESIAN_POINT('',(-14.64053180307,6.111823140487,
    11.714018506797));
#3767 = CARTESIAN_POINT('',(-14.65102922886,6.110949297701,
    11.70088298818));
#3768 = CARTESIAN_POINT('',(-14.66149260431,6.109912421436,
    11.687763837367));
#3769 = CARTESIAN_POINT('',(-14.67192174895,6.108710547762,
    11.674661458284));
#3770 = CARTESIAN_POINT('',(-14.68231647896,6.10734167845,
    11.661576261627));
#3771 = CARTESIAN_POINT('',(-14.69526663928,6.105419306624,
    11.645241765687));
#3772 = CARTESIAN_POINT('',(-14.69785450876,6.105024268405,
    11.64197596639));
#3773 = CARTESIAN_POINT('',(-14.70044021256,6.104618632786,
    11.638711273799));
#3774 = CARTESIAN_POINT('',(-14.70302374756,6.104202366222,
    11.635447694725));
#3775 = CARTESIAN_POINT('',(-14.70560511066,6.103775435165,
    11.632185235981));
#3776 = CARTESIAN_POINT('',(-14.70818429875,6.10333780607,
    11.628923904381));
#3777 = CARTESIAN_POINT('',(-14.71076130872,6.102889445391,
    11.625663706737));
#3778 = CARTESIAN_POINT('',(-14.71333613748,6.102430319581,
    11.622404649862));
#3779 = CARTESIAN_POINT('',(-14.7159087819,6.101960395095,
    11.619146740568));
#3780 = CARTESIAN_POINT('',(-14.71847923889,6.101479638386,
    11.61588998567));
#3781 = CARTESIAN_POINT('',(-14.72104750533,6.100988015907,
    11.612634391979));
#3782 = CARTESIAN_POINT('',(-14.72617965091,6.099982972321,
    11.606125540637));
#3783 = CARTESIAN_POINT('',(-14.72874353748,6.099469626639,
    11.602872273644));
#3784 = CARTESIAN_POINT('',(-14.73130518784,6.098944947806,
    11.59962023167));
#3785 = CARTESIAN_POINT('',(-14.73386462039,6.098409120856,
    11.596369394373));
#3786 = CARTESIAN_POINT('',(-14.73642184802,6.097862274825,
    11.593119748379));
#3787 = CARTESIAN_POINT('',(-14.73897686736,6.0973043736,11.58987130092)
  );
#3788 = CARTESIAN_POINT('',(-14.74152967172,6.096735347188,
    11.586624063443));
#3789 = CARTESIAN_POINT('',(-14.74408026224,6.096155205155,
    11.583378037468));
#3790 = CARTESIAN_POINT('',(-14.7466286459,6.095564016447,
    11.580133217101));
#3791 = CARTESIAN_POINT('',(-14.74917482304,6.094961782296,
    11.576889604914));
#3792 = CARTESIAN_POINT('',(-14.75171878093,6.094348371366,
    11.57364722004));
#3793 = CARTESIAN_POINT('',(-14.75934401071,6.092474743601,
    11.563923738751));
#3794 = CARTESIAN_POINT('',(-14.76441864603,6.091181204578,
    11.557446306252));
#3795 = CARTESIAN_POINT('',(-14.76948438349,6.089842723461,
    11.550973845622));
#3796 = CARTESIAN_POINT('',(-14.77454118461,6.088458894559,
    11.54450643013));
#3797 = CARTESIAN_POINT('',(-14.77958901705,6.087029374368,
    11.538044125389));
#3798 = CARTESIAN_POINT('',(-14.78462785257,6.08555386122,
    11.531586991964));
#3799 = CARTESIAN_POINT('',(-14.78965766506,6.084032074908,
    11.525135087939));
#3800 = CARTESIAN_POINT('',(-14.79467842846,6.082463736338,
    11.518688471537));
#3801 = CARTESIAN_POINT('',(-14.79969011479,6.080848547157,
    11.512247203685));
#3802 = CARTESIAN_POINT('',(-14.80469269212,6.079186169402,
    11.505811350625));
#3803 = CARTESIAN_POINT('',(-14.80968612253,6.077476205127,
    11.499380986496));
#3804 = CARTESIAN_POINT('',(-14.8146703601,6.075718176052,
    11.492956195925));
#3805 = CARTESIAN_POINT('',(-12.23206618185,4.60904193947,
    14.210526271844));
#3806 = CARTESIAN_POINT('',(-12.23220162706,4.609048731906,
    14.210409683988));
#3807 = CARTESIAN_POINT('',(-12.23222341749,4.609518757383,
    14.210390925415));
#3808 = CARTESIAN_POINT('',(-12.23266449516,4.608279915248,
    14.210011253011));
#3809 = CARTESIAN_POINT('',(-12.23209255307,4.611169829087,
    14.210503560671));
#3810 = CARTESIAN_POINT('',(-12.23327364632,4.606914946164,
    14.20948689763));
#3811 = CARTESIAN_POINT('',(-12.23220002796,4.611849556629,
    14.210411031816));
#3812 = CARTESIAN_POINT('',(-12.23331124983,4.60787947219,14.20945450849
    ));
#3813 = CARTESIAN_POINT('',(-12.23283150901,4.610393653628,
    14.209867444003));
#3814 = CARTESIAN_POINT('',(-12.23320572043,4.6094274124,14.209545316959
    ));
#3815 = CARTESIAN_POINT('',(-12.23325682049,4.609778081946,
    14.209501314159));
#3816 = CARTESIAN_POINT('',(-12.23338603642,4.609810388828,
    14.209390069268));
#3817 = CARTESIAN_POINT('',(-12.23362605032,4.609950093457,
    14.209183429396));
#3818 = CARTESIAN_POINT('',(-12.23374606024,4.610019946278,
    14.209080105006));
#3819 = CARTESIAN_POINT('',(-12.23386607311,4.610089799603,
    14.208976776161));
#3820 = CARTESIAN_POINT('',(-12.23398608894,4.610159653431,
    14.208873442864));
#3821 = CARTESIAN_POINT('',(-12.23410610774,4.610229507762,
    14.208770105112));
#3822 = CARTESIAN_POINT('',(-12.23422612948,4.610299362591,
    14.20866676291));
#3823 = CARTESIAN_POINT('',(-12.2343461542,4.610369217922,
    14.208563416252));
#3824 = CARTESIAN_POINT('',(-12.23446618186,4.610439073749,
    14.208460065144));
#3825 = CARTESIAN_POINT('',(-12.23458621248,4.610508930075,
    14.208356709583));
#3826 = CARTESIAN_POINT('',(-12.23470624606,4.610578786895,
    14.208253349571));
#3827 = CARTESIAN_POINT('',(-12.23482628259,4.61064864421,
    14.208149985107));
#3828 = CARTESIAN_POINT('',(-12.23518640107,4.610858217642,
    14.207839878349));
#3829 = CARTESIAN_POINT('',(-12.23542649189,4.610997935241,
    14.207633122699));
#3830 = CARTESIAN_POINT('',(-12.23566659452,4.611137654804,
    14.207426349244));
#3831 = CARTESIAN_POINT('',(-12.23590670897,4.611277376321,
    14.207219557987));
#3832 = CARTESIAN_POINT('',(-12.23614683523,4.611417099783,
    14.207012748928));
#3833 = CARTESIAN_POINT('',(-12.23638697329,4.611556825179,
    14.206805922073));
#3834 = CARTESIAN_POINT('',(-12.23662712315,4.6116965525,14.20659907742)
  );
#3835 = CARTESIAN_POINT('',(-12.23686728481,4.611836281735,
    14.206392214975));
#3836 = CARTESIAN_POINT('',(-12.23710745826,4.611976012875,
    14.206185334738));
#3837 = CARTESIAN_POINT('',(-12.23734764349,4.612115745909,
    14.205978436712));
#3838 = CARTESIAN_POINT('',(-12.23758784051,4.612255480828,
    14.205771520898));
#3839 = CARTESIAN_POINT('',(-12.23830846702,4.612674691281,
    14.205150719996));
#3840 = CARTESIAN_POINT('',(-12.23878893187,4.612954172454,
    14.204736781533));
#3841 = CARTESIAN_POINT('',(-12.23926944381,4.613233661058,
    14.204322771929));
#3842 = CARTESIAN_POINT('',(-12.23975000282,4.613513157015,14.2039086912
    ));
#3843 = CARTESIAN_POINT('',(-12.24023060885,4.613792660244,
    14.203494539371));
#3844 = CARTESIAN_POINT('',(-12.24071126186,4.614072170666,
    14.203080316448));
#3845 = CARTESIAN_POINT('',(-12.24119196183,4.614351688199,
    14.202666022463));
#3846 = CARTESIAN_POINT('',(-12.24167270872,4.614631212766,
    14.202251657419));
#3847 = CARTESIAN_POINT('',(-12.24215350248,4.614910744285,
    14.201837221348));
#3848 = CARTESIAN_POINT('',(-12.24263434309,4.615190282676,
    14.201422714257));
#3849 = CARTESIAN_POINT('',(-12.2431152305,4.615469827861,14.20100813617
    ));
#3850 = CARTESIAN_POINT('',(-12.24455803407,4.616308484141,
    14.199764188095));
#3851 = CARTESIAN_POINT('',(-12.24552009073,4.616867615486,
    14.198934605006));
#3852 = CARTESIAN_POINT('',(-12.24648233436,4.617426773151,
    14.198104737979));
#3853 = CARTESIAN_POINT('',(-12.24744476468,4.61798595649,
    14.197274587158));
#3854 = CARTESIAN_POINT('',(-12.24840738141,4.618545164864,
    14.19644415269));
#3855 = CARTESIAN_POINT('',(-12.24937018423,4.619104397625,
    14.195613434715));
#3856 = CARTESIAN_POINT('',(-12.25033317289,4.619663654137,
    14.19478243338));
#3857 = CARTESIAN_POINT('',(-12.25129634706,4.620222933749,
    14.193951148825));
#3858 = CARTESIAN_POINT('',(-12.25225970648,4.620782235825,
    14.193119581197));
#3859 = CARTESIAN_POINT('',(-12.25322325085,4.621341559719,
    14.192287730636));
#3860 = CARTESIAN_POINT('',(-12.25418697988,4.621900904789,
    14.191455597285));
#3861 = CARTESIAN_POINT('',(-12.25707872824,4.623579006327,
    14.188958342263));
#3862 = CARTESIAN_POINT('',(-12.2590073022,4.624697825311,
    14.187292371322));
#3863 = CARTESIAN_POINT('',(-12.26093661284,4.625816722146,
    14.185625269638));
#3864 = CARTESIAN_POINT('',(-12.26286665783,4.626935691631,
    14.183957038378));
#3865 = CARTESIAN_POINT('',(-12.26479743486,4.628054728569,
    14.18228767871));
#3866 = CARTESIAN_POINT('',(-12.26672894158,4.62917382776,14.18061719179
    ));
#3867 = CARTESIAN_POINT('',(-12.2686611757,4.630292984012,14.17894557878
    ));
#3868 = CARTESIAN_POINT('',(-12.27059413488,4.631412192128,
    14.177272840828));
#3869 = CARTESIAN_POINT('',(-12.27252781684,4.632531446917,
    14.175598979088));
#3870 = CARTESIAN_POINT('',(-12.27446221924,4.633650743186,
    14.173923994701));
#3871 = CARTESIAN_POINT('',(-12.2763973398,4.634770075747,
    14.172247888812));
#3872 = CARTESIAN_POINT('',(-12.28220491487,4.638128204798,
    14.167216153013));
#3873 = CARTESIAN_POINT('',(-12.28607952942,4.640367102257,
    14.163857150912));
#3874 = CARTESIAN_POINT('',(-12.28995700117,4.642606089414,
    14.160493665838));
#3875 = CARTESIAN_POINT('',(-12.29383731146,4.644845123918,
    14.157125707322));
#3876 = CARTESIAN_POINT('',(-12.29772044169,4.647084163431,
    14.153753284831));
#3877 = CARTESIAN_POINT('',(-12.30160637333,4.649323165639,
    14.150376407784));
#3878 = CARTESIAN_POINT('',(-12.30549508786,4.651562088238,
    14.14699508553));
#3879 = CARTESIAN_POINT('',(-12.30938656684,4.653800888946,
    14.143609327374));
#3880 = CARTESIAN_POINT('',(-12.31328079189,4.656039525492,
    14.140219142554));
#3881 = CARTESIAN_POINT('',(-12.31717774464,4.658277955625,
    14.136824540255));
#3882 = CARTESIAN_POINT('',(-12.32107740682,4.660516137106,
    14.133425529603));
#3883 = CARTESIAN_POINT('',(-12.33278500405,4.667230116988,
    14.12321483129));
#3884 = CARTESIAN_POINT('',(-12.34060111766,4.671705106245,
    14.116389849382));
#3885 = CARTESIAN_POINT('',(-12.34842795135,4.676178647651,
    14.109547253514));
#3886 = CARTESIAN_POINT('',(-12.3562653561,4.680650393483,
    14.102687122486));
#3887 = CARTESIAN_POINT('',(-12.36411318351,4.685119996108,
    14.095809534328));
#3888 = CARTESIAN_POINT('',(-12.3719712858,4.689587107977,
    14.088914566303));
#3889 = CARTESIAN_POINT('',(-12.3798395158,4.694051381597,14.08200229491
    ));
#3890 = CARTESIAN_POINT('',(-12.38771772694,4.698512469531,
    14.075072795877));
#3891 = CARTESIAN_POINT('',(-12.39560577325,4.702970024366,
    14.068126144173));
#3892 = CARTESIAN_POINT('',(-12.40350350938,4.707423698713,
    14.061162413998));
#3893 = CARTESIAN_POINT('',(-12.41141079054,4.711873145178,
    14.054181678791));
#3894 = CARTESIAN_POINT('',(-12.43589591792,4.725620474792,
    14.032538927268));
#3895 = CARTESIAN_POINT('',(-12.45250666439,4.734903462067,
    14.017818587923));
#3896 = CARTESIAN_POINT('',(-12.46915824981,4.744163685177,
    14.003023870981));
#3897 = CARTESIAN_POINT('',(-12.4858492158,4.753397845694,
    13.988155646087));
#3898 = CARTESIAN_POINT('',(-12.50257810744,4.762602639123,
    13.973214774894));
#3899 = CARTESIAN_POINT('',(-12.51934347304,4.771774754249,
    13.958202111224));
#3900 = CARTESIAN_POINT('',(-12.53614386383,4.780910872493,
    13.943118501208));
#3901 = CARTESIAN_POINT('',(-12.55297783372,4.790007667243,
    13.927964783452));
#3902 = CARTESIAN_POINT('',(-12.56984393898,4.799061803206,
    13.912741789166));
#3903 = CARTESIAN_POINT('',(-12.586740738,4.808069935737,13.897450342323
    ));
#3904 = CARTESIAN_POINT('',(-12.603666791,4.817028710172,13.882091259796
    ));
#3905 = CARTESIAN_POINT('',(-12.65484246486,4.843911846206,
    13.835527772586));
#3906 = CARTESIAN_POINT('',(-12.68918504932,4.861679289019,
    13.804111969937));
#3907 = CARTESIAN_POINT('',(-12.72363513562,4.879207827904,
    13.772426038368));
#3908 = CARTESIAN_POINT('',(-12.75817867737,4.896468610862,
    13.740479221112));
#3909 = CARTESIAN_POINT('',(-12.79280079346,4.913433151655,
    13.708281971154));
#3910 = CARTESIAN_POINT('',(-12.82748570072,4.93007328775,
    13.675846015283));
#3911 = CARTESIAN_POINT('',(-12.8622166451,4.946361140391,
    13.643184420863));
#3912 = CARTESIAN_POINT('',(-12.89697583151,4.96226907699,
    13.610311665233));
#3913 = CARTESIAN_POINT('',(-12.93174435246,4.977769676108,
    13.577243707678));
#3914 = CARTESIAN_POINT('',(-12.96650211555,4.992835695225,
    13.543998063833));
#3915 = CARTESIAN_POINT('',(-13.00122777006,5.007440041583,
    13.510593882381));
#3916 = CARTESIAN_POINT('',(-13.09214272553,5.044454657454,
    13.422639435002));
#3917 = CARTESIAN_POINT('',(-13.1483035776,5.066061101266,
    13.367804939409));
#3918 = CARTESIAN_POINT('',(-13.20407948162,5.086405244818,
    13.312847581764));
#3919 = CARTESIAN_POINT('',(-13.25996435112,5.104984449818,
    13.257259329357));
#3920 = CARTESIAN_POINT('',(-13.31491038856,5.122250055638,
    13.20210890621));
#3921 = CARTESIAN_POINT('',(-13.3693807039,5.137849892409,
    13.146933983607));
#3922 = CARTESIAN_POINT('',(-13.42369114104,5.151412604151,
    13.091422602955));
#3923 = CARTESIAN_POINT('',(-13.47677264547,5.163336033111,
    13.036684874374));
#3924 = CARTESIAN_POINT('',(-13.5283676009,5.173751305705,
    12.983023697301));
#3925 = CARTESIAN_POINT('',(-13.58036738746,5.181786211668,
    12.928535929226));
#3926 = CARTESIAN_POINT('',(-13.63172247312,5.187964072268,
    12.874267685671));
#3927 = CARTESIAN_POINT('',(-13.72410184153,5.198501731155,
    12.775816182321));
#3928 = CARTESIAN_POINT('',(-13.77122791824,5.202279907179,
    12.725183922994));
#3929 = CARTESIAN_POINT('',(-13.81787579347,5.20434561652,
    12.674660306527));
#3930 = CARTESIAN_POINT('',(-13.86403368808,5.204634982159,
    12.624266145169));
#3931 = CARTESIAN_POINT('',(-13.90968950455,5.203082319426,
    12.574023232675));
#3932 = CARTESIAN_POINT('',(-13.95483104321,5.199620493812,
    12.523954077462));
#3933 = CARTESIAN_POINT('',(-13.99944618485,5.194181307399,
    12.474081678509));
#3934 = CARTESIAN_POINT('',(-14.04352304146,5.1866959254,12.424429343305
    ));
#3935 = CARTESIAN_POINT('',(-14.0870500767,5.177095355807,
    12.375020547292));
#3936 = CARTESIAN_POINT('',(-14.1300161978,5.165310996691,12.32587883408
    ));
#3937 = CARTESIAN_POINT('',(-14.17241082053,5.151275267458,
    12.277027755792));
#3938 = CARTESIAN_POINT('',(-14.23535402473,5.126658441604,
    12.203962878028));
#3939 = CARTESIAN_POINT('',(-14.25634337568,5.117799291399,
    12.179506132066));
#3940 = CARTESIAN_POINT('',(-14.27719050563,5.10833620141,
    12.155123741198));
#3941 = CARTESIAN_POINT('',(-14.29789396607,5.098260211613,
    12.13081884933));
#3942 = CARTESIAN_POINT('',(-14.31845231496,5.087562090957,
    12.106594621686));
#3943 = CARTESIAN_POINT('',(-14.33886411555,5.076232336444,
    12.082454248457));
#3944 = CARTESIAN_POINT('',(-14.35912793528,5.064261172418,
    12.058400948474));
#3945 = CARTESIAN_POINT('',(-14.3792423448,5.051638550116,
    12.034437972844));
#3946 = CARTESIAN_POINT('',(-14.39920591694,5.038354147497,
    12.010568608617));
#3947 = CARTESIAN_POINT('',(-14.41901722588,5.024397369367,
    11.986796182418));
#3948 = CARTESIAN_POINT('',(-14.43867484626,5.009757347851,
    11.963124064092));
#3949 = CARTESIAN_POINT('',(-14.46799032307,4.986707213758,
    11.927696889082));
#3950 = CARTESIAN_POINT('',(-14.47776482751,4.978814897806,
    11.915863392592));
#3951 = CARTESIAN_POINT('',(-14.4875006623,4.970744443991,
    11.904055635163));
#3952 = CARTESIAN_POINT('',(-14.49719761866,4.962494254044,
    11.892274079969));
#3953 = CARTESIAN_POINT('',(-14.50685548289,4.954062682144,
    11.880519198784));
#3954 = CARTESIAN_POINT('',(-14.51647403657,4.945448034241,
    11.86879147173));
#3955 = CARTESIAN_POINT('',(-14.52605305689,4.936648567342,
    11.857091386988));
#3956 = CARTESIAN_POINT('',(-14.53559231693,4.927662488772,
    11.845419440549));
#3957 = CARTESIAN_POINT('',(-14.54509158592,4.918487955409,
    11.833776135925));
#3958 = CARTESIAN_POINT('',(-14.55455062955,4.909123072878,
    11.822161983887));
#3959 = CARTESIAN_POINT('',(-14.56396921022,4.899565894723,
    11.810577502187));
#3960 = CARTESIAN_POINT('',(-14.57569818778,4.887369657963,
    11.796126473503));
#3961 = CARTESIAN_POINT('',(-14.57804674957,4.884912662281,
    11.793231605179));
#3962 = CARTESIAN_POINT('',(-14.58039276897,4.88244340303,
    11.790338618556));
#3963 = CARTESIAN_POINT('',(-14.58273624218,4.87996184865,
    11.787447521919));
#3964 = CARTESIAN_POINT('',(-14.58507716534,4.877467967489,
    11.784558323598));
#3965 = CARTESIAN_POINT('',(-14.58741553459,4.874961727799,
    11.781671031971));
#3966 = CARTESIAN_POINT('',(-14.589751346,4.872443097742,11.778785655461
    ));
#3967 = CARTESIAN_POINT('',(-14.59208459565,4.869912045383,
    11.775902202538));
#3968 = CARTESIAN_POINT('',(-14.59441527954,4.867368538695,
    11.773020681716));
#3969 = CARTESIAN_POINT('',(-14.59674339366,4.864812545556,
    11.770141101559));
#3970 = CARTESIAN_POINT('',(-14.59906893397,4.86224403375,
    11.767263470675));
#3971 = CARTESIAN_POINT('',(-14.60371753206,4.857078937909,
    11.761508815456));
#3972 = CARTESIAN_POINT('',(-14.60604185201,4.854495315554,
    11.758630187475));
#3973 = CARTESIAN_POINT('',(-14.60836448395,4.851907998794,
    11.755752384943));
#3974 = CARTESIAN_POINT('',(-14.61068376053,4.849300096193,
    11.752877528988));
#3975 = CARTESIAN_POINT('',(-14.6129994785,4.846669508767,
    11.750005883055));
#3976 = CARTESIAN_POINT('',(-14.61531241636,4.844024262257,
    11.747136462932));
#3977 = CARTESIAN_POINT('',(-14.61762309005,4.841369795471,
    11.744268616896));
#3978 = CARTESIAN_POINT('',(-14.61993117362,4.838702773295,
    11.74140276279));
#3979 = CARTESIAN_POINT('',(-14.62223601083,4.83601624875,11.73853973861
    ));
#3980 = CARTESIAN_POINT('',(-14.62453769607,4.833311137592,
    11.73567942868));
#3981 = CARTESIAN_POINT('',(-14.62683730575,4.830598991008,
    11.732820468308));
#3982 = CARTESIAN_POINT('',(-14.63373552194,4.822405275801,
    11.724240732027));
#3983 = CARTESIAN_POINT('',(-14.6383260287,4.81688277004,11.718526385664
    ));
#3984 = CARTESIAN_POINT('',(-14.64290627569,4.811309984691,
    11.712819948553));
#3985 = CARTESIAN_POINT('',(-14.64747645721,4.80568884477,
    11.707121199139));
#3986 = CARTESIAN_POINT('',(-14.6520363978,4.80001794918,11.701430390963
    ));
#3987 = CARTESIAN_POINT('',(-14.65658571636,4.794293891108,
    11.695748042511));
#3988 = CARTESIAN_POINT('',(-14.66112398062,4.788512600492,
    11.690074738905));
#3989 = CARTESIAN_POINT('',(-14.6656508521,4.782670709268,11.68441094562
    ));
#3990 = CARTESIAN_POINT('',(-14.67016622139,4.776766939993,
    11.678756834043));
#3991 = CARTESIAN_POINT('',(-14.67467033399,4.770803518796,
    11.673112119097));
#3992 = CARTESIAN_POINT('',(-14.67916390646,4.764787613411,
    11.66747590874));
#3993 = CARTESIAN_POINT('',(-14.68364823321,4.758732796863,
    11.661846565527));
#3994 = CARTESIAN_POINT('',(-12.23206614331,4.609042037999,
    14.210526305015));
#3995 = CARTESIAN_POINT('',(-12.23220461407,4.609036557831,
    14.210407112848));
#3996 = CARTESIAN_POINT('',(-12.23229790364,4.609215190397,
    14.210326818423));
#3997 = CARTESIAN_POINT('',(-12.23255780673,4.608714786966,
    14.210103114178));
#3998 = CARTESIAN_POINT('',(-12.23241518265,4.609854982336,
    14.210225902118));
#3999 = CARTESIAN_POINT('',(-12.23296914949,4.608156123996,
    14.20974908903));
#4000 = CARTESIAN_POINT('',(-12.23262719117,4.61010879618,
    14.210043472694));
#4001 = CARTESIAN_POINT('',(-12.23315340551,4.608523102558,
    14.209590562083));
#4002 = CARTESIAN_POINT('',(-12.23304744159,4.609513991774,
    14.209681821532));
#4003 = CARTESIAN_POINT('',(-12.23328080944,4.609121900914,
    14.209480999653));
#4004 = CARTESIAN_POINT('',(-12.23338579171,4.609253095627,
    14.209390695761));
#4005 = CARTESIAN_POINT('',(-12.23352181984,4.609257784608,
    14.209273675292));
#4006 = CARTESIAN_POINT('',(-12.2337865691,4.60929699797,14.209045937872
    ));
#4007 = CARTESIAN_POINT('',(-12.23391895069,4.609316603522,
    14.208932070095));
#4008 = CARTESIAN_POINT('',(-12.23405133922,4.609336207944,
    14.208818203254));
#4009 = CARTESIAN_POINT('',(-12.23418373471,4.609355811237,
    14.208704337344));
#4010 = CARTESIAN_POINT('',(-12.23431613715,4.609375413398,
    14.208590472379));
#4011 = CARTESIAN_POINT('',(-12.23444854654,4.609395014431,
    14.208476608343));
#4012 = CARTESIAN_POINT('',(-12.23458096287,4.60941461433,
    14.208362745258));
#4013 = CARTESIAN_POINT('',(-12.23471338616,4.6094342131,14.208248883104
    ));
#4014 = CARTESIAN_POINT('',(-12.23484581638,4.609453810736,14.2081350219
    ));
#4015 = CARTESIAN_POINT('',(-12.23497825356,4.609473407241,
    14.208021161637));
#4016 = CARTESIAN_POINT('',(-12.23511069768,4.609493002613,
    14.20790730232));
#4017 = CARTESIAN_POINT('',(-12.23550805087,4.609551785329,
    14.207565727211));
#4018 = CARTESIAN_POINT('',(-12.23577298077,4.609590969274,
    14.207338014259));
#4019 = CARTESIAN_POINT('',(-12.23603793844,4.609630148684,
    14.207110305106));
#4020 = CARTESIAN_POINT('',(-12.23630292387,4.609669323555,
    14.206882599764));
#4021 = CARTESIAN_POINT('',(-12.23656793704,4.609708493885,
    14.206654898243));
#4022 = CARTESIAN_POINT('',(-12.23683297797,4.609747659669,
    14.206427200554));
#4023 = CARTESIAN_POINT('',(-12.23709804663,4.609786820906,
    14.206199506709));
#4024 = CARTESIAN_POINT('',(-12.23736314303,4.60982597759,
    14.205971816718));
#4025 = CARTESIAN_POINT('',(-12.23762826714,4.609865129721,
    14.205744130595));
#4026 = CARTESIAN_POINT('',(-12.23789341897,4.609904277293,
    14.205516448347));
#4027 = CARTESIAN_POINT('',(-12.2381585985,4.609943420305,
    14.205288769987));
#4028 = CARTESIAN_POINT('',(-12.23895422021,4.610060835649,
    14.204605746607));
#4029 = CARTESIAN_POINT('',(-12.23948474549,4.610139094289,
    14.204150413283));
#4030 = CARTESIAN_POINT('',(-12.2400153815,4.610217334647,
    14.203695095648));
#4031 = CARTESIAN_POINT('',(-12.24054612819,4.610295556701,
    14.203239793782));
#4032 = CARTESIAN_POINT('',(-12.2410769855,4.610373760419,
    14.202784507788));
#4033 = CARTESIAN_POINT('',(-12.24160795337,4.610451945785,
    14.202329237734));
#4034 = CARTESIAN_POINT('',(-12.24213903174,4.610530112763,
    14.201873983734));
#4035 = CARTESIAN_POINT('',(-12.24267022055,4.610608261338,
    14.201418745851));
#4036 = CARTESIAN_POINT('',(-12.24320151973,4.610686391476,
    14.200963524196));
#4037 = CARTESIAN_POINT('',(-12.24373292924,4.610764503159,
    14.200508318842));
#4038 = CARTESIAN_POINT('',(-12.244264449,4.610842596356,14.200053129885
    ));
#4039 = CARTESIAN_POINT('',(-12.24585933888,4.611076820423,
    14.198687612467));
#4040 = CARTESIAN_POINT('',(-12.24692303959,4.611232895764,
    14.197777333464));
#4041 = CARTESIAN_POINT('',(-12.24798718061,4.611388896867,
    14.196867121104));
#4042 = CARTESIAN_POINT('',(-12.24905176145,4.611544823529,
    14.195956976098));
#4043 = CARTESIAN_POINT('',(-12.25011678162,4.611700675551,
    14.19504689914));
#4044 = CARTESIAN_POINT('',(-12.25118224063,4.611856452726,
    14.194136890948));
#4045 = CARTESIAN_POINT('',(-12.252248138,4.612012154858,14.19322695221)
  );
#4046 = CARTESIAN_POINT('',(-12.25331447323,4.61216778174,
    14.192317083648));
#4047 = CARTESIAN_POINT('',(-12.25438124585,4.612323333174,
    14.19140728595));
#4048 = CARTESIAN_POINT('',(-12.25544845534,4.612478808957,
    14.190497559832));
#4049 = CARTESIAN_POINT('',(-12.25651610124,4.612634208886,
    14.189587905992));
#4050 = CARTESIAN_POINT('',(-12.25972034668,4.613100180507,
    14.186859163426));
#4051 = CARTESIAN_POINT('',(-12.26185825404,4.613410524025,
    14.185040293725));
#4052 = CARTESIAN_POINT('',(-12.26399790112,4.613720561707,
    14.183221721581));
#4053 = CARTESIAN_POINT('',(-12.26613928392,4.61403029195,
    14.181403452543));
#4054 = CARTESIAN_POINT('',(-12.26828239842,4.614339713149,
    14.179585492158));
#4055 = CARTESIAN_POINT('',(-12.27042724063,4.614648823699,
    14.177767845976));
#4056 = CARTESIAN_POINT('',(-12.27257380651,4.614957621997,
    14.175950519543));
#4057 = CARTESIAN_POINT('',(-12.27472209208,4.615266106437,
    14.17413351841));
#4058 = CARTESIAN_POINT('',(-12.27687209331,4.615574275416,
    14.172316848121));
#4059 = CARTESIAN_POINT('',(-12.2790238062,4.615882127328,
    14.170500514228));
#4060 = CARTESIAN_POINT('',(-12.28117722673,4.61618966057,
    14.168684522278));
#4061 = CARTESIAN_POINT('',(-12.28764259926,4.617111299469,
    14.163237588899));
#4062 = CARTESIAN_POINT('',(-12.29195966353,4.617724444078,
    14.159607691153));
#4063 = CARTESIAN_POINT('',(-12.29628351,4.618336294753,14.155979227545)
  );
#4064 = CARTESIAN_POINT('',(-12.30061410495,4.618946838878,
    14.152352241045));
#4065 = CARTESIAN_POINT('',(-12.30495141465,4.619556063846,
    14.148726774608));
#4066 = CARTESIAN_POINT('',(-12.30929540538,4.620163957037,
    14.145102871215));
#4067 = CARTESIAN_POINT('',(-12.31364604342,4.620770505849,
    14.141480573813));
#4068 = CARTESIAN_POINT('',(-12.31800329505,4.621375697659,
    14.137859925386));
#4069 = CARTESIAN_POINT('',(-12.32236712654,4.621979519862,
    14.134240968885));
#4070 = CARTESIAN_POINT('',(-12.32673750418,4.622581959843,
    14.130623747285));
#4071 = CARTESIAN_POINT('',(-12.33111439423,4.623183004989,
    14.127008303547));
#4072 = CARTESIAN_POINT('',(-12.3442645005,4.62498191809,14.116167434817
    ));
#4073 = CARTESIAN_POINT('',(-12.35305717332,4.626175558633,
    14.10894749366));
#4074 = CARTESIAN_POINT('',(-12.36187548609,4.627363468525,
    14.101735176638));
#4075 = CARTESIAN_POINT('',(-12.37071914343,4.62854555197,
    14.094530803227));
#4076 = CARTESIAN_POINT('',(-12.37958785,4.629721713173,14.087334692896)
  );
#4077 = CARTESIAN_POINT('',(-12.38848131041,4.630891856338,
    14.080147165124));
#4078 = CARTESIAN_POINT('',(-12.39739922932,4.632055885673,
    14.072968539378));
#4079 = CARTESIAN_POINT('',(-12.40634131134,4.633213705379,
    14.065799135139));
#4080 = CARTESIAN_POINT('',(-12.41530726113,4.634365219665,
    14.058639271874));
#4081 = CARTESIAN_POINT('',(-12.42429678332,4.635510332733,
    14.05148926906));
#4082 = CARTESIAN_POINT('',(-12.43330958254,4.636648948789,
    14.04434944617));
#4083 = CARTESIAN_POINT('',(-12.46125044497,4.640149443796,
    14.022303820068));
#4084 = CARTESIAN_POINT('',(-12.48025652755,4.642488927166,
    14.007433895474));
#4085 = CARTESIAN_POINT('',(-12.49936045445,4.644798669921,
    13.992612785696));
#4086 = CARTESIAN_POINT('',(-12.51855906897,4.647077919838,
    13.977842927525));
#4087 = CARTESIAN_POINT('',(-12.53784921437,4.649325924685,
    13.963126757769));
#4088 = CARTESIAN_POINT('',(-12.55722773397,4.651541932245,
    13.948466713214));
#4089 = CARTESIAN_POINT('',(-12.57669147103,4.653725190282,
    13.93386523067));
#4090 = CARTESIAN_POINT('',(-12.59623726885,4.655874946579,
    13.919324746924));
#4091 = CARTESIAN_POINT('',(-12.61586197072,4.657990448902,
    13.904847698783));
#4092 = CARTESIAN_POINT('',(-12.63556241992,4.660070945031,
    13.890436523039));
#4093 = CARTESIAN_POINT('',(-12.65533545974,4.662115682737,
    13.876093656493));
#4094 = CARTESIAN_POINT('',(-12.71518092299,4.668172552472,
    13.83304853633));
#4095 = CARTESIAN_POINT('',(-12.75546394637,4.672073710872,
    13.804561200167));
#4096 = CARTESIAN_POINT('',(-12.79599887149,4.675821832184,
    13.776376379125));
#4097 = CARTESIAN_POINT('',(-12.83675643181,4.679411888879,
    13.748509970514));
#4098 = CARTESIAN_POINT('',(-12.87770622637,4.682839378726,
    13.72097691726));
#4099 = CARTESIAN_POINT('',(-12.91881671974,4.686100324769,
    13.69379120794));
#4100 = CARTESIAN_POINT('',(-12.9600552421,4.689191275356,
    13.666965876732));
#4101 = CARTESIAN_POINT('',(-13.00138798916,4.692109304106,
    13.640513003477));
#4102 = CARTESIAN_POINT('',(-13.04278002221,4.69485200994,
    13.614443713615));
#4103 = CARTESIAN_POINT('',(-13.0841952681,4.697417517059,
    13.588768178239));
#4104 = CARTESIAN_POINT('',(-13.12559651926,4.699804474955,
    13.563495614056));
#4105 = CARTESIAN_POINT('',(-13.23373596597,4.705577948251,
    13.498475997983));
#4106 = CARTESIAN_POINT('',(-13.30034433848,4.708695812073,
    13.45939284898));
#4107 = CARTESIAN_POINT('',(-13.36693610834,4.711221383901,
    13.421406938147));
#4108 = CARTESIAN_POINT('',(-13.43234123387,4.713602408463,
    13.384598679523));
#4109 = CARTESIAN_POINT('',(-13.49801531378,4.715101396134,
    13.348880397402));
#4110 = CARTESIAN_POINT('',(-13.56268042107,4.716239759849,
    13.31440956782));
#4111 = CARTESIAN_POINT('',(-13.62540658067,4.71738296594,13.28119214417
    ));
#4112 = CARTESIAN_POINT('',(-13.68779843221,4.717743886476,
    13.249008708275));
#4113 = CARTESIAN_POINT('',(-13.74978595336,4.717270178369,
    13.218014205067));
#4114 = CARTESIAN_POINT('',(-13.80721790706,4.717669518258,
    13.188771540162));
#4115 = CARTESIAN_POINT('',(-13.86195652862,4.71798217409,
    13.160636134429));
#4116 = CARTESIAN_POINT('',(-13.99224812686,4.710630406657,
    13.10156296807));
#4117 = CARTESIAN_POINT('',(-14.05967798166,4.706188469492,
    13.071839257346));
#4118 = CARTESIAN_POINT('',(-14.12770657372,4.701069768347,
    13.042681565342));
#4119 = CARTESIAN_POINT('',(-14.19634007609,4.695268457232,
    13.014071327073));
#4120 = CARTESIAN_POINT('',(-14.26557968207,4.688778235946,
    12.985986945539));
#4121 = CARTESIAN_POINT('',(-14.33542096313,4.681591343302,
    12.958403595609));
#4122 = CARTESIAN_POINT('',(-14.4058532268,4.673697550398,
    12.931293027922));
#4123 = CARTESIAN_POINT('',(-14.47685887461,4.665083153834,
    12.904623372776));
#4124 = CARTESIAN_POINT('',(-14.54841275999,4.655729968983,
    12.878358944018));
#4125 = CARTESIAN_POINT('',(-14.62048154619,4.645614323213,
    12.852460042941));
#4126 = CARTESIAN_POINT('',(-14.69302306419,4.634706049148,
    12.826882762171));
#4127 = CARTESIAN_POINT('',(-14.80246697383,4.617098192284,
    12.788926803264));
#4128 = CARTESIAN_POINT('',(-14.83905411013,4.611020759291,12.7763438074
    ));
#4129 = CARTESIAN_POINT('',(-14.8757401916,4.60473078786,12.763823346104
    ));
#4130 = CARTESIAN_POINT('',(-14.91251814518,4.598223023605,
    12.751359156989));
#4131 = CARTESIAN_POINT('',(-14.94938071261,4.591491348821,
    12.738945171152));
#4132 = CARTESIAN_POINT('',(-14.98632045051,4.584528782482,
    12.726575513172));
#4133 = CARTESIAN_POINT('',(-15.02332973031,4.577327480246,
    12.714244501115));
#4134 = CARTESIAN_POINT('',(-15.06040073828,4.569878734444,
    12.701946646527));
#4135 = CARTESIAN_POINT('',(-15.09752547555,4.562172974096,
    12.68967665444));
#4136 = CARTESIAN_POINT('',(-15.13469575807,4.554199764894,
    12.677429423367));
#4137 = CARTESIAN_POINT('',(-15.17190321662,4.545947809217,
    12.665200045309));
#4138 = CARTESIAN_POINT('',(-15.22775733696,4.533133514572,
    12.646875685966));
#4139 = CARTESIAN_POINT('',(-15.24638267593,4.528789268524,
    12.640770990719));
#4140 = CARTESIAN_POINT('',(-15.26501435027,4.524370635982,
    12.634669232424));
#4141 = CARTESIAN_POINT('',(-15.28365141363,4.519875982322,
    12.62856996025));
#4142 = CARTESIAN_POINT('',(-15.30229293681,4.515303610285,
    12.622472760114));
#4143 = CARTESIAN_POINT('',(-15.32093800773,4.510651759995,
    12.616377254681));
#4144 = CARTESIAN_POINT('',(-15.33958573148,4.505918608932,
    12.610283103367));
#4145 = CARTESIAN_POINT('',(-15.35823523026,4.501102271961,
    12.604190002338));
#4146 = CARTESIAN_POINT('',(-15.37688564344,4.496200801304,
    12.598097684505));
#4147 = CARTESIAN_POINT('',(-15.39553612749,4.491212186566,
    12.592005919533));
#4148 = CARTESIAN_POINT('',(-15.41418585608,4.486134354715,
    12.585914513833));
#4149 = CARTESIAN_POINT('',(-15.43749606093,4.479672873937,
    12.57830050975));
#4150 = CARTESIAN_POINT('',(-15.44215800341,4.47837487025,
    12.576777720242));
#4151 = CARTESIAN_POINT('',(-15.4468198333,4.477071124471,
    12.575254938788));
#4152 = CARTESIAN_POINT('',(-15.45148153646,4.475761602046,
    12.573732162136));
#4153 = CARTESIAN_POINT('',(-15.4561430988,4.47444626841,12.572209387031
    ));
#4154 = CARTESIAN_POINT('',(-15.46080450618,4.473125089014,
    12.570686610221));
#4155 = CARTESIAN_POINT('',(-15.4654657445,4.471798029289,
    12.569163828452));
#4156 = CARTESIAN_POINT('',(-15.47012679963,4.470465054686,
    12.567641038471));
#4157 = CARTESIAN_POINT('',(-15.47478765747,4.46912613064,
    12.566118237024));
#4158 = CARTESIAN_POINT('',(-15.47944830389,4.467781222597,
    12.564595420858));
#4159 = CARTESIAN_POINT('',(-15.48410872478,4.466430295997,
    12.563072586719));
#4160 = CARTESIAN_POINT('',(-15.49342908726,4.463716336565,
    12.560026875989));
#4161 = CARTESIAN_POINT('',(-15.49807687408,4.46235879451,
    12.558493062105));
#4162 = CARTESIAN_POINT('',(-15.50271555939,4.460998513787,
    12.556951416362));
#4163 = CARTESIAN_POINT('',(-15.50736126501,4.459628615981,
    12.555416350806));
#4164 = CARTESIAN_POINT('',(-15.51201608444,4.45824836492,
    12.553889699505));
#4165 = CARTESIAN_POINT('',(-15.51667241579,4.456861091239,
    12.552364645637));
#4166 = CARTESIAN_POINT('',(-15.52132507737,4.45546900603,
    12.550836556386));
#4167 = CARTESIAN_POINT('',(-15.52597720963,4.454070742826,
    12.549308244878));
#4168 = CARTESIAN_POINT('',(-15.53063537764,4.452663497578,
    12.547785580443));
#4169 = CARTESIAN_POINT('',(-15.53529869961,4.451247666687,
    12.546267770314));
#4170 = CARTESIAN_POINT('',(-15.53995623748,4.449827913542,
    12.544745037938));
#4171 = CARTESIAN_POINT('',(-15.55393641542,4.445546046205,
    12.540184398907));
#4172 = CARTESIAN_POINT('',(-15.56326026169,4.442664476138,
    12.537148238877));
#4173 = CARTESIAN_POINT('',(-15.57258095601,4.439757882298,
    12.534110469603));
#4174 = CARTESIAN_POINT('',(-15.58189618322,4.43682665517,
    12.531069176383));
#4175 = CARTESIAN_POINT('',(-15.59120687674,4.433870065921,
    12.528025262686));
#4176 = CARTESIAN_POINT('',(-15.60051590261,4.430886724669,
    12.524981307797));
#4177 = CARTESIAN_POINT('',(-15.60982674356,4.427875038744,
    12.521940424461));
#4178 = CARTESIAN_POINT('',(-15.6191421831,4.424833670959,
    12.518905116518));
#4179 = CARTESIAN_POINT('',(-15.62846298961,4.421761997867,
    12.515876136553));
#4180 = CARTESIAN_POINT('',(-15.63778660037,4.418660568037,
    12.512851343534));
#4181 = CARTESIAN_POINT('',(-15.64710580567,4.415531560312,
    12.509824560457));
#4182 = CARTESIAN_POINT('',(-15.65640743291,4.412379242076,
    12.506784431984));
#4183 = ADVANCED_FACE('',(#4184),#4241,.F.);
#4184 = FACE_BOUND('',#4185,.T.);
#4185 = EDGE_LOOP('',(#4186,#4187,#4196,#4208,#4216));
#4186 = ORIENTED_EDGE('',*,*,#298,.T.);
#4187 = ORIENTED_EDGE('',*,*,#4188,.F.);
#4188 = EDGE_CURVE('',#4189,#290,#4191,.T.);
#4189 = VERTEX_POINT('',#4190);
#4190 = CARTESIAN_POINT('',(-13.38938839215,0.5,-13.46449356532));
#4191 = CIRCLE('',#4192,5.);
#4192 = AXIS2_PLACEMENT_3D('',#4193,#4194,#4195);
#4193 = CARTESIAN_POINT('',(-15.49395043234,0.5,-18.));
#4194 = DIRECTION('',(-0.,1.,0.));
#4195 = DIRECTION('',(0.463003648842,0.,0.886356373677));
#4196 = ORIENTED_EDGE('',*,*,#4197,.F.);
#4197 = EDGE_CURVE('',#4198,#4189,#4200,.T.);
#4198 = VERTEX_POINT('',#4199);
#4199 = CARTESIAN_POINT('',(-15.49395043234,0.283757182922,-13.));
#4200 = ( BOUNDED_CURVE() B_SPLINE_CURVE(6,(#4201,#4202,#4203,#4204,
#4205,#4206,#4207),.UNSPECIFIED.,.F.,.F.) B_SPLINE_CURVE_WITH_KNOTS((7,7
),(19.457148181746,21.549535229052),.PIECEWISE_BEZIER_KNOTS.) CURVE() 
GEOMETRIC_REPRESENTATION_ITEM() RATIONAL_B_SPLINE_CURVE((1.,1.,1.,1.,1.,
1.,1.)) REPRESENTATION_ITEM('') );
#4201 = CARTESIAN_POINT('',(-15.49395043234,0.283757182922,-13.));
#4202 = CARTESIAN_POINT('',(-15.13431833088,0.358311763422,-13.));
#4203 = CARTESIAN_POINT('',(-14.76794701346,0.418237707437,
    -13.03112473431));
#4204 = CARTESIAN_POINT('',(-14.40339804686,0.461554761471,
    -13.09498692595));
#4205 = CARTESIAN_POINT('',(-14.04616238953,0.48806171333,
    -13.19227647233));
#4206 = CARTESIAN_POINT('',(-13.70791714103,0.500000000003,-13.316690112
    ));
#4207 = CARTESIAN_POINT('',(-13.38938839215,0.5,-13.46449356532));
#4208 = ORIENTED_EDGE('',*,*,#4209,.F.);
#4209 = EDGE_CURVE('',#4210,#4198,#4212,.T.);
#4210 = VERTEX_POINT('',#4211);
#4211 = CARTESIAN_POINT('',(-15.49395043234,3.939556130912,-13.));
#4212 = LINE('',#4213,#4214);
#4213 = CARTESIAN_POINT('',(-15.49395043234,4.95050560186,-13.));
#4214 = VECTOR('',#4215,1.);
#4215 = DIRECTION('',(-0.,-1.,-0.));
#4216 = ORIENTED_EDGE('',*,*,#4217,.F.);
#4217 = EDGE_CURVE('',#299,#4210,#4218,.T.);
#4218 = ( BOUNDED_CURVE() B_SPLINE_CURVE(6,(#4219,#4220,#4221,#4222,
    #4223,#4224,#4225,#4226,#4227,#4228,#4229,#4230,#4231,#4232,#4233,
    #4234,#4235,#4236,#4237,#4238,#4239,#4240),.UNSPECIFIED.,.F.,.F.) 
B_SPLINE_CURVE_WITH_KNOTS((7,5,5,5,7),(2.541709070193E-02,1.640184747652
,2.739537322804,3.625940199346,3.791479668814),.UNSPECIFIED.) CURVE() 
GEOMETRIC_REPRESENTATION_ITEM() RATIONAL_B_SPLINE_CURVE((1.,1.,1.,1.,1.,
    1.,1.,1.,1.,1.,1.,1.,1.,1.,1.,1.,1.,1.,1.,1.,1.,1.)) 
REPRESENTATION_ITEM('') );
#4219 = CARTESIAN_POINT('',(-12.2320661308,4.609042032652,
    -14.21052631578));
#4220 = CARTESIAN_POINT('',(-12.41347599121,4.601480558905,
    -14.05437323883));
#4221 = CARTESIAN_POINT('',(-12.60669695794,4.589631609013,
    -13.90610746203));
#4222 = CARTESIAN_POINT('',(-12.81183030407,4.572435904089,
    -13.76698381259));
#4223 = CARTESIAN_POINT('',(-13.02839454455,4.548895445886,
    -13.63837109854));
#4224 = CARTESIAN_POINT('',(-13.25532543617,4.518073516795,
    -13.52175210879));
#4225 = CARTESIAN_POINT('',(-13.65140960308,4.45255743494,
    -13.34858061656));
#4226 = CARTESIAN_POINT('',(-13.81588525924,4.422266176904,
    -13.28469461098));
#4227 = CARTESIAN_POINT('',(-13.98378432126,4.387977671812,
    -13.22756083057));
#4228 = CARTESIAN_POINT('',(-14.15438203968,4.34955801957,
    -13.17754883676));
#4229 = CARTESIAN_POINT('',(-14.32684754041,4.306982653913,
    -13.1349025182));
#4230 = CARTESIAN_POINT('',(-14.6400524436,4.222725638037,
    -13.07138878881));
#4231 = CARTESIAN_POINT('',(-14.7804706145,4.182473181334,
    -13.04789737183));
#4232 = CARTESIAN_POINT('',(-14.92104267556,4.139622286096,
    -13.0293096317));
#4233 = CARTESIAN_POINT('',(-15.06129868197,4.094281921384,
    -13.01560506735));
#4234 = CARTESIAN_POINT('',(-15.20079164172,4.046587422212,
    -13.00667998357));
#4235 = CARTESIAN_POINT('',(-15.36509815295,3.987354951318,
    -13.00159362667));
#4236 = CARTESIAN_POINT('',(-15.39093415761,3.977949592519,
    -13.00095452959));
#4237 = CARTESIAN_POINT('',(-15.41673180324,3.968470741796,
    -13.00047662333));
#4238 = CARTESIAN_POINT('',(-15.44250408512,3.95890990917,
    -13.00015859302));
#4239 = CARTESIAN_POINT('',(-15.4682427969,3.949272288545,-13.));
#4240 = CARTESIAN_POINT('',(-15.49395043234,3.939556130912,-13.));
#4241 = CYLINDRICAL_SURFACE('',#4242,5.);
#4242 = AXIS2_PLACEMENT_3D('',#4243,#4244,#4245);
#4243 = CARTESIAN_POINT('',(-15.49395043234,4.95050560186,-18.));
#4244 = DIRECTION('',(-0.,-1.,-0.));
#4245 = DIRECTION('',(0.,0.,1.));
#4246 = ADVANCED_FACE('',(#4247),#4266,.F.);
#4247 = FACE_BOUND('',#4248,.F.);
#4248 = EDGE_LOOP('',(#4249,#4250,#4259,#4265));
#4249 = ORIENTED_EDGE('',*,*,#3609,.T.);
#4250 = ORIENTED_EDGE('',*,*,#4251,.T.);
#4251 = EDGE_CURVE('',#3416,#4252,#4254,.T.);
#4252 = VERTEX_POINT('',#4253);
#4253 = CARTESIAN_POINT('',(-15.67717932086,4.405271311884,12.5));
#4254 = ( BOUNDED_CURVE() B_SPLINE_CURVE(3,(#4255,#4256,#4257,#4258),
.UNSPECIFIED.,.F.,.F.) B_SPLINE_CURVE_WITH_KNOTS((4,4),(3.345321775966,
3.364269249296),.PIECEWISE_BEZIER_KNOTS.) CURVE() 
GEOMETRIC_REPRESENTATION_ITEM() RATIONAL_B_SPLINE_CURVE((1.,1.,1.,1.)) 
REPRESENTATION_ITEM('') );
#4255 = CARTESIAN_POINT('',(-15.6564074329,4.412379242077,
    12.506784431984));
#4256 = CARTESIAN_POINT('',(-15.66333371134,4.410031889041,
    12.504523424104));
#4257 = CARTESIAN_POINT('',(-15.67025758906,4.407662622406,
    12.502261862527));
#4258 = CARTESIAN_POINT('',(-15.67717932086,4.405271311884,12.5));
#4259 = ORIENTED_EDGE('',*,*,#4260,.F.);
#4260 = EDGE_CURVE('',#570,#4252,#4261,.T.);
#4261 = ( BOUNDED_CURVE() B_SPLINE_CURVE(2,(#4262,#4263,#4264),
.UNSPECIFIED.,.F.,.F.) B_SPLINE_CURVE_WITH_KNOTS((3,3),(0.,
1.894747333E-02),.PIECEWISE_BEZIER_KNOTS.) CURVE() 
GEOMETRIC_REPRESENTATION_ITEM() RATIONAL_B_SPLINE_CURVE((1.,
0.793081310083,1.)) REPRESENTATION_ITEM('') );
#4262 = CARTESIAN_POINT('',(-14.82577985312,6.071682083727,
    11.478621508994));
#4263 = CARTESIAN_POINT('',(-14.69365137305,4.745059214812,
    11.64927856535));
#4264 = CARTESIAN_POINT('',(-15.67717932086,4.405271311884,12.5));
#4265 = ORIENTED_EDGE('',*,*,#582,.F.);
#4266 = ( BOUNDED_SURFACE() B_SPLINE_SURFACE(2,3,(
    (#4267,#4268,#4269,#4270)
    ,(#4271,#4272,#4273,#4274)
    ,(#4275,#4276,#4277,#4278
)),.UNSPECIFIED.,.F.,.F.,.F.) B_SPLINE_SURFACE_WITH_KNOTS((3,3),(4,4),(
    0.,1.894747333E-02),(3.345321775966,3.364269249296),
.PIECEWISE_BEZIER_KNOTS.) GEOMETRIC_REPRESENTATION_ITEM() 
RATIONAL_B_SPLINE_SURFACE((
    (1.,1.,1.,1.)
    ,(0.795237589899,0.794519930574,0.793801194591,0.793081310083)
,(1.,1.,1.,1.))) REPRESENTATION_ITEM('') SURFACE() );
#4267 = CARTESIAN_POINT('',(-14.8146703601,6.075718176052,
    11.492956195926));
#4268 = CARTESIAN_POINT('',(-14.81838053745,6.074409530634,
    11.488173696671));
#4269 = CARTESIAN_POINT('',(-14.82208369981,6.07306415444,
    11.483395458132));
#4270 = CARTESIAN_POINT('',(-14.82577985312,6.071682083727,
    11.478621508994));
#4271 = CARTESIAN_POINT('',(-14.68364823321,4.758732796864,
    11.661846565528));
#4272 = CARTESIAN_POINT('',(-14.68699310185,4.75421368515,
    11.657647635027));
#4273 = CARTESIAN_POINT('',(-14.69032749352,4.749655868308,
    11.653458266959));
#4274 = CARTESIAN_POINT('',(-14.69365137305,4.745059214812,
    11.64927856535));
#4275 = CARTESIAN_POINT('',(-15.6564074329,4.412379242077,
    12.506784431984));
#4276 = CARTESIAN_POINT('',(-15.66333371134,4.410031889041,
    12.504523424104));
#4277 = CARTESIAN_POINT('',(-15.67025758906,4.407662622406,
    12.502261862527));
#4278 = CARTESIAN_POINT('',(-15.67717932086,4.405271311884,12.5));
#4279 = ADVANCED_FACE('',(#4280),#4483,.F.);
#4280 = FACE_BOUND('',#4281,.F.);
#4281 = EDGE_LOOP('',(#4282,#4290,#4482));
#4282 = ORIENTED_EDGE('',*,*,#4283,.T.);
#4283 = EDGE_CURVE('',#307,#4284,#4286,.T.);
#4284 = VERTEX_POINT('',#4285);
#4285 = CARTESIAN_POINT('',(-15.65640743489,4.412379247868,
    -12.50678398071));
#4286 = ( BOUNDED_CURVE() B_SPLINE_CURVE(2,(#4287,#4288,#4289),
.UNSPECIFIED.,.F.,.F.) B_SPLINE_CURVE_WITH_KNOTS((3,3),(0.,
1.894683861739E-02),.PIECEWISE_BEZIER_KNOTS.) CURVE() 
GEOMETRIC_REPRESENTATION_ITEM() RATIONAL_B_SPLINE_CURVE((1.,
0.795237944948,1.)) REPRESENTATION_ITEM('') );
#4287 = CARTESIAN_POINT('',(-14.81472847017,6.075700124494,
    -11.49288129039));
#4288 = CARTESIAN_POINT('',(-14.68364758742,4.758732174928,
    -11.66184916159));
#4289 = CARTESIAN_POINT('',(-15.65640743489,4.412379247868,
    -12.50678398071));
#4290 = ORIENTED_EDGE('',*,*,#4291,.T.);
#4291 = EDGE_CURVE('',#4284,#299,#4292,.T.);
#4292 = ( BOUNDED_CURVE() B_SPLINE_CURVE(12,(#4293,#4294,#4295,#4296,
    #4297,#4298,#4299,#4300,#4301,#4302,#4303,#4304,#4305,#4306,#4307,
    #4308,#4309,#4310,#4311,#4312,#4313,#4314,#4315,#4316,#4317,#4318,
    #4319,#4320,#4321,#4322,#4323,#4324,#4325,#4326,#4327,#4328,#4329,
    #4330,#4331,#4332,#4333,#4334,#4335,#4336,#4337,#4338,#4339,#4340,
    #4341,#4342,#4343,#4344,#4345,#4346,#4347,#4348,#4349,#4350,#4351,
    #4352,#4353,#4354,#4355,#4356,#4357,#4358,#4359,#4360,#4361,#4362,
    #4363,#4364,#4365,#4366,#4367,#4368,#4369,#4370,#4371,#4372,#4373,
    #4374,#4375,#4376,#4377,#4378,#4379,#4380,#4381,#4382,#4383,#4384,
    #4385,#4386,#4387,#4388,#4389,#4390,#4391,#4392,#4393,#4394,#4395,
    #4396,#4397,#4398,#4399,#4400,#4401,#4402,#4403,#4404,#4405,#4406,
    #4407,#4408,#4409,#4410,#4411,#4412,#4413,#4414,#4415,#4416,#4417,
    #4418,#4419,#4420,#4421,#4422,#4423,#4424,#4425,#4426,#4427,#4428,
    #4429,#4430,#4431,#4432,#4433,#4434,#4435,#4436,#4437,#4438,#4439,
    #4440,#4441,#4442,#4443,#4444,#4445,#4446,#4447,#4448,#4449,#4450,
    #4451,#4452,#4453,#4454,#4455,#4456,#4457,#4458,#4459,#4460,#4461,
    #4462,#4463,#4464,#4465,#4466,#4467,#4468,#4469,#4470,#4471,#4472,
    #4473,#4474,#4475,#4476,#4477,#4478,#4479,#4480,#4481),
.UNSPECIFIED.,.F.,.F.) B_SPLINE_CURVE_WITH_KNOTS((13,11,11,11,11,11,11,
    11,11,11,11,11,11,11,11,11,11,13),(3.505340843819,3.60715346249,
    3.658059771825,3.70896608116,3.912591318502,4.319841793184,
    5.13434274255,5.907534860189,6.386205318415,6.623637722977,
    6.737119776204,6.793860802818,6.822231316125,6.836416572778,
    6.843509201105,6.847055515268,6.84882867235,6.850601829432),
.UNSPECIFIED.) CURVE() GEOMETRIC_REPRESENTATION_ITEM() 
RATIONAL_B_SPLINE_CURVE((1.,1.,1.,0.999999999999,1.000000000002,
    0.999999999998,1.000000000002,0.999999999998,1.000000000001,
    0.999999999999,1.,1.,1.,1.000000000001,0.999999999998,1.000000000003
    ,0.999999999995,1.000000000005,0.999999999995,1.000000000003,
    0.999999999998,1.000000000001,1.,1.,1.,0.999999999999,1.000000000001
    ,0.999999999999,1.000000000001,0.999999999999,1.000000000001,1.,1.,
    1.,1.,1.,1.000000000001,0.999999999999,1.000000000001,0.999999999999
    ,1.000000000001,0.999999999999,1.,1.,1.,1.,0.999999999999,
    1.000000000002,0.999999999997,1.000000000004,0.999999999996,
    1.000000000003,0.999999999998,1.000000000001,1.,1.,1.,0.999999999999
    ,1.000000000002,0.999999999997,1.000000000004,0.999999999996,
    1.000000000003,0.999999999998,1.000000000001,1.,1.,1.,1.,1.,
    1.000000000001,0.999999999999,1.000000000001,0.999999999999,
    1.000000000001,0.999999999999,1.,1.,1.,0.999999999999,1.000000000002
    ,0.999999999997,1.000000000004,0.999999999996,1.000000000004,
    0.999999999998,1.000000000001,1.,1.,1.,1.000000000001,0.999999999999
    ,1.000000000002,0.999999999997,1.000000000004,0.999999999997,
    1.000000000002,0.999999999999,1.,1.,1.,1.,0.999999999999,
    1.000000000002,0.999999999996,1.000000000004,0.999999999996,
    1.000000000003,0.999999999998,1.000000000001,1.,1.,0.999999999999,
    1.000000000002,0.999999999997,1.000000000005,0.999999999995,
    1.000000000004,0.999999999998,1.000000000001,1.,1.,1.,1.,
    1.000000000001,0.999999999999,1.000000000002,0.999999999998,
    1.000000000002,0.999999999998,1.000000000001,1.,1.,1.,1.000000000001
    ,0.999999999999,1.000000000003,0.999999999996,1.000000000004,
    0.999999999997,1.000000000002,0.999999999999,1.,1.,1.,0.999999999999
    ,1.000000000001,0.999999999997,1.000000000004,0.999999999996,
    1.000000000004,0.999999999998,1.000000000001,1.,1.,1.,1.,
    1.000000000001,0.999999999998,1.000000000002,0.999999999998,
    1.000000000001,0.999999999999,1.,1.,1.,1.,1.,1.000000000001,
    0.999999999998,1.000000000003,0.999999999997,1.000000000003,
    0.999999999998,1.000000000001,1.,1.,1.,1.,1.,1.,0.999999999999,
    1.000000000001,0.999999999999,1.000000000001,1.,1.,1.,1.)) 
REPRESENTATION_ITEM('') );
#4293 = CARTESIAN_POINT('',(-15.6564074349,4.412379247866,-12.5067839807
    ));
#4294 = CARTESIAN_POINT('',(-15.64710646087,4.415531347464,
    -12.50982390762));
#4295 = CARTESIAN_POINT('',(-15.63778791619,4.418660137934,
    -12.51285048498));
#4296 = CARTESIAN_POINT('',(-15.62846497185,4.421761352658,
    -12.51587506637));
#4297 = CARTESIAN_POINT('',(-15.61914483696,4.424832813117,
    -12.51890382801));
#4298 = CARTESIAN_POINT('',(-15.60983007444,4.427873970736,
    -12.52193891083));
#4299 = CARTESIAN_POINT('',(-15.60051991663,4.430885448752,
    -12.52497956262));
#4300 = CARTESIAN_POINT('',(-15.59121158094,4.433868584055,
    -12.52802328011));
#4301 = CARTESIAN_POINT('',(-15.58190158546,4.436824969056,
    -12.53106695101));
#4302 = CARTESIAN_POINT('',(-15.57258706462,4.439755993533,
    -12.53410799621));
#4303 = CARTESIAN_POINT('',(-15.56326708482,4.442662386489,
    -12.53714551178));
#4304 = CARTESIAN_POINT('',(-15.55394396007,4.445543758007,
    -12.54018141113));
#4305 = CARTESIAN_POINT('',(-15.53996487133,4.449825332656,
    -12.54474164504));
#4306 = CARTESIAN_POINT('',(-15.53530768006,4.451244997023,
    -12.54626422422));
#4307 = CARTESIAN_POINT('',(-15.53064476361,4.452660714176,
    -12.5477819306));
#4308 = CARTESIAN_POINT('',(-15.52598695755,4.454067866608,
    -12.54930444874));
#4309 = CARTESIAN_POINT('',(-15.52133515257,4.455466054061,
    -12.55083257939));
#4310 = CARTESIAN_POINT('',(-15.51668285427,4.456858049031,
    -12.55236051657));
#4311 = CARTESIAN_POINT('',(-15.51202693834,4.458245210721,
    -12.5538854616));
#4312 = CARTESIAN_POINT('',(-15.50737251827,4.459625358496,
    -12.55541198607));
#4313 = CARTESIAN_POINT('',(-15.50272713466,4.460995189277,
    -12.55694685178));
#4314 = CARTESIAN_POINT('',(-15.49808876732,4.462355406771,
    -12.55848829048));
#4315 = CARTESIAN_POINT('',(-15.49344146372,4.46371281377,
    -12.56002204195));
#4316 = CARTESIAN_POINT('',(-15.48412187388,4.466426590667,
    -12.56306744623));
#4317 = CARTESIAN_POINT('',(-15.47946184147,4.467777426601,
    -12.56459012535));
#4318 = CARTESIAN_POINT('',(-15.47480158571,4.469122244583,
    -12.5661127847));
#4319 = CARTESIAN_POINT('',(-15.47014112076,4.470461079174,
    -12.56763542751));
#4320 = CARTESIAN_POINT('',(-15.46548046074,4.471793964943,
    -12.56915805702));
#4321 = CARTESIAN_POINT('',(-15.4608196198,4.473120936444,
    -12.57068067649));
#4322 = CARTESIAN_POINT('',(-15.45615861208,4.474442028252,
    -12.57220328913));
#4323 = CARTESIAN_POINT('',(-15.45149745173,4.475757274917,
    -12.5737258982));
#4324 = CARTESIAN_POINT('',(-15.44683615289,4.477066711012,
    -12.57524850694));
#4325 = CARTESIAN_POINT('',(-15.44217472969,4.478370371095,
    -12.57677111858));
#4326 = CARTESIAN_POINT('',(-15.43751319629,4.479668289732,
    -12.57829373637));
#4327 = CARTESIAN_POINT('',(-15.41420504895,4.486129348491,
    -12.58590687225));
#4328 = CARTESIAN_POINT('',(-15.39555700507,4.491206853097,
    -12.59199755262));
#4329 = CARTESIAN_POINT('',(-15.37690824612,4.496195151287,
    -12.5980885607));
#4330 = CARTESIAN_POINT('',(-15.3582596002,4.501096316427,
    -12.60418008924));
#4331 = CARTESIAN_POINT('',(-15.33961191256,4.505912359269,
    -12.61027236775));
#4332 = CARTESIAN_POINT('',(-15.32096604563,4.510645227941,
    -12.61636566248));
#4333 = CARTESIAN_POINT('',(-15.30232287896,4.515296807959,
    -12.62246027641));
#4334 = CARTESIAN_POINT('',(-15.2836833093,4.519868922213,
    -12.62855654925));
#4335 = CARTESIAN_POINT('',(-15.26504825053,4.524363330984,
    -12.63465485748));
#4336 = CARTESIAN_POINT('',(-15.24641863373,4.528781731927,
    -12.6407556143));
#4337 = CARTESIAN_POINT('',(-15.22779540709,4.533125760083,
    -12.64685926964));
#4338 = CARTESIAN_POINT('',(-15.17194779377,4.545939443453,
    -12.66518039126));
#4339 = CARTESIAN_POINT('',(-15.13474489994,4.554191048072,
    -12.67740745327));
#4340 = CARTESIAN_POINT('',(-15.09757942378,4.562163966159,
    -12.6896522036));
#4341 = CARTESIAN_POINT('',(-15.06045974957,4.569869498999,
    -12.70191954271));
#4342 = CARTESIAN_POINT('',(-15.02339407659,4.577318084723,
    -12.7142145641));
#4343 = CARTESIAN_POINT('',(-14.98639041913,4.584519298324,
    -12.72654255432));
#4344 = CARTESIAN_POINT('',(-14.94945660646,4.591481851639,
    -12.73890899297));
#4345 = CARTESIAN_POINT('',(-14.91260028285,4.598213593365,
    -12.75131955272));
#4346 = CARTESIAN_POINT('',(-14.87582890759,4.604721509046,
    -12.76378009927));
#4347 = CARTESIAN_POINT('',(-14.83914975494,4.611011721083,
    -12.77629669137));
#4348 = CARTESIAN_POINT('',(-14.80256991417,4.617089488726,
    -12.78887558083));
#4349 = CARTESIAN_POINT('',(-14.69314904029,4.634698646793,
    -12.82681847586));
#4350 = CARTESIAN_POINT('',(-14.62062441101,4.645608186115,
    -12.85238605506));
#4351 = CARTESIAN_POINT('',(-14.54857417944,4.655725532817,
    -12.87827416944));
#4352 = CARTESIAN_POINT('',(-14.47704065221,4.665080896639,
    -12.90452662746));
#4353 = CARTESIAN_POINT('',(-14.40605730998,4.673697995935,
    -12.93118302047));
#4354 = CARTESIAN_POINT('',(-14.33564945272,4.681595063324,
    -12.95827891645));
#4355 = CARTESIAN_POINT('',(-14.26583484494,4.688785851321,
    -12.98584605373));
#4356 = CARTESIAN_POINT('',(-14.19662436086,4.695280637999,
    -13.01391253476));
#4357 = CARTESIAN_POINT('',(-14.12802262973,4.701087232614,
    -13.04250301984));
#4358 = CARTESIAN_POINT('',(-14.06002868099,4.706211981267,
    -13.07163892086));
#4359 = CARTESIAN_POINT('',(-13.9926365895,4.710660772533,
    -13.10133859506));
#4360 = CARTESIAN_POINT('',(-13.86242355402,4.718027641419,
    -13.16036083321));
#4361 = CARTESIAN_POINT('',(-13.80984892371,4.716869397925,
    -13.18817093954));
#4362 = CARTESIAN_POINT('',(-13.75134256635,4.716802626796,
    -13.21749427542));
#4363 = CARTESIAN_POINT('',(-13.68551182801,4.718539504947,
    -13.24947954463));
#4364 = CARTESIAN_POINT('',(-13.62670102884,4.716909109296,
    -13.2810139448));
#4365 = CARTESIAN_POINT('',(-13.56322200078,4.716070359675,
    -13.31423781984));
#4366 = CARTESIAN_POINT('',(-13.49657858714,4.715613641131,
    -13.34913437863));
#4367 = CARTESIAN_POINT('',(-13.43350608813,4.713173841697,
    -13.38443751469));
#4368 = CARTESIAN_POINT('',(-13.36643770222,4.711411496849,
    -13.42146061136));
#4369 = CARTESIAN_POINT('',(-13.30044246317,4.708658324239,
    -13.45938443287));
#4370 = CARTESIAN_POINT('',(-13.23373426899,4.705578651102,
    -13.49847664681));
#4371 = CARTESIAN_POINT('',(-13.12559515911,4.699804619383,
    -13.56349635737));
#4372 = CARTESIAN_POINT('',(-13.08419420012,4.697417458789,
    -13.58876883685));
#4373 = CARTESIAN_POINT('',(-13.04277932295,4.694851779018,
    -13.61444421777));
#4374 = CARTESIAN_POINT('',(-13.00138766625,4.692108944221,
    -13.64051332475));
#4375 = CARTESIAN_POINT('',(-12.96005525216,4.689190838267,
    -13.66696601831));
#4376 = CARTESIAN_POINT('',(-12.91881698627,4.686099864734,
    -13.69379119489));
#4377 = CARTESIAN_POINT('',(-12.87770665768,4.682838946917,
    -13.72097678679));
#4378 = CARTESIAN_POINT('',(-12.83675693893,4.679411527819,
    -13.74850976223));
#4379 = CARTESIAN_POINT('',(-12.79599938604,4.675821570162,
    -13.77637612534));
#4380 = CARTESIAN_POINT('',(-12.75546443851,4.672073556376,
    -13.80456091611));
#4381 = CARTESIAN_POINT('',(-12.71518141931,4.668172488608,
    -13.83304821046));
#4382 = CARTESIAN_POINT('',(-12.65533611329,4.662115682879,
    -13.87609319617));
#4383 = CARTESIAN_POINT('',(-12.63556310415,4.660070962828,
    -13.89043603392));
#4384 = CARTESIAN_POINT('',(-12.61586266631,4.657990481,-13.90484719523)
  );
#4385 = CARTESIAN_POINT('',(-12.59623795863,4.655874989832,
    -13.91932424187));
#4386 = CARTESIAN_POINT('',(-12.57669213996,4.653725241767,
    -13.9338647356));
#4387 = CARTESIAN_POINT('',(-12.55722836914,4.651541989236,
    -13.94846623822));
#4388 = CARTESIAN_POINT('',(-12.53784980503,4.649325984686,
    -13.96312631148));
#4389 = CARTESIAN_POINT('',(-12.51855960647,4.647077980548,
    -13.97784251717));
#4390 = CARTESIAN_POINT('',(-12.49936093233,4.644798729265,
    -13.99261241705));
#4391 = CARTESIAN_POINT('',(-12.48025694145,4.642488983274,
    -14.00743357291));
#4392 = CARTESIAN_POINT('',(-12.46125079268,4.640149495013,
    -14.02230354652));
#4393 = CARTESIAN_POINT('',(-12.4333098311,4.636648990492,
    -14.04434924823));
#4394 = CARTESIAN_POINT('',(-12.42429699838,4.635510370984,
    -14.05148909697));
#4395 = CARTESIAN_POINT('',(-12.41530744238,4.634365254228,
    -14.05863912613));
#4396 = CARTESIAN_POINT('',(-12.40634145877,4.63321373606,
    -14.06579901597));
#4397 = CARTESIAN_POINT('',(-12.39739934322,4.632055912312,
    -14.07296844676));
#4398 = CARTESIAN_POINT('',(-12.38848139142,4.630891878818,
    -14.08014709877));
#4399 = CARTESIAN_POINT('',(-12.37958789902,4.62972173141,
    -14.08733465226));
#4400 = CARTESIAN_POINT('',(-12.37071916171,4.628545565924,
    -14.09453078749));
#4401 = CARTESIAN_POINT('',(-12.36187547516,4.627363478192,
    -14.10173518474));
#4402 = CARTESIAN_POINT('',(-12.35305713503,4.626175564047,
    -14.10894752428));
#4403 = CARTESIAN_POINT('',(-12.34426443701,4.624981919324,
    -14.11616748636));
#4404 = CARTESIAN_POINT('',(-12.33111429665,4.623183000121,
    -14.1270083837));
#4405 = CARTESIAN_POINT('',(-12.32673739644,4.622581953003,
    -14.13062383603));
#4406 = CARTESIAN_POINT('',(-12.32236700993,4.621979511142,
    -14.13424106519));
#4407 = CARTESIAN_POINT('',(-12.31800317092,4.621375687175,
    -14.13786002815));
#4408 = CARTESIAN_POINT('',(-12.3136459132,4.620770493746,
    -14.14148068189));
#4409 = CARTESIAN_POINT('',(-12.30929527055,4.620163943489,
    -14.14510298337));
#4410 = CARTESIAN_POINT('',(-12.30495127678,4.619556049052,
    -14.14872688956));
#4411 = CARTESIAN_POINT('',(-12.30061396567,4.618946823065,
    -14.15235235742));
#4412 = CARTESIAN_POINT('',(-12.29628337102,4.618336278175,
    -14.15597934392));
#4413 = CARTESIAN_POINT('',(-12.29195952662,4.617724427018,
    -14.15960780602));
#4414 = CARTESIAN_POINT('',(-12.28764246627,4.617111282236,
    -14.1632377007));
#4415 = CARTESIAN_POINT('',(-12.28117710248,4.616189643583,
    -14.16868462703));
#4416 = CARTESIAN_POINT('',(-12.27902368531,4.615882110511,
    -14.17050061624));
#4417 = CARTESIAN_POINT('',(-12.2768719762,4.615574258853,
    -14.17231694705));
#4418 = CARTESIAN_POINT('',(-12.27472197911,4.615266090206,
    -14.17413361393));
#4419 = CARTESIAN_POINT('',(-12.27257369801,4.614957606173,
    -14.17595061137));
#4420 = CARTESIAN_POINT('',(-12.27042713687,4.614648808349,
    -14.17776793387));
#4421 = CARTESIAN_POINT('',(-12.26828229966,4.614339698339,
    -14.1795855759));
#4422 = CARTESIAN_POINT('',(-12.26613919034,4.614030277739,
    -14.18140353197));
#4423 = CARTESIAN_POINT('',(-12.26399781288,4.613720548151,
    -14.18322179654));
#4424 = CARTESIAN_POINT('',(-12.26185817125,4.613410511172,
    -14.18504036412));
#4425 = CARTESIAN_POINT('',(-12.25972026941,4.613100168405,
    -14.18685922918));
#4426 = CARTESIAN_POINT('',(-12.25651603231,4.612634197968,
    -14.18958796473));
#4427 = CARTESIAN_POINT('',(-12.25544838918,4.612478798443,
    -14.19049761623));
#4428 = CARTESIAN_POINT('',(-12.25438118244,4.61232332307,
    -14.19140734002));
#4429 = CARTESIAN_POINT('',(-12.25331441257,4.612167772049,
    -14.19231713541));
#4430 = CARTESIAN_POINT('',(-12.25224808004,4.612012145582,
    -14.19322700169));
#4431 = CARTESIAN_POINT('',(-12.25118218533,4.611856443864,
    -14.19413693818));
#4432 = CARTESIAN_POINT('',(-12.25011672891,4.611700667099,
    -14.19504694418));
#4433 = CARTESIAN_POINT('',(-12.24905171126,4.611544815483,-14.195957019
    ));
#4434 = CARTESIAN_POINT('',(-12.24798713286,4.611388889219,
    -14.19686716194));
#4435 = CARTESIAN_POINT('',(-12.24692299418,4.611232888504,
    -14.19777737231));
#4436 = CARTESIAN_POINT('',(-12.2458592957,4.611076813539,
    -14.19868764941));
#4437 = CARTESIAN_POINT('',(-12.24426440901,4.610842590014,
    -14.20005316413));
#4438 = CARTESIAN_POINT('',(-12.24373289027,4.610764496993,
    -14.20050835222));
#4439 = CARTESIAN_POINT('',(-12.24320148177,4.610686385484,
    -14.20096355672));
#4440 = CARTESIAN_POINT('',(-12.24267018354,4.610608255513,
    -14.20141877756));
#4441 = CARTESIAN_POINT('',(-12.24213899566,4.6105301071,-14.20187401465
    ));
#4442 = CARTESIAN_POINT('',(-12.24160791818,4.610451940279,
    -14.2023292679));
#4443 = CARTESIAN_POINT('',(-12.24107695116,4.610373755064,
    -14.20278453723));
#4444 = CARTESIAN_POINT('',(-12.24054609466,4.61029555149,
    -14.20323982254));
#4445 = CARTESIAN_POINT('',(-12.24001534873,4.610217329573,
    -14.20369512376));
#4446 = CARTESIAN_POINT('',(-12.23948471343,4.610139089345,
    -14.20415044079));
#4447 = CARTESIAN_POINT('',(-12.23895418882,4.610060830826,
    -14.20460577354));
#4448 = CARTESIAN_POINT('',(-12.23815856804,4.609943415652,
    -14.20528879614));
#4449 = CARTESIAN_POINT('',(-12.2378933888,4.609904272695,
    -14.20551647425));
#4450 = CARTESIAN_POINT('',(-12.23762823725,4.609865125174,
    -14.20574415625));
#4451 = CARTESIAN_POINT('',(-12.23736311341,4.609825973095,
    -14.20597184215));
#4452 = CARTESIAN_POINT('',(-12.23709801727,4.609786816456,
    -14.20619953192));
#4453 = CARTESIAN_POINT('',(-12.23683294886,4.609747655267,
    -14.20642722556));
#4454 = CARTESIAN_POINT('',(-12.23656790816,4.609708489523,
    -14.20665492306));
#4455 = CARTESIAN_POINT('',(-12.23630289519,4.609669319236,
    -14.2068826244));
#4456 = CARTESIAN_POINT('',(-12.23603790996,4.609630144402,
    -14.20711032957));
#4457 = CARTESIAN_POINT('',(-12.23577295248,4.609590965027,
    -14.20733803857));
#4458 = CARTESIAN_POINT('',(-12.23550802275,4.609551781114,
    -14.20756575137));
#4459 = CARTESIAN_POINT('',(-12.23511066979,4.609492998442,
    -14.20790732629));
#4460 = CARTESIAN_POINT('',(-12.23497822575,4.609473403085,
    -14.20802118554));
#4461 = CARTESIAN_POINT('',(-12.23484578864,4.609453806593,
    -14.20813504575));
#4462 = CARTESIAN_POINT('',(-12.23471335848,4.609434208969,
    -14.2082489069));
#4463 = CARTESIAN_POINT('',(-12.23458093526,4.609414610212,-14.208362769
    ));
#4464 = CARTESIAN_POINT('',(-12.23444851898,4.609395010324,
    -14.20847663204));
#4465 = CARTESIAN_POINT('',(-12.23431610964,4.609375409302,
    -14.20859049603));
#4466 = CARTESIAN_POINT('',(-12.23418370725,4.60935580715,
    -14.20870436095));
#4467 = CARTESIAN_POINT('',(-12.23405131181,4.609336203866,
    -14.20881822682));
#4468 = CARTESIAN_POINT('',(-12.23391892332,4.609316599452,
    -14.20893209363));
#4469 = CARTESIAN_POINT('',(-12.23378654177,4.609296993908,
    -14.20904596138));
#4470 = CARTESIAN_POINT('',(-12.23352179257,4.609257780559,
    -14.20927369875));
#4471 = CARTESIAN_POINT('',(-12.2333857923,4.609252978165,
    -14.20939069524));
#4472 = CARTESIAN_POINT('',(-12.23328060363,4.609122624726,
    -14.20948117678));
#4473 = CARTESIAN_POINT('',(-12.23304798941,4.609511644192,
    -14.20968134999));
#4474 = CARTESIAN_POINT('',(-12.23315219925,4.608527904059,
    -14.20959160036));
#4475 = CARTESIAN_POINT('',(-12.23262883306,4.610101989623,
    -14.21004205943));
#4476 = CARTESIAN_POINT('',(-12.23296744433,4.608162958905,
    -14.20975055673));
#4477 = CARTESIAN_POINT('',(-12.23241634914,4.609850113366,
    -14.21022489805));
#4478 = CARTESIAN_POINT('',(-12.23255720367,4.608717130127,
    -14.21010363326));
#4479 = CARTESIAN_POINT('',(-12.23229804037,4.609214518355,
    -14.21032670073));
#4480 = CARTESIAN_POINT('',(-12.23220457641,4.609036596475,
    -14.21040714525));
#4481 = CARTESIAN_POINT('',(-12.2320661308,4.609042032652,
    -14.21052631578));
#4482 = ORIENTED_EDGE('',*,*,#306,.F.);
#4483 = ( BOUNDED_SURFACE() B_SPLINE_SURFACE(2,12,(
    (#4484,#4485,#4486,#4487,#4488,#4489,#4490,#4491,#4492,#4493,#4494
      ,#4495,#4496,#4497,#4498,#4499,#4500,#4501,#4502,#4503,#4504,#4505
      ,#4506,#4507,#4508,#4509,#4510,#4511,#4512,#4513,#4514,#4515,#4516
      ,#4517,#4518,#4519,#4520,#4521,#4522,#4523,#4524,#4525,#4526,#4527
      ,#4528,#4529,#4530,#4531,#4532,#4533,#4534,#4535,#4536,#4537,#4538
      ,#4539,#4540,#4541,#4542,#4543,#4544,#4545,#4546,#4547,#4548,#4549
      ,#4550,#4551,#4552,#4553,#4554,#4555,#4556,#4557,#4558,#4559,#4560
      ,#4561,#4562,#4563,#4564,#4565,#4566,#4567,#4568,#4569,#4570,#4571
      ,#4572,#4573,#4574,#4575,#4576,#4577,#4578,#4579,#4580,#4581,#4582
      ,#4583,#4584,#4585,#4586,#4587,#4588,#4589,#4590,#4591,#4592,#4593
      ,#4594,#4595,#4596,#4597,#4598,#4599,#4600,#4601,#4602,#4603,#4604
      ,#4605,#4606,#4607,#4608,#4609,#4610,#4611,#4612,#4613,#4614,#4615
      ,#4616,#4617,#4618,#4619,#4620,#4621,#4622,#4623,#4624,#4625,#4626
      ,#4627,#4628,#4629,#4630,#4631,#4632,#4633,#4634,#4635,#4636,#4637
      ,#4638,#4639,#4640,#4641,#4642,#4643,#4644,#4645,#4646,#4647,#4648
      ,#4649,#4650,#4651,#4652,#4653,#4654,#4655,#4656,#4657,#4658,#4659
      ,#4660,#4661,#4662,#4663,#4664,#4665,#4666,#4667,#4668,#4669,#4670
      ,#4671,#4672)
    ,(#4673,#4674,#4675,#4676,#4677,#4678,#4679,#4680,#4681,#4682,#4683
      ,#4684,#4685,#4686,#4687,#4688,#4689,#4690,#4691,#4692,#4693,#4694
      ,#4695,#4696,#4697,#4698,#4699,#4700,#4701,#4702,#4703,#4704,#4705
      ,#4706,#4707,#4708,#4709,#4710,#4711,#4712,#4713,#4714,#4715,#4716
      ,#4717,#4718,#4719,#4720,#4721,#4722,#4723,#4724,#4725,#4726,#4727
      ,#4728,#4729,#4730,#4731,#4732,#4733,#4734,#4735,#4736,#4737,#4738
      ,#4739,#4740,#4741,#4742,#4743,#4744,#4745,#4746,#4747,#4748,#4749
      ,#4750,#4751,#4752,#4753,#4754,#4755,#4756,#4757,#4758,#4759,#4760
      ,#4761,#4762,#4763,#4764,#4765,#4766,#4767,#4768,#4769,#4770,#4771
      ,#4772,#4773,#4774,#4775,#4776,#4777,#4778,#4779,#4780,#4781,#4782
      ,#4783,#4784,#4785,#4786,#4787,#4788,#4789,#4790,#4791,#4792,#4793
      ,#4794,#4795,#4796,#4797,#4798,#4799,#4800,#4801,#4802,#4803,#4804
      ,#4805,#4806,#4807,#4808,#4809,#4810,#4811,#4812,#4813,#4814,#4815
      ,#4816,#4817,#4818,#4819,#4820,#4821,#4822,#4823,#4824,#4825,#4826
      ,#4827,#4828,#4829,#4830,#4831,#4832,#4833,#4834,#4835,#4836,#4837
      ,#4838,#4839,#4840,#4841,#4842,#4843,#4844,#4845,#4846,#4847,#4848
      ,#4849,#4850,#4851,#4852,#4853,#4854,#4855,#4856,#4857,#4858,#4859
      ,#4860,#4861)
    ,(#4862,#4863,#4864,#4865,#4866,#4867,#4868,#4869,#4870,#4871,#4872
      ,#4873,#4874,#4875,#4876,#4877,#4878,#4879,#4880,#4881,#4882,#4883
      ,#4884,#4885,#4886,#4887,#4888,#4889,#4890,#4891,#4892,#4893,#4894
      ,#4895,#4896,#4897,#4898,#4899,#4900,#4901,#4902,#4903,#4904,#4905
      ,#4906,#4907,#4908,#4909,#4910,#4911,#4912,#4913,#4914,#4915,#4916
      ,#4917,#4918,#4919,#4920,#4921,#4922,#4923,#4924,#4925,#4926,#4927
      ,#4928,#4929,#4930,#4931,#4932,#4933,#4934,#4935,#4936,#4937,#4938
      ,#4939,#4940,#4941,#4942,#4943,#4944,#4945,#4946,#4947,#4948,#4949
      ,#4950,#4951,#4952,#4953,#4954,#4955,#4956,#4957,#4958,#4959,#4960
      ,#4961,#4962,#4963,#4964,#4965,#4966,#4967,#4968,#4969,#4970,#4971
      ,#4972,#4973,#4974,#4975,#4976,#4977,#4978,#4979,#4980,#4981,#4982
      ,#4983,#4984,#4985,#4986,#4987,#4988,#4989,#4990,#4991,#4992,#4993
      ,#4994,#4995,#4996,#4997,#4998,#4999,#5000,#5001,#5002,#5003,#5004
      ,#5005,#5006,#5007,#5008,#5009,#5010,#5011,#5012,#5013,#5014,#5015
      ,#5016,#5017,#5018,#5019,#5020,#5021,#5022,#5023,#5024,#5025,#5026
      ,#5027,#5028,#5029,#5030,#5031,#5032,#5033,#5034,#5035,#5036,#5037
      ,#5038,#5039,#5040,#5041,#5042,#5043,#5044,#5045,#5046,#5047,#5048
      ,#5049,#5050
)),.UNSPECIFIED.,.F.,.F.,.F.) B_SPLINE_SURFACE_WITH_KNOTS((3,3),(13,11,
    11,11,11,11,11,11,11,11,11,11,11,11,11,11,11,13),(0.,3.345260985613)
  ,(3.505340843819,3.60715346249,3.658059771825,3.70896608116,
    3.912591318502,4.319841793184,5.13434274255,5.907534860189,
    6.386205318415,6.623637722977,6.737119776204,6.793860802818,
    6.822231316125,6.836416572778,6.843509201105,6.847055515268,
    6.84882867235,6.850601829432),.UNSPECIFIED.) 
GEOMETRIC_REPRESENTATION_ITEM() RATIONAL_B_SPLINE_SURFACE((
    (1.,1.,1.,0.999999999999,1.000000000002,0.999999999998
      ,1.000000000002,0.999999999998,1.000000000001,0.999999999999,1.,1.
      ,1.,1.000000000001,0.999999999998,1.000000000003,0.999999999995
      ,1.000000000005,0.999999999995,1.000000000003,0.999999999998
      ,1.000000000001,1.,1.,1.,0.999999999999,1.000000000001
      ,0.999999999999,1.000000000001,0.999999999999,1.000000000001,1.,1.
      ,1.,1.,1.,1.000000000001,0.999999999999,1.000000000001
      ,0.999999999999,1.000000000001,0.999999999999,1.,1.,1.,1.
      ,0.999999999999,1.000000000002,0.999999999997,1.000000000004
      ,0.999999999996,1.000000000003,0.999999999998,1.000000000001,1.,1.
      ,1.,0.999999999999,1.000000000002,0.999999999997,1.000000000004
      ,0.999999999996,1.000000000003,0.999999999998,1.000000000001,1.,1.
      ,1.,1.,1.,1.000000000001,0.999999999999,1.000000000001
      ,0.999999999999,1.000000000001,0.999999999999,1.,1.,1.
      ,0.999999999999,1.000000000002,0.999999999997,1.000000000004
      ,0.999999999996,1.000000000004,0.999999999998,1.000000000001,1.,1.
      ,1.,1.000000000001,0.999999999999,1.000000000002,0.999999999997
      ,1.000000000004,0.999999999997,1.000000000002,0.999999999999,1.,1.
      ,1.,1.,0.999999999999,1.000000000002,0.999999999996,1.000000000004
      ,0.999999999996,1.000000000003,0.999999999998,1.000000000001,1.,1.
      ,0.999999999999,1.000000000002,0.999999999997,1.000000000005
      ,0.999999999995,1.000000000004,0.999999999998,1.000000000001,1.,1.
      ,1.,1.,1.000000000001,0.999999999999,1.000000000002,0.999999999998
      ,1.000000000002,0.999999999998,1.000000000001,1.,1.,1.
      ,1.000000000001,0.999999999999,1.000000000003,0.999999999996
      ,1.000000000004,0.999999999997,1.000000000002,0.999999999999,1.,1.
      ,1.,0.999999999999,1.000000000001,0.999999999997,1.000000000004
      ,0.999999999996,1.000000000004,0.999999999998,1.000000000001,1.,1.
      ,1.,1.,1.000000000001,0.999999999998,1.000000000002,0.999999999998
      ,1.000000000001,0.999999999999,1.,1.,1.,1.,1.,1.000000000001
      ,0.999999999998,1.000000000003,0.999999999997,1.000000000003
      ,0.999999999998,1.000000000001,1.,1.,1.,1.,1.,1.,0.999999999999
      ,1.000000000001,0.999999999999,1.000000000001,1.,1.,1.,1.)
    ,(0.795237944947,0.796201241982,0.797166553453,0.798130772891
      ,0.799092207357,0.800050265542,0.801005145937,0.801957524907
      ,0.802908244873,0.803858002395,0.804807036328,0.805754815935
      ,0.807172185563,0.80764355538,0.808115780859,0.808586308822
      ,0.809054930313,0.809523177846,0.80999178979,0.810459562252
      ,0.810924717964,0.811387732618,0.811852368257,0.812786579712
      ,0.813253262781,0.813719521709,0.814185355023,0.814650761235
      ,0.81511573888,0.815580286462,0.816044402519,0.816508085558
      ,0.81697133411,0.817434146691,0.819746022356,0.821588520751
      ,0.823423941734,0.825252204829,0.827073224374,0.828886909497
      ,0.830693164147,0.83249188706,0.834282971792,0.836066306693
      ,0.837841774921,0.843144213469,0.84664734285,0.850117482328
      ,0.853553491,0.856954247335,0.860318649131,0.863645613574
      ,0.866934077174,0.870182995821,0.873391344745,0.876558118539
      ,0.88593075637,0.892009390606,0.897911123221,0.903630484461
      ,0.909163493442,0.91450750599,0.919661062705,0.924623736746
      ,0.929395981906,0.933978980432,0.938374491034,0.946581374621
      ,0.949381670786,0.952703007271,0.956495080332,0.959490208092
      ,0.962802840166,0.966231859205,0.969145405842,0.972287254738
      ,0.975141763516,0.977898109764,0.98209853181,0.983644771544
      ,0.985128020926,0.986545439542,0.987894475534,0.989172865513
      ,0.990378634678,0.99151009668,0.992565853753,0.993544796608
      ,0.994446104503,0.995677543387,0.996066480785,0.996436062339
      ,0.996786293001,0.997117177697,0.997428721395,0.997720929007
      ,0.997993805505,0.998247355808,0.998481584874,0.998696497637
      ,0.998985587754,0.9990746866,0.999159407783,0.999239763512
      ,0.999315765979,0.999387427407,0.999454759974,0.99951777591
      ,0.999576487394,0.999630906648,0.999681045865,0.999749852947
      ,0.999771722844,0.999792529163,0.999812274107,0.999830959912
      ,0.999848588761,0.999865162904,0.999880684524,0.999895155858
      ,0.999908579106,0.999920956491,0.999937957089,0.999943363113
      ,0.999948508616,0.999953393911,0.999958019327,0.999962385168
      ,0.999966491771,0.999970339437,0.9999739285,0.999977259267
      ,0.999980332065,0.99998455478,0.999985897944,0.999987176738
      ,0.999988391215,0.999989541399,0.999990627358,0.999991649105
      ,0.999992606711,0.999993500195,0.999994329615,0.999995095006
      ,0.999996147116,0.999996481822,0.999996800541,0.999997103269
      ,0.999997390028,0.999997660798,0.999997915615,0.999998154456
      ,0.999998377348,0.999998584283,0.999998775273,0.999999037846
      ,0.999999121384,0.999999200941,0.999999276506,0.9999993481
      ,0.999999415697,0.999999479327,0.999999538964,0.999999594627
      ,0.999999646307,0.99999969401,0.999999759596,0.999999780463
      ,0.999999800337,0.999999819212,0.999999837101,0.999999853985
      ,0.999999869886,0.999999884784,0.999999898694,0.999999911606
      ,0.999999923527,0.999999945379,0.999999955311,0.999999964251
      ,0.999999972194,0.999999979149,0.999999985102,0.999999990074
      ,0.99999999404,0.999999997023,0.999999999007,1.,1.)
    ,(1.,1.,1.,0.999999999999,1.000000000002,0.999999999998
      ,1.000000000002,0.999999999998,1.000000000001,0.999999999999,1.,1.
      ,1.,1.000000000001,0.999999999998,1.000000000003,0.999999999995
      ,1.000000000005,0.999999999995,1.000000000003,0.999999999998
      ,1.000000000001,1.,1.,1.,0.999999999999,1.000000000001
      ,0.999999999999,1.000000000001,0.999999999999,1.000000000001,1.,1.
      ,1.,1.,1.,1.000000000001,0.999999999999,1.000000000001
      ,0.999999999999,1.000000000001,0.999999999999,1.,1.,1.,1.
      ,0.999999999999,1.000000000002,0.999999999997,1.000000000004
      ,0.999999999996,1.000000000003,0.999999999998,1.000000000001,1.,1.
      ,1.,0.999999999999,1.000000000002,0.999999999997,1.000000000004
      ,0.999999999996,1.000000000003,0.999999999998,1.000000000001,1.,1.
      ,1.,1.,1.,1.000000000001,0.999999999999,1.000000000001
      ,0.999999999999,1.000000000001,0.999999999999,1.,1.,1.
      ,0.999999999999,1.000000000002,0.999999999997,1.000000000004
      ,0.999999999996,1.000000000004,0.999999999998,1.000000000001,1.,1.
      ,1.,1.000000000001,0.999999999999,1.000000000002,0.999999999997
      ,1.000000000004,0.999999999997,1.000000000002,0.999999999999,1.,1.
      ,1.,1.,0.999999999999,1.000000000002,0.999999999996,1.000000000004
      ,0.999999999996,1.000000000003,0.999999999998,1.000000000001,1.,1.
      ,0.999999999999,1.000000000002,0.999999999997,1.000000000005
      ,0.999999999995,1.000000000004,0.999999999998,1.000000000001,1.,1.
      ,1.,1.,1.000000000001,0.999999999999,1.000000000002,0.999999999998
      ,1.000000000002,0.999999999998,1.000000000001,1.,1.,1.
      ,1.000000000001,0.999999999999,1.000000000003,0.999999999996
      ,1.000000000004,0.999999999997,1.000000000002,0.999999999999,1.,1.
      ,1.,0.999999999999,1.000000000001,0.999999999997,1.000000000004
      ,0.999999999996,1.000000000004,0.999999999998,1.000000000001,1.,1.
      ,1.,1.,1.000000000001,0.999999999998,1.000000000002,0.999999999998
      ,1.000000000001,0.999999999999,1.,1.,1.,1.,1.,1.000000000001
      ,0.999999999998,1.000000000003,0.999999999997,1.000000000003
      ,0.999999999998,1.000000000001,1.,1.,1.,1.,1.,1.,0.999999999999
      ,1.000000000001,0.999999999999,1.000000000001,1.,1.,1.,1.
))) REPRESENTATION_ITEM('') SURFACE() );
#4484 = CARTESIAN_POINT('',(-14.81472847017,6.075700124493,
    -11.49288129038));
#4485 = CARTESIAN_POINT('',(-14.80974578826,6.077457698217,
    -11.49930414273));
#4486 = CARTESIAN_POINT('',(-14.80475393391,6.079167209185,
    -11.50573254627));
#4487 = CARTESIAN_POINT('',(-14.79975295323,6.080829135762,
    -11.51216641618));
#4488 = CARTESIAN_POINT('',(-14.79474288435,6.082443875957,
    -11.51860567816));
#4489 = CARTESIAN_POINT('',(-14.78972375941,6.0840117678,-11.52505026578
    ));
#4490 = CARTESIAN_POINT('',(-14.78469560659,6.085533109687,
    -11.53150011796));
#4491 = CARTESIAN_POINT('',(-14.77965845213,6.087008180777,
    -11.5379551763));
#4492 = CARTESIAN_POINT('',(-14.77461232236,6.088437261321,
    -11.54441538256));
#4493 = CARTESIAN_POINT('',(-14.7695572457,6.089820653061,
    -11.55088067599));
#4494 = CARTESIAN_POINT('',(-14.76449325472,6.091158699567,
    -11.55735099081));
#4495 = CARTESIAN_POINT('',(-14.7594203881,6.092451806626,
    -11.56382625358));
#4496 = CARTESIAN_POINT('',(-14.75179784501,6.094324790572,
    -11.5735464441));
#4497 = CARTESIAN_POINT('',(-14.74925478831,6.094937987663,
    -11.57678772601));
#4498 = CARTESIAN_POINT('',(-14.74670951796,6.095540008491,
    -11.58003022923));
#4499 = CARTESIAN_POINT('',(-14.74416204676,6.096130984743,
    -11.58327393452));
#4500 = CARTESIAN_POINT('',(-14.74161237442,6.096710915247,
    -11.58651883932));
#4501 = CARTESIAN_POINT('',(-14.73906049394,6.097279730875,
    -11.5897649495));
#4502 = CARTESIAN_POINT('',(-14.7365064042,6.097837421982,
    -11.59301226357));
#4503 = CARTESIAN_POINT('',(-14.73395011193,6.098384058734,
    -11.59626077001));
#4504 = CARTESIAN_POINT('',(-14.73139162056,6.098919677536,
    -11.59951046155));
#4505 = CARTESIAN_POINT('',(-14.72883091721,6.09944414938,
    -11.60276135155));
#4506 = CARTESIAN_POINT('',(-14.72626798345,6.099957288786,
    -11.6060134604));
#4507 = CARTESIAN_POINT('',(-14.72113775512,6.100961920516,
    -11.6125199831));
#4508 = CARTESIAN_POINT('',(-14.71857045317,6.101453337901,
    -11.61577440624));
#4509 = CARTESIAN_POINT('',(-14.71600096656,6.101933890367,
    -11.61902998434));
#4510 = CARTESIAN_POINT('',(-14.71342929843,6.102403611476,
    -11.62228671056));
#4511 = CARTESIAN_POINT('',(-14.7108554519,6.102862534789,
    -11.62554457807));
#4512 = CARTESIAN_POINT('',(-14.70827943012,6.10331069387,
    -11.62880358003));
#4513 = CARTESIAN_POINT('',(-14.70570123621,6.103748122277,
    -11.63206370961));
#4514 = CARTESIAN_POINT('',(-14.70312087331,6.104174853574,
    -11.63532495998));
#4515 = CARTESIAN_POINT('',(-14.70053834456,6.104590921323,
    -11.63858732431));
#4516 = CARTESIAN_POINT('',(-14.69795365307,6.104996359085,
    -11.64185079575));
#4517 = CARTESIAN_POINT('',(-14.695366802,6.105391200421,-11.64511536748
    ));
#4518 = CARTESIAN_POINT('',(-14.68242176433,6.107312592784,
    -11.6614436934));
#4519 = CARTESIAN_POINT('',(-14.67203123038,6.108680694394,
    -11.67452385103));
#4520 = CARTESIAN_POINT('',(-14.66160638142,6.109881817312,
    -11.68762108675));
#4521 = CARTESIAN_POINT('',(-14.65114740294,6.110917960902,
    -11.70073498855));
#4522 = CARTESIAN_POINT('',(-14.64065447711,6.111791090297,
    -11.71386515123));
#4523 = CARTESIAN_POINT('',(-14.63012778275,6.112503136415,
    -11.72701117635));
#4524 = CARTESIAN_POINT('',(-14.61956749537,6.113055995934,
    -11.7401726723));
#4525 = CARTESIAN_POINT('',(-14.60897378713,6.113451531322,
    -11.75334925426));
#4526 = CARTESIAN_POINT('',(-14.59834682689,6.113691570807,
    -11.7665405442));
#4527 = CARTESIAN_POINT('',(-14.58768678015,6.113777908403,
    -11.77974617087));
#4528 = CARTESIAN_POINT('',(-14.5769938091,6.11371230389,-11.79296576984
    ));
#4529 = CARTESIAN_POINT('',(-14.54481659956,6.113064840699,
    -11.83266541073));
#4530 = CARTESIAN_POINT('',(-14.52323409411,6.112032509588,
    -11.85918625246));
#4531 = CARTESIAN_POINT('',(-14.50152181957,6.110413327289,
    -11.88575866137));
#4532 = CARTESIAN_POINT('',(-14.47968101377,6.10822077087,
    -11.91237985626));
#4533 = CARTESIAN_POINT('',(-14.45771288905,6.105467956673,
    -11.93904712205));
#4534 = CARTESIAN_POINT('',(-14.4356186322,6.102167640309,
    -11.96575780976));
#4535 = CARTESIAN_POINT('',(-14.41339940454,6.098332216664,
    -11.99250933652));
#4536 = CARTESIAN_POINT('',(-14.39105634185,6.093973719896,
    -12.01929918556));
#4537 = CARTESIAN_POINT('',(-14.36859055442,6.089103823436,
    -12.04612490623));
#4538 = CARTESIAN_POINT('',(-14.34600312702,6.083733839985,
    -12.07298411398));
#4539 = CARTESIAN_POINT('',(-14.3232951189,6.077874721519,
    -12.09987449035));
#4540 = CARTESIAN_POINT('',(-14.25481245366,6.058861734819,
    -12.18063236836));
#4541 = CARTESIAN_POINT('',(-14.20867925668,6.044272796238,
    -12.23458644628));
#4542 = CARTESIAN_POINT('',(-14.16207646284,6.02785598467,-12.2886377313
    ));
#4543 = CARTESIAN_POINT('',(-14.11501233671,6.009691874281,
    -12.34276866888));
#4544 = CARTESIAN_POINT('',(-14.0674950174,5.989855950096,
    -12.39696232487));
#4545 = CARTESIAN_POINT('',(-14.01953261837,5.968418685839,
    -12.45120227498));
#4546 = CARTESIAN_POINT('',(-13.97113332733,5.945445621742,
    -12.50547249421));
#4547 = CARTESIAN_POINT('',(-13.92230550606,5.920997442388,
    -12.55975724635));
#4548 = CARTESIAN_POINT('',(-13.87305779033,5.895130054525,
    -12.61404097338));
#4549 = CARTESIAN_POINT('',(-13.82339918972,5.8678946649,-12.66830818499
    ));
#4550 = CARTESIAN_POINT('',(-13.77333918752,5.839337858081,
    -12.72254334797));
#4551 = CARTESIAN_POINT('',(-13.67499522137,5.781178684428,
    -12.82816999386));
#4552 = CARTESIAN_POINT('',(-13.60252505213,5.761121798163,
    -12.90560543603));
#4553 = CARTESIAN_POINT('',(-13.53807150139,5.733215750734,
    -12.97313176217));
#4554 = CARTESIAN_POINT('',(-13.48397760131,5.697269342871,
    -13.02936177378));
#4555 = CARTESIAN_POINT('',(-13.41549166985,5.667581157238,
    -13.10023863037));
#4556 = CARTESIAN_POINT('',(-13.35354378197,5.630267608431,
    -13.16327792609));
#4557 = CARTESIAN_POINT('',(-13.29580194633,5.588836064888,
    -13.22132236834));
#4558 = CARTESIAN_POINT('',(-13.23093106396,5.550794870811,
    -13.28647121681));
#4559 = CARTESIAN_POINT('',(-13.17271506447,5.505914634626,
    -13.34381452169));
#4560 = CARTESIAN_POINT('',(-13.1124770708,5.461828040424,
    -13.40291250676));
#4561 = CARTESIAN_POINT('',(-13.05380071118,5.415494047878,
    -13.45983827108));
#4562 = CARTESIAN_POINT('',(-12.96000263812,5.338517085204,
    -13.55002978726));
#4563 = CARTESIAN_POINT('',(-12.92446097069,5.308581079967,
    -13.58400473896));
#4564 = CARTESIAN_POINT('',(-12.8892504977,5.278188344623,
    -13.61746926988));
#4565 = CARTESIAN_POINT('',(-12.85437716753,5.247383156416,
    -13.65042558587));
#4566 = CARTESIAN_POINT('',(-12.81984526699,5.216208215512,
    -13.68287724613));
#4567 = CARTESIAN_POINT('',(-12.78565742127,5.184704645001,
    -13.7148291632));
#4568 = CARTESIAN_POINT('',(-12.75181459399,5.152911990901,
    -13.74628760302));
#4569 = CARTESIAN_POINT('',(-12.71831608719,5.120868222149,
    -13.77726018485));
#4570 = CARTESIAN_POINT('',(-12.6851595413,5.088609730611,
    -13.80775588135));
#4571 = CARTESIAN_POINT('',(-12.65234093517,5.056171331074,
    -13.83778501851));
#4572 = CARTESIAN_POINT('',(-12.61985458607,5.023586261252,
    -13.86735927571));
#4573 = CARTESIAN_POINT('',(-12.57174028051,4.974666132342,
    -13.91094208266));
#4574 = CARTESIAN_POINT('',(-12.55586778374,4.958418303709,
    -13.9252834448));
#4575 = CARTESIAN_POINT('',(-12.54007476235,4.94214631529,
    -13.93951724064));
#4576 = CARTESIAN_POINT('',(-12.52436031936,4.925853786494,
    -13.95364493871));
#4577 = CARTESIAN_POINT('',(-12.50872355778,4.909544336726,
    -13.96766800757));
#4578 = CARTESIAN_POINT('',(-12.49316358063,4.893221585397,
    -13.98158791575));
#4579 = CARTESIAN_POINT('',(-12.47767949093,4.876889151909,
    -13.99540613178));
#4580 = CARTESIAN_POINT('',(-12.46227039169,4.860550655676,
    -14.00912412422));
#4581 = CARTESIAN_POINT('',(-12.44693538593,4.8442097161,-14.0227433616)
  );
#4582 = CARTESIAN_POINT('',(-12.43167357666,4.827869952591,
    -14.03626531247));
#4583 = CARTESIAN_POINT('',(-12.41648406689,4.811534984556,
    -14.04969144537));
#4584 = CARTESIAN_POINT('',(-12.39414018163,4.787405070368,
    -14.0693952241));
#4585 = CARTESIAN_POINT('',(-12.38693067863,4.779603547722,
    -14.07574567394));
#4586 = CARTESIAN_POINT('',(-12.37973734806,4.771804222682,
    -14.08207473017));
#4587 = CARTESIAN_POINT('',(-12.37256008736,4.764007454468,
    -14.08838254462));
#4588 = CARTESIAN_POINT('',(-12.36539879394,4.756213602294,
    -14.09466926913));
#4589 = CARTESIAN_POINT('',(-12.35825336525,4.748423025385,
    -14.10093505551));
#4590 = CARTESIAN_POINT('',(-12.3511236987,4.74063608295,-14.1071800556)
  );
#4591 = CARTESIAN_POINT('',(-12.34400969172,4.732853134216,
    -14.11340442122));
#4592 = CARTESIAN_POINT('',(-12.33691124173,4.725074538394,
    -14.11960830421));
#4593 = CARTESIAN_POINT('',(-12.32982824616,4.717300654708,
    -14.1257918564));
#4594 = CARTESIAN_POINT('',(-12.32276060244,4.709531842372,
    -14.13195522961));
#4595 = CARTESIAN_POINT('',(-12.31218201076,4.697886769722,
    -14.14117024871));
#4596 = CARTESIAN_POINT('',(-12.30865962756,4.694006434297,
    -14.14423691224));
#4597 = CARTESIAN_POINT('',(-12.30514104683,4.690127497871,
    -14.14729858347));
#4598 = CARTESIAN_POINT('',(-12.30162625706,4.686250003988,
    -14.15035527956));
#4599 = CARTESIAN_POINT('',(-12.29811524669,4.68237399619,
    -14.15340701769));
#4600 = CARTESIAN_POINT('',(-12.29460800419,4.678499518019,
    -14.15645381506));
#4601 = CARTESIAN_POINT('',(-12.29110451803,4.674626613017,
    -14.15949568883));
#4602 = CARTESIAN_POINT('',(-12.28760477666,4.670755324728,
    -14.16253265619));
#4603 = CARTESIAN_POINT('',(-12.28410876855,4.666885696692,
    -14.16556473432));
#4604 = CARTESIAN_POINT('',(-12.28061648217,4.663017772454,
    -14.1685919404));
#4605 = CARTESIAN_POINT('',(-12.27712790596,4.659151595554,
    -14.17161429161));
#4606 = CARTESIAN_POINT('',(-12.27190058963,4.653355016527,
    -14.17614056189));
#4607 = CARTESIAN_POINT('',(-12.27015907567,4.651423271093,
    -14.17764810902));
#4608 = CARTESIAN_POINT('',(-12.26841848512,4.649491978537,
    -14.17915444862));
#4609 = CARTESIAN_POINT('',(-12.26667881653,4.647561144157,
    -14.18065958278));
#4610 = CARTESIAN_POINT('',(-12.26494006851,4.645630773257,
    -14.18216351358));
#4611 = CARTESIAN_POINT('',(-12.26320223961,4.643700871133,
    -14.18366624313));
#4612 = CARTESIAN_POINT('',(-12.26146532842,4.64177144309,-14.1851677735
    ));
#4613 = CARTESIAN_POINT('',(-12.25972933352,4.639842494426,
    -14.1866681068));
#4614 = CARTESIAN_POINT('',(-12.25799425348,4.637914030443,
    -14.18816724512));
#4615 = CARTESIAN_POINT('',(-12.25626008688,4.635986056441,
    -14.18966519055));
#4616 = CARTESIAN_POINT('',(-12.25452683229,4.634058577721,
    -14.19116194517));
#4617 = CARTESIAN_POINT('',(-12.25192831631,4.631168110514,
    -14.19340529405));
#4618 = CARTESIAN_POINT('',(-12.25106237196,4.630204746572,
    -14.19415277983));
#4619 = CARTESIAN_POINT('',(-12.25019665507,4.629241508403,
    -14.1948999687));
#4620 = CARTESIAN_POINT('',(-12.24933116545,4.628278396656,
    -14.19564686093));
#4621 = CARTESIAN_POINT('',(-12.24846590293,4.627315411978,
    -14.19639345677));
#4622 = CARTESIAN_POINT('',(-12.2476008673,4.62635255502,-14.1971397565)
  );
#4623 = CARTESIAN_POINT('',(-12.2467360584,4.625389826424,
    -14.19788576037));
#4624 = CARTESIAN_POINT('',(-12.24587147603,4.624427226844,
    -14.19863146867));
#4625 = CARTESIAN_POINT('',(-12.24500712001,4.623464756923,
    -14.19937688164));
#4626 = CARTESIAN_POINT('',(-12.24414299015,4.622502417312,
    -14.20012199956));
#4627 = CARTESIAN_POINT('',(-12.24327908627,4.621540208657,
    -14.20086682269));
#4628 = CARTESIAN_POINT('',(-12.24198356914,4.620097093082,
    -14.2019836156));
#4629 = CARTESIAN_POINT('',(-12.24155178655,4.619616087456,
    -14.20235580627));
#4630 = CARTESIAN_POINT('',(-12.24112006037,4.61913511481,
    -14.20272792335));
#4631 = CARTESIAN_POINT('',(-12.2406883906,4.61865417522,-14.20309996686
    ));
#4632 = CARTESIAN_POINT('',(-12.2402567772,4.618173268775,
    -14.20347193685));
#4633 = CARTESIAN_POINT('',(-12.23982522015,4.61769239554,
    -14.20384383334));
#4634 = CARTESIAN_POINT('',(-12.23939371943,4.617211555612,
    -14.20421565637));
#4635 = CARTESIAN_POINT('',(-12.23896227502,4.616730749054,
    -14.20458740597));
#4636 = CARTESIAN_POINT('',(-12.23853088688,4.61624997596,
    -14.20495908218));
#4637 = CARTESIAN_POINT('',(-12.238099555,4.6157692364,-14.20533068503)
  );
#4638 = CARTESIAN_POINT('',(-12.23766827934,4.615288530459,
    -14.20570221455));
#4639 = CARTESIAN_POINT('',(-12.23702145018,4.614567522092,
    -14.20625939889));
#4640 = CARTESIAN_POINT('',(-12.23680585451,4.614327194395,
    -14.20644510868));
#4641 = CARTESIAN_POINT('',(-12.23659027289,4.61408687513,
    -14.20663080016));
#4642 = CARTESIAN_POINT('',(-12.23637470531,4.613846564311,
    -14.20681647332));
#4643 = CARTESIAN_POINT('',(-12.23615915177,4.613606261944,
    -14.20700212816));
#4644 = CARTESIAN_POINT('',(-12.23594361228,4.613365968042,
    -14.20718776471));
#4645 = CARTESIAN_POINT('',(-12.23572808682,4.613125682613,
    -14.20737338295));
#4646 = CARTESIAN_POINT('',(-12.2355125754,4.612885405668,
    -14.20755898289));
#4647 = CARTESIAN_POINT('',(-12.235297078,4.612645137216,-14.20774456454
    ));
#4648 = CARTESIAN_POINT('',(-12.23508159464,4.612404877267,
    -14.2079301279));
#4649 = CARTESIAN_POINT('',(-12.23486612529,4.612164625831,
    -14.20811567298));
#4650 = CARTESIAN_POINT('',(-12.23454294231,4.611804261463,
    -14.20839396318));
#4651 = CARTESIAN_POINT('',(-12.23443521815,4.611684142137,-14.208486722
    ));
#4652 = CARTESIAN_POINT('',(-12.2343274975,4.611564024944,
    -14.20857947626));
#4653 = CARTESIAN_POINT('',(-12.23421978035,4.611443909883,
    -14.20867222595));
#4654 = CARTESIAN_POINT('',(-12.23411206671,4.611323796957,
    -14.20876497107));
#4655 = CARTESIAN_POINT('',(-12.23400435657,4.611203686166,
    -14.20885771163));
#4656 = CARTESIAN_POINT('',(-12.23389664994,4.611083577513,
    -14.20895044761));
#4657 = CARTESIAN_POINT('',(-12.2337889468,4.610963470997,
    -14.20904317903));
#4658 = CARTESIAN_POINT('',(-12.23368124717,4.610843366622,
    -14.20913590588));
#4659 = CARTESIAN_POINT('',(-12.23357355105,4.610723264386,
    -14.20922862817));
#4660 = CARTESIAN_POINT('',(-12.23346585842,4.610603164293,
    -14.20932134589));
#4661 = CARTESIAN_POINT('',(-12.23325048017,4.610362968392,
    -14.20950677221));
#4662 = CARTESIAN_POINT('',(-12.23312814335,4.610302586158,
    -14.20961209218));
#4663 = CARTESIAN_POINT('',(-12.23313005221,4.609735834829,
    -14.20961046303));
#4664 = CARTESIAN_POINT('',(-12.23261800038,4.611263838725,
    -14.21005123685));
#4665 = CARTESIAN_POINT('',(-12.23346441174,4.60725519903,
    -14.20932267794));
#4666 = CARTESIAN_POINT('',(-12.23177964235,4.613562856227,
    -14.21077289465));
#4667 = CARTESIAN_POINT('',(-12.23357139865,4.6057013267,-14.20923060332
    ));
#4668 = CARTESIAN_POINT('',(-12.23177474287,4.612465029758,
    -14.21077712594));
#4669 = CARTESIAN_POINT('',(-12.23276885233,4.60785448562,
    -14.20992142599));
#4670 = CARTESIAN_POINT('',(-12.23214957482,4.60981960546,-14.2104544877
    ));
#4671 = CARTESIAN_POINT('',(-12.23219857571,4.609061053426,
    -14.21041231051));
#4672 = CARTESIAN_POINT('',(-12.2320661308,4.609042032652,
    -14.21052631578));
#4673 = CARTESIAN_POINT('',(-14.68364758742,4.758732174924,
    -11.66184916159));
#4674 = CARTESIAN_POINT('',(-14.6791640507,4.764786416692,
    -11.66747752323));
#4675 = CARTESIAN_POINT('',(-14.67467128283,4.770801748854,
    -11.67311273531));
#4676 = CARTESIAN_POINT('',(-14.67016798913,4.776764600601,
    -11.6787564357));
#4677 = CARTESIAN_POINT('',(-14.66565345294,4.782667805115,
    -11.68440951661));
#4678 = CARTESIAN_POINT('',(-14.66112742885,4.788509136242,
    -11.69007226311));
#4679 = CARTESIAN_POINT('',(-14.65659002642,4.794289870811,
    -11.69574450363));
#4680 = CARTESIAN_POINT('',(-14.6520415844,4.800013376035,
    -11.70142577244));
#4681 = CARTESIAN_POINT('',(-14.64748253532,4.805683721207,
    -11.70711548411));
#4682 = CARTESIAN_POINT('',(-14.64291326058,4.811304312809,
    -11.71281311984));
#4683 = CARTESIAN_POINT('',(-14.63833393591,4.81687655234,
    -11.71851842582));
#4684 = CARTESIAN_POINT('',(-14.63374436723,4.82239851626,
    -11.72423162335));
#4685 = CARTESIAN_POINT('',(-14.62684758095,4.83059142972,
    -11.73280961101));
#4686 = CARTESIAN_POINT('',(-14.62454845277,4.833303330286,
    -11.73566798291));
#4687 = CARTESIAN_POINT('',(-14.6222472477,4.836008134932,
    -11.73852770664));
#4688 = CARTESIAN_POINT('',(-14.61994289884,4.838694402879,
    -11.74139013486));
#4689 = CARTESIAN_POINT('',(-14.61763531096,4.841361208764,
    -11.74425538433));
#4690 = CARTESIAN_POINT('',(-14.61532513363,4.844015423758,
    -11.74712262549));
#4691 = CARTESIAN_POINT('',(-14.61301269131,4.846660365801,
    -11.74999144242));
#4692 = CARTESIAN_POINT('',(-14.61069747466,4.849290669135,
    -11.75286247846));
#4693 = CARTESIAN_POINT('',(-14.60837871109,4.851898373525,
    -11.75573671035));
#4694 = CARTESIAN_POINT('',(-14.60605659655,4.854485499791,
    -11.75861388395));
#4695 = CARTESIAN_POINT('',(-14.60373278171,4.857068759246,
    -11.76149189922));
#4696 = CARTESIAN_POINT('',(-14.59908522347,4.862233340552,
    -11.76724529266));
#4697 = CARTESIAN_POINT('',(-14.59676020687,4.864801596246,
    -11.77012228851));
#4698 = CARTESIAN_POINT('',(-14.59443262066,4.867357334183,
    -11.77300122897));
#4699 = CARTESIAN_POINT('',(-14.59210246892,4.869900586585,
    -11.77588210542));
#4700 = CARTESIAN_POINT('',(-14.58976975567,4.872431385576,
    -11.77876490927));
#4701 = CARTESIAN_POINT('',(-14.58743448493,4.87494976319,
    -11.78164963199));
#4702 = CARTESIAN_POINT('',(-14.58509666066,4.877455751364,
    -11.78453626507));
#4703 = CARTESIAN_POINT('',(-14.58275628681,4.879949381946,
    -11.78742480008));
#4704 = CARTESIAN_POINT('',(-14.58041336726,4.882430686682,
    -11.79031522862));
#4705 = CARTESIAN_POINT('',(-14.5780679059,4.884899697234,
    -11.79320754232));
#4706 = CARTESIAN_POINT('',(-14.57571990655,4.887356445165,
    -11.79610173288));
#4707 = CARTESIAN_POINT('',(-14.5639937551,4.899551452636,
    -11.81054935844));
#4708 = CARTESIAN_POINT('',(-14.55457750418,4.909107663386,
    -11.82213104219));
#4709 = CARTESIAN_POINT('',(-14.54512086245,4.918471593932,
    -11.83374231735));
#4710 = CARTESIAN_POINT('',(-14.53562406914,4.927645191117,
    -11.84538266466));
#4711 = CARTESIAN_POINT('',(-14.52608736025,4.936630349763,
    -11.85705157183));
#4712 = CARTESIAN_POINT('',(-14.5165109682,4.945428913489,
    -11.86874853384));
#4713 = CARTESIAN_POINT('',(-14.50689512164,4.954042675524,
    -11.88047305318));
#4714 = CARTESIAN_POINT('',(-14.49724004509,4.962473379461,
    -11.89222464014));
#4715 = CARTESIAN_POINT('',(-14.48754595871,4.970722720009,
    -11.90400281307));
#4716 = CARTESIAN_POINT('',(-14.47781307798,4.97879234369,
    -11.91580709866));
#4717 = CARTESIAN_POINT('',(-14.46804161344,4.986683849532,
    -11.92763703218));
#4718 = CARTESIAN_POINT('',(-14.4387354703,5.009731633307,
    -11.96305329794));
#4719 = CARTESIAN_POINT('',(-14.41908440249,5.024370175463,
    -11.98671779631));
#4720 = CARTESIAN_POINT('',(-14.39928000711,5.038325562378,
    -12.01048222359));
#4721 = CARTESIAN_POINT('',(-14.37932372411,5.051608669397,
    -12.03434319755));
#4722 = CARTESIAN_POINT('',(-14.35921699401,5.064230100149,
    -12.05829737939));
#4723 = CARTESIAN_POINT('',(-14.33896125876,5.076200186069,
    -12.08234147013));
#4724 = CARTESIAN_POINT('',(-14.31855796263,5.087528986229,
    -12.10647220686));
#4725 = CARTESIAN_POINT('',(-14.2980085532,5.098226287508,
    -12.13068635914));
#4726 = CARTESIAN_POINT('',(-14.2773144824,5.108301605012,
    -12.15498072528));
#4727 = CARTESIAN_POINT('',(-14.25647720763,5.117764182768,
    -12.17935212873));
#4728 = CARTESIAN_POINT('',(-14.23549819291,5.126622994641,
    -12.20379741429));
#4729 = CARTESIAN_POINT('',(-14.17258720419,5.151239395607,
    -12.27682677406));
#4730 = CARTESIAN_POINT('',(-14.13021591455,5.16527558513,
    -12.32565237675));
#4731 = CARTESIAN_POINT('',(-14.08727520361,5.177061254843,
    -12.37476662116));
#4732 = CARTESIAN_POINT('',(-14.04377578003,5.186664114074,
    -12.42414587131));
#4733 = CARTESIAN_POINT('',(-13.99972885996,5.194152907267,
    -12.4737665059));
#4734 = CARTESIAN_POINT('',(-13.95514610272,5.199596782704,
    -12.52360497704));
#4735 = CARTESIAN_POINT('',(-13.91003951973,5.203064745231,
    -12.57363790911));
#4736 = CARTESIAN_POINT('',(-13.86442135472,5.204625176691,
    -12.62384223856));
#4737 = CARTESIAN_POINT('',(-13.81830393371,5.204345409481,
    -12.67419539507));
#4738 = CARTESIAN_POINT('',(-13.77169948303,5.202291340278,
    -12.72467552503));
#4739 = CARTESIAN_POINT('',(-13.72461991377,5.1985270724,-12.77526175755
    ));
#4740 = CARTESIAN_POINT('',(-13.63233576763,5.18802113153,-12.8736202609
    ));
#4741 = CARTESIAN_POINT('',(-13.57948991422,5.181967735846,
    -12.92945717381));
#4742 = CARTESIAN_POINT('',(-13.52772781106,5.173801446261,
    -12.98367578046));
#4743 = CARTESIAN_POINT('',(-13.47791828689,5.162936921259,
    -13.03550357398));
#4744 = CARTESIAN_POINT('',(-13.42300759014,5.151827723372,
    -13.09212872363));
#4745 = CARTESIAN_POINT('',(-13.36914353605,5.137820072771,
    -13.14717783968));
#4746 = CARTESIAN_POINT('',(-13.31566529284,5.121886861442,
    -13.20133136869));
#4747 = CARTESIAN_POINT('',(-13.25931808298,5.105393726705,
    -13.25792431705));
#4748 = CARTESIAN_POINT('',(-13.2043793674,5.086196398233,
    -13.31253963953));
#4749 = CARTESIAN_POINT('',(-13.1482447234,5.066109856353,
    -13.36786545342));
#4750 = CARTESIAN_POINT('',(-13.0921444319,5.044455323247,
    -13.42263776194));
#4751 = CARTESIAN_POINT('',(-13.0012275136,5.007439945306,
    -13.51059412736));
#4752 = CARTESIAN_POINT('',(-12.9665012443,4.992835330521,
    -13.54399890048));
#4753 = CARTESIAN_POINT('',(-12.93174302592,4.977769091608,
    -13.57724497613));
#4754 = CARTESIAN_POINT('',(-12.89697422262,4.962268339631,
    -13.61031319653));
#4755 = CARTESIAN_POINT('',(-12.86221492886,4.946360327676,
    -13.64318604706));
#4756 = CARTESIAN_POINT('',(-12.82748404279,4.93007248003,
    -13.67584757964));
#4757 = CARTESIAN_POINT('',(-12.79279933869,4.913432424403,
    -13.70828333833));
#4758 = CARTESIAN_POINT('',(-12.75817753823,4.896468026951,
    -13.74048028751));
#4759 = CARTESIAN_POINT('',(-12.72363438065,4.879207429845,
    -13.77242674245));
#4760 = CARTESIAN_POINT('',(-12.68918469136,4.86167909118,
    -13.80411230271));
#4761 = CARTESIAN_POINT('',(-12.65484244931,4.84391182697,
    -13.83552778813));
#4762 = CARTESIAN_POINT('',(-12.6036670871,4.817028860072,
    -13.88209099207));
#4763 = CARTESIAN_POINT('',(-12.58674111333,4.80807012944,
    -13.89745000297));
#4764 = CARTESIAN_POINT('',(-12.56984437154,4.799062029414,
    -13.91274139847));
#4765 = CARTESIAN_POINT('',(-12.55297830352,4.790007915577,
    -13.92796435979));
#4766 = CARTESIAN_POINT('',(-12.53614435285,4.780911133488,
    -13.94311806108));
#4767 = CARTESIAN_POINT('',(-12.51934396524,4.771775019353,
    -13.95820166923));
#4768 = CARTESIAN_POINT('',(-12.50257858875,4.762602900685,
    -13.97321434375));
#4769 = CARTESIAN_POINT('',(-12.48584967412,4.753398096969,
    -13.98815523665));
#4770 = CARTESIAN_POINT('',(-12.46915867498,4.744163920315,
    -14.00302349224));
#4771 = CARTESIAN_POINT('',(-12.45250704819,4.734903676112,-14.017818247
    ));
#4772 = CARTESIAN_POINT('',(-12.43589625409,4.725620663677,
    -14.03253862944));
#4773 = CARTESIAN_POINT('',(-12.41141104884,4.711873291593,
    -14.05418145066));
#4774 = CARTESIAN_POINT('',(-12.40350374072,4.707423830297,
    -14.06116220992));
#4775 = CARTESIAN_POINT('',(-12.3956059768,4.702970140566,
    -14.06812596481));
#4776 = CARTESIAN_POINT('',(-12.38771790212,4.69851256994,
    -14.07507264167));
#4777 = CARTESIAN_POINT('',(-12.3798396623,4.694051465956,
    -14.08200216609));
#4778 = CARTESIAN_POINT('',(-12.37197140357,4.689587176173,
    -14.08891446286));
#4779 = CARTESIAN_POINT('',(-12.36411327273,4.685120048175,
    -14.09580945604));
#4780 = CARTESIAN_POINT('',(-12.35626541722,4.680650429601,
    -14.10268706891));
#4781 = CARTESIAN_POINT('',(-12.34842798507,4.676178668148,
    -14.10954722398));
#4782 = CARTESIAN_POINT('',(-12.34060112493,4.671705111594,
    -14.11638984299));
#4783 = CARTESIAN_POINT('',(-12.33278498609,4.667230107809,
    -14.12321484693));
#4784 = CARTESIAN_POINT('',(-12.32107735321,4.660516107286,
    -14.13342557629));
#4785 = CARTESIAN_POINT('',(-12.31717767986,4.658277919309,
    -14.13682459666));
#4786 = CARTESIAN_POINT('',(-12.31328071677,4.65603948314,
    -14.14021920793));
#4787 = CARTESIAN_POINT('',(-12.30938648234,4.653800841093,
    -14.14360940088));
#4788 = CARTESIAN_POINT('',(-12.30549499505,4.651562035495,
    -14.14699516622));
#4789 = CARTESIAN_POINT('',(-12.30160627344,4.649323108691,
    -14.15037649459));
#4790 = CARTESIAN_POINT('',(-12.29772033604,4.647084103041,
    -14.1537533766));
#4791 = CARTESIAN_POINT('',(-12.29383720151,4.644845060921,
    -14.15712580277));
#4792 = CARTESIAN_POINT('',(-12.2899568885,4.642606024725,-14.1604937636
    ));
#4793 = CARTESIAN_POINT('',(-12.28607941574,4.640367036863,
    -14.1638572495));
#4794 = CARTESIAN_POINT('',(-12.28220480201,4.638128139763,
    -14.16721625084));
#4795 = CARTESIAN_POINT('',(-12.27639723111,4.634770012959,
    -14.17224798295));
#4796 = CARTESIAN_POINT('',(-12.27446211243,4.633650681436,
    -14.17392408719));
#4797 = CARTESIAN_POINT('',(-12.27252771236,4.632531386475,
    -14.17559906952));
#4798 = CARTESIAN_POINT('',(-12.27059403318,4.631412133244,
    -14.17727292884));
#4799 = CARTESIAN_POINT('',(-12.26866107716,4.63029292692,
    -14.17894566403));
#4800 = CARTESIAN_POINT('',(-12.26672884656,4.62917377267,
    -14.18061727398));
#4801 = CARTESIAN_POINT('',(-12.26479734369,4.628054675678,
    -14.18228775754));
#4802 = CARTESIAN_POINT('',(-12.26286657081,4.626935641111,
    -14.18395711361));
#4803 = CARTESIAN_POINT('',(-12.26093653022,4.625816674154,
    -14.18562534104));
#4804 = CARTESIAN_POINT('',(-12.25900722421,4.624697779984,
    -14.1872924387));
#4805 = CARTESIAN_POINT('',(-12.25707865507,4.623578963782,
    -14.18895840546));
#4806 = CARTESIAN_POINT('',(-12.25418691419,4.621900866566,-14.191455654
    ));
#4807 = CARTESIAN_POINT('',(-12.25322318768,4.621341522956,
    -14.19228778516));
#4808 = CARTESIAN_POINT('',(-12.25225964586,4.620782200532,
    -14.19311963352));
#4809 = CARTESIAN_POINT('',(-12.25129628898,4.620222899933,
    -14.19395119895));
#4810 = CARTESIAN_POINT('',(-12.25033311734,4.61966362179,
    -14.19478248131));
#4811 = CARTESIAN_POINT('',(-12.24937013121,4.619104366743,
    -14.19561348046));
#4812 = CARTESIAN_POINT('',(-12.24840733086,4.618545135422,
    -14.19644419629));
#4813 = CARTESIAN_POINT('',(-12.24744471658,4.617985928467,
    -14.19727462865));
#4814 = CARTESIAN_POINT('',(-12.24648228864,4.617426746509,
    -14.19810477741));
#4815 = CARTESIAN_POINT('',(-12.24552004731,4.616867590188,
    -14.19893464244));
#4816 = CARTESIAN_POINT('',(-12.24455799288,4.616308460136,
    -14.19976422361));
#4817 = CARTESIAN_POINT('',(-12.2431151925,4.615469805714,
    -14.20100816893));
#4818 = CARTESIAN_POINT('',(-12.24263430612,4.615190261133,
    -14.20142274612));
#4819 = CARTESIAN_POINT('',(-12.24215346652,4.614910723331,
    -14.20183725234));
#4820 = CARTESIAN_POINT('',(-12.24167267374,4.614631192382,
    -14.20225168757));
#4821 = CARTESIAN_POINT('',(-12.2411919278,4.614351668369,
    -14.20266605179));
#4822 = CARTESIAN_POINT('',(-12.24071122874,4.614072151365,
    -14.20308034499));
#4823 = CARTESIAN_POINT('',(-12.24023057659,4.613792641455,
    -14.20349456716));
#4824 = CARTESIAN_POINT('',(-12.2397499714,4.613513138711,
    -14.20390871827));
#4825 = CARTESIAN_POINT('',(-12.23926941318,4.613233643217,
    -14.20432279831));
#4826 = CARTESIAN_POINT('',(-12.23878890199,4.612954155049,
    -14.20473680727));
#4827 = CARTESIAN_POINT('',(-12.23830843784,4.612674674285,
    -14.20515074513));
#4828 = CARTESIAN_POINT('',(-12.2375878123,4.612255464401,
    -14.20577154519));
#4829 = CARTESIAN_POINT('',(-12.2373476156,4.612115729664,
    -14.20597846073));
#4830 = CARTESIAN_POINT('',(-12.23710743066,4.611975996806,
    -14.2061853585));
#4831 = CARTESIAN_POINT('',(-12.2368672575,4.611836265832,
    -14.20639223849));
#4832 = CARTESIAN_POINT('',(-12.23662709612,4.61169653676,-14.2065991007
    ));
#4833 = CARTESIAN_POINT('',(-12.23638694651,4.611556809587,
    -14.20680594513));
#4834 = CARTESIAN_POINT('',(-12.2361468087,4.611417084337,
    -14.20701277177));
#4835 = CARTESIAN_POINT('',(-12.23590668267,4.611277361007,
    -14.20721958063));
#4836 = CARTESIAN_POINT('',(-12.23566656844,4.611137639617,
    -14.2074263717));
#4837 = CARTESIAN_POINT('',(-12.235426466,4.61099792017,-14.20763314499)
  );
#4838 = CARTESIAN_POINT('',(-12.23518637537,4.610858202679,
    -14.20783990048));
#4839 = CARTESIAN_POINT('',(-12.23482625714,4.610648629394,
    -14.20815000702));
#4840 = CARTESIAN_POINT('',(-12.23470622069,4.610578772126,
    -14.20825337141));
#4841 = CARTESIAN_POINT('',(-12.23458618719,4.61050891535,
    -14.20835673136));
#4842 = CARTESIAN_POINT('',(-12.23446615664,4.610439059068,
    -14.20846008686));
#4843 = CARTESIAN_POINT('',(-12.23434612904,4.61036920328,
    -14.20856343791));
#4844 = CARTESIAN_POINT('',(-12.2342261044,4.610299347987,
    -14.20866678451));
#4845 = CARTESIAN_POINT('',(-12.2341060827,4.610229493191,
    -14.20877012666));
#4846 = CARTESIAN_POINT('',(-12.23398606397,4.610159638893,
    -14.20887346436));
#4847 = CARTESIAN_POINT('',(-12.23386604818,4.610089785095,
    -14.20897679762));
#4848 = CARTESIAN_POINT('',(-12.23374603536,4.610019931797,
    -14.20908012642));
#4849 = CARTESIAN_POINT('',(-12.23362602548,4.609950079001,
    -14.20918345078));
#4850 = CARTESIAN_POINT('',(-12.23338601166,4.609810374416,
    -14.20939009058));
#4851 = CARTESIAN_POINT('',(-12.23325686579,4.609777782121,
    -14.20950127517));
#4852 = CARTESIAN_POINT('',(-12.2332052463,4.60942922974,-14.20954572507
    ));
#4853 = CARTESIAN_POINT('',(-12.2328329314,4.610387741461,
    -14.20986621966));
#4854 = CARTESIAN_POINT('',(-12.2333082579,4.6078915515,-14.20945708383)
  );
#4855 = CARTESIAN_POINT('',(-12.23220420368,4.611832422953,
    -14.21040743753));
#4856 = CARTESIAN_POINT('',(-12.23326939883,4.606932142776,
    -14.20949055369));
#4857 = CARTESIAN_POINT('',(-12.2320955324,4.611157571572,
    -14.21050099619));
#4858 = CARTESIAN_POINT('',(-12.2326630212,4.608285807871,
    -14.21001252173));
#4859 = CARTESIAN_POINT('',(-12.23222380533,4.609517061908,
    -14.21039059158));
#4860 = CARTESIAN_POINT('',(-12.23220157606,4.609048824951,
    -14.21040972788));
#4861 = CARTESIAN_POINT('',(-12.23206613083,4.609042032513,
    -14.21052631576));
#4862 = CARTESIAN_POINT('',(-15.6564074349,4.412379247866,-12.5067839807
    ));
#4863 = CARTESIAN_POINT('',(-15.64710646087,4.415531347464,
    -12.50982390762));
#4864 = CARTESIAN_POINT('',(-15.63778791619,4.418660137934,
    -12.51285048498));
#4865 = CARTESIAN_POINT('',(-15.62846497185,4.421761352658,
    -12.51587506637));
#4866 = CARTESIAN_POINT('',(-15.61914483696,4.424832813117,
    -12.51890382801));
#4867 = CARTESIAN_POINT('',(-15.60983007444,4.427873970736,
    -12.52193891083));
#4868 = CARTESIAN_POINT('',(-15.60051991663,4.430885448752,
    -12.52497956262));
#4869 = CARTESIAN_POINT('',(-15.59121158094,4.433868584055,
    -12.52802328011));
#4870 = CARTESIAN_POINT('',(-15.58190158546,4.436824969056,
    -12.53106695101));
#4871 = CARTESIAN_POINT('',(-15.57258706462,4.439755993533,
    -12.53410799621));
#4872 = CARTESIAN_POINT('',(-15.56326708482,4.442662386489,
    -12.53714551178));
#4873 = CARTESIAN_POINT('',(-15.55394396007,4.445543758007,
    -12.54018141113));
#4874 = CARTESIAN_POINT('',(-15.53996487133,4.449825332656,
    -12.54474164504));
#4875 = CARTESIAN_POINT('',(-15.53530768006,4.451244997023,
    -12.54626422422));
#4876 = CARTESIAN_POINT('',(-15.53064476361,4.452660714176,
    -12.5477819306));
#4877 = CARTESIAN_POINT('',(-15.52598695755,4.454067866608,
    -12.54930444874));
#4878 = CARTESIAN_POINT('',(-15.52133515257,4.455466054061,
    -12.55083257939));
#4879 = CARTESIAN_POINT('',(-15.51668285427,4.456858049031,
    -12.55236051657));
#4880 = CARTESIAN_POINT('',(-15.51202693834,4.458245210721,
    -12.5538854616));
#4881 = CARTESIAN_POINT('',(-15.50737251827,4.459625358496,
    -12.55541198607));
#4882 = CARTESIAN_POINT('',(-15.50272713466,4.460995189277,
    -12.55694685178));
#4883 = CARTESIAN_POINT('',(-15.49808876732,4.462355406771,
    -12.55848829048));
#4884 = CARTESIAN_POINT('',(-15.49344146372,4.46371281377,
    -12.56002204195));
#4885 = CARTESIAN_POINT('',(-15.48412187388,4.466426590667,
    -12.56306744623));
#4886 = CARTESIAN_POINT('',(-15.47946184147,4.467777426601,
    -12.56459012535));
#4887 = CARTESIAN_POINT('',(-15.47480158571,4.469122244583,
    -12.5661127847));
#4888 = CARTESIAN_POINT('',(-15.47014112076,4.470461079174,
    -12.56763542751));
#4889 = CARTESIAN_POINT('',(-15.46548046074,4.471793964943,
    -12.56915805702));
#4890 = CARTESIAN_POINT('',(-15.4608196198,4.473120936444,
    -12.57068067649));
#4891 = CARTESIAN_POINT('',(-15.45615861208,4.474442028252,
    -12.57220328913));
#4892 = CARTESIAN_POINT('',(-15.45149745173,4.475757274917,
    -12.5737258982));
#4893 = CARTESIAN_POINT('',(-15.44683615289,4.477066711012,
    -12.57524850694));
#4894 = CARTESIAN_POINT('',(-15.44217472969,4.478370371095,
    -12.57677111858));
#4895 = CARTESIAN_POINT('',(-15.43751319629,4.479668289732,
    -12.57829373637));
#4896 = CARTESIAN_POINT('',(-15.41420504895,4.486129348491,
    -12.58590687225));
#4897 = CARTESIAN_POINT('',(-15.39555700507,4.491206853097,
    -12.59199755262));
#4898 = CARTESIAN_POINT('',(-15.37690824612,4.496195151287,
    -12.5980885607));
#4899 = CARTESIAN_POINT('',(-15.3582596002,4.501096316427,
    -12.60418008924));
#4900 = CARTESIAN_POINT('',(-15.33961191256,4.505912359269,
    -12.61027236775));
#4901 = CARTESIAN_POINT('',(-15.32096604563,4.510645227941,
    -12.61636566248));
#4902 = CARTESIAN_POINT('',(-15.30232287896,4.515296807959,
    -12.62246027641));
#4903 = CARTESIAN_POINT('',(-15.2836833093,4.519868922213,
    -12.62855654925));
#4904 = CARTESIAN_POINT('',(-15.26504825053,4.524363330984,
    -12.63465485748));
#4905 = CARTESIAN_POINT('',(-15.24641863373,4.528781731927,
    -12.6407556143));
#4906 = CARTESIAN_POINT('',(-15.22779540709,4.533125760083,
    -12.64685926964));
#4907 = CARTESIAN_POINT('',(-15.17194779377,4.545939443453,
    -12.66518039126));
#4908 = CARTESIAN_POINT('',(-15.13474489994,4.554191048072,
    -12.67740745327));
#4909 = CARTESIAN_POINT('',(-15.09757942378,4.562163966159,
    -12.6896522036));
#4910 = CARTESIAN_POINT('',(-15.06045974957,4.569869498999,
    -12.70191954271));
#4911 = CARTESIAN_POINT('',(-15.02339407659,4.577318084723,
    -12.7142145641));
#4912 = CARTESIAN_POINT('',(-14.98639041913,4.584519298324,
    -12.72654255432));
#4913 = CARTESIAN_POINT('',(-14.94945660646,4.591481851639,
    -12.73890899297));
#4914 = CARTESIAN_POINT('',(-14.91260028285,4.598213593365,
    -12.75131955272));
#4915 = CARTESIAN_POINT('',(-14.87582890759,4.604721509046,
    -12.76378009927));
#4916 = CARTESIAN_POINT('',(-14.83914975494,4.611011721083,
    -12.77629669137));
#4917 = CARTESIAN_POINT('',(-14.80256991417,4.617089488726,
    -12.78887558083));
#4918 = CARTESIAN_POINT('',(-14.69314904029,4.634698646793,
    -12.82681847586));
#4919 = CARTESIAN_POINT('',(-14.62062441101,4.645608186115,
    -12.85238605506));
#4920 = CARTESIAN_POINT('',(-14.54857417944,4.655725532817,
    -12.87827416944));
#4921 = CARTESIAN_POINT('',(-14.47704065221,4.665080896639,
    -12.90452662746));
#4922 = CARTESIAN_POINT('',(-14.40605730998,4.673697995935,
    -12.93118302047));
#4923 = CARTESIAN_POINT('',(-14.33564945272,4.681595063324,
    -12.95827891645));
#4924 = CARTESIAN_POINT('',(-14.26583484494,4.688785851321,
    -12.98584605373));
#4925 = CARTESIAN_POINT('',(-14.19662436086,4.695280637999,
    -13.01391253476));
#4926 = CARTESIAN_POINT('',(-14.12802262973,4.701087232614,
    -13.04250301984));
#4927 = CARTESIAN_POINT('',(-14.06002868099,4.706211981267,
    -13.07163892086));
#4928 = CARTESIAN_POINT('',(-13.9926365895,4.710660772533,
    -13.10133859506));
#4929 = CARTESIAN_POINT('',(-13.86242355402,4.718027641419,
    -13.16036083321));
#4930 = CARTESIAN_POINT('',(-13.80984892371,4.716869397925,
    -13.18817093954));
#4931 = CARTESIAN_POINT('',(-13.75134256635,4.716802626796,
    -13.21749427542));
#4932 = CARTESIAN_POINT('',(-13.68551182801,4.718539504947,
    -13.24947954463));
#4933 = CARTESIAN_POINT('',(-13.62670102884,4.716909109296,
    -13.2810139448));
#4934 = CARTESIAN_POINT('',(-13.56322200078,4.716070359675,
    -13.31423781984));
#4935 = CARTESIAN_POINT('',(-13.49657858714,4.715613641131,
    -13.34913437863));
#4936 = CARTESIAN_POINT('',(-13.43350608813,4.713173841697,
    -13.38443751469));
#4937 = CARTESIAN_POINT('',(-13.36643770222,4.711411496849,
    -13.42146061136));
#4938 = CARTESIAN_POINT('',(-13.30044246317,4.708658324239,
    -13.45938443287));
#4939 = CARTESIAN_POINT('',(-13.23373426899,4.705578651102,
    -13.49847664681));
#4940 = CARTESIAN_POINT('',(-13.12559515911,4.699804619383,
    -13.56349635737));
#4941 = CARTESIAN_POINT('',(-13.08419420012,4.697417458789,
    -13.58876883685));
#4942 = CARTESIAN_POINT('',(-13.04277932295,4.694851779018,
    -13.61444421777));
#4943 = CARTESIAN_POINT('',(-13.00138766625,4.692108944221,
    -13.64051332475));
#4944 = CARTESIAN_POINT('',(-12.96005525216,4.689190838267,
    -13.66696601831));
#4945 = CARTESIAN_POINT('',(-12.91881698627,4.686099864734,
    -13.69379119489));
#4946 = CARTESIAN_POINT('',(-12.87770665768,4.682838946917,
    -13.72097678679));
#4947 = CARTESIAN_POINT('',(-12.83675693893,4.679411527819,
    -13.74850976223));
#4948 = CARTESIAN_POINT('',(-12.79599938604,4.675821570162,
    -13.77637612534));
#4949 = CARTESIAN_POINT('',(-12.75546443851,4.672073556376,
    -13.80456091611));
#4950 = CARTESIAN_POINT('',(-12.71518141931,4.668172488608,
    -13.83304821046));
#4951 = CARTESIAN_POINT('',(-12.65533611329,4.662115682879,
    -13.87609319617));
#4952 = CARTESIAN_POINT('',(-12.63556310415,4.660070962828,
    -13.89043603392));
#4953 = CARTESIAN_POINT('',(-12.61586266631,4.657990481,-13.90484719523)
  );
#4954 = CARTESIAN_POINT('',(-12.59623795863,4.655874989832,
    -13.91932424187));
#4955 = CARTESIAN_POINT('',(-12.57669213996,4.653725241767,
    -13.9338647356));
#4956 = CARTESIAN_POINT('',(-12.55722836914,4.651541989236,
    -13.94846623822));
#4957 = CARTESIAN_POINT('',(-12.53784980503,4.649325984686,
    -13.96312631148));
#4958 = CARTESIAN_POINT('',(-12.51855960647,4.647077980548,
    -13.97784251717));
#4959 = CARTESIAN_POINT('',(-12.49936093233,4.644798729265,
    -13.99261241705));
#4960 = CARTESIAN_POINT('',(-12.48025694145,4.642488983274,
    -14.00743357291));
#4961 = CARTESIAN_POINT('',(-12.46125079268,4.640149495013,
    -14.02230354652));
#4962 = CARTESIAN_POINT('',(-12.4333098311,4.636648990492,
    -14.04434924823));
#4963 = CARTESIAN_POINT('',(-12.42429699838,4.635510370984,
    -14.05148909697));
#4964 = CARTESIAN_POINT('',(-12.41530744238,4.634365254228,
    -14.05863912613));
#4965 = CARTESIAN_POINT('',(-12.40634145877,4.63321373606,
    -14.06579901597));
#4966 = CARTESIAN_POINT('',(-12.39739934322,4.632055912312,
    -14.07296844676));
#4967 = CARTESIAN_POINT('',(-12.38848139142,4.630891878818,
    -14.08014709877));
#4968 = CARTESIAN_POINT('',(-12.37958789902,4.62972173141,
    -14.08733465226));
#4969 = CARTESIAN_POINT('',(-12.37071916171,4.628545565924,
    -14.09453078749));
#4970 = CARTESIAN_POINT('',(-12.36187547516,4.627363478192,
    -14.10173518474));
#4971 = CARTESIAN_POINT('',(-12.35305713503,4.626175564047,
    -14.10894752428));
#4972 = CARTESIAN_POINT('',(-12.34426443701,4.624981919324,
    -14.11616748636));
#4973 = CARTESIAN_POINT('',(-12.33111429665,4.623183000121,
    -14.1270083837));
#4974 = CARTESIAN_POINT('',(-12.32673739644,4.622581953003,
    -14.13062383603));
#4975 = CARTESIAN_POINT('',(-12.32236700993,4.621979511142,
    -14.13424106519));
#4976 = CARTESIAN_POINT('',(-12.31800317092,4.621375687175,
    -14.13786002815));
#4977 = CARTESIAN_POINT('',(-12.3136459132,4.620770493746,
    -14.14148068189));
#4978 = CARTESIAN_POINT('',(-12.30929527055,4.620163943489,
    -14.14510298337));
#4979 = CARTESIAN_POINT('',(-12.30495127678,4.619556049052,
    -14.14872688956));
#4980 = CARTESIAN_POINT('',(-12.30061396567,4.618946823065,
    -14.15235235742));
#4981 = CARTESIAN_POINT('',(-12.29628337102,4.618336278175,
    -14.15597934392));
#4982 = CARTESIAN_POINT('',(-12.29195952662,4.617724427018,
    -14.15960780602));
#4983 = CARTESIAN_POINT('',(-12.28764246627,4.617111282236,
    -14.1632377007));
#4984 = CARTESIAN_POINT('',(-12.28117710248,4.616189643583,
    -14.16868462703));
#4985 = CARTESIAN_POINT('',(-12.27902368531,4.615882110511,
    -14.17050061624));
#4986 = CARTESIAN_POINT('',(-12.2768719762,4.615574258853,
    -14.17231694705));
#4987 = CARTESIAN_POINT('',(-12.27472197911,4.615266090206,
    -14.17413361393));
#4988 = CARTESIAN_POINT('',(-12.27257369801,4.614957606173,
    -14.17595061137));
#4989 = CARTESIAN_POINT('',(-12.27042713687,4.614648808349,
    -14.17776793387));
#4990 = CARTESIAN_POINT('',(-12.26828229966,4.614339698339,
    -14.1795855759));
#4991 = CARTESIAN_POINT('',(-12.26613919034,4.614030277739,
    -14.18140353197));
#4992 = CARTESIAN_POINT('',(-12.26399781288,4.613720548151,
    -14.18322179654));
#4993 = CARTESIAN_POINT('',(-12.26185817125,4.613410511172,
    -14.18504036412));
#4994 = CARTESIAN_POINT('',(-12.25972026941,4.613100168405,
    -14.18685922918));
#4995 = CARTESIAN_POINT('',(-12.25651603231,4.612634197968,
    -14.18958796473));
#4996 = CARTESIAN_POINT('',(-12.25544838918,4.612478798443,
    -14.19049761623));
#4997 = CARTESIAN_POINT('',(-12.25438118244,4.61232332307,
    -14.19140734002));
#4998 = CARTESIAN_POINT('',(-12.25331441257,4.612167772049,
    -14.19231713541));
#4999 = CARTESIAN_POINT('',(-12.25224808004,4.612012145582,
    -14.19322700169));
#5000 = CARTESIAN_POINT('',(-12.25118218533,4.611856443864,
    -14.19413693818));
#5001 = CARTESIAN_POINT('',(-12.25011672891,4.611700667099,
    -14.19504694418));
#5002 = CARTESIAN_POINT('',(-12.24905171126,4.611544815483,-14.195957019
    ));
#5003 = CARTESIAN_POINT('',(-12.24798713286,4.611388889219,
    -14.19686716194));
#5004 = CARTESIAN_POINT('',(-12.24692299418,4.611232888504,
    -14.19777737231));
#5005 = CARTESIAN_POINT('',(-12.2458592957,4.611076813539,
    -14.19868764941));
#5006 = CARTESIAN_POINT('',(-12.24426440901,4.610842590014,
    -14.20005316413));
#5007 = CARTESIAN_POINT('',(-12.24373289027,4.610764496993,
    -14.20050835222));
#5008 = CARTESIAN_POINT('',(-12.24320148177,4.610686385484,
    -14.20096355672));
#5009 = CARTESIAN_POINT('',(-12.24267018354,4.610608255513,
    -14.20141877756));
#5010 = CARTESIAN_POINT('',(-12.24213899566,4.6105301071,-14.20187401465
    ));
#5011 = CARTESIAN_POINT('',(-12.24160791818,4.610451940279,
    -14.2023292679));
#5012 = CARTESIAN_POINT('',(-12.24107695116,4.610373755064,
    -14.20278453723));
#5013 = CARTESIAN_POINT('',(-12.24054609466,4.61029555149,
    -14.20323982254));
#5014 = CARTESIAN_POINT('',(-12.24001534873,4.610217329573,
    -14.20369512376));
#5015 = CARTESIAN_POINT('',(-12.23948471343,4.610139089345,
    -14.20415044079));
#5016 = CARTESIAN_POINT('',(-12.23895418882,4.610060830826,
    -14.20460577354));
#5017 = CARTESIAN_POINT('',(-12.23815856804,4.609943415652,
    -14.20528879614));
#5018 = CARTESIAN_POINT('',(-12.2378933888,4.609904272695,
    -14.20551647425));
#5019 = CARTESIAN_POINT('',(-12.23762823725,4.609865125174,
    -14.20574415625));
#5020 = CARTESIAN_POINT('',(-12.23736311341,4.609825973095,
    -14.20597184215));
#5021 = CARTESIAN_POINT('',(-12.23709801727,4.609786816456,
    -14.20619953192));
#5022 = CARTESIAN_POINT('',(-12.23683294886,4.609747655267,
    -14.20642722556));
#5023 = CARTESIAN_POINT('',(-12.23656790816,4.609708489523,
    -14.20665492306));
#5024 = CARTESIAN_POINT('',(-12.23630289519,4.609669319236,
    -14.2068826244));
#5025 = CARTESIAN_POINT('',(-12.23603790996,4.609630144402,
    -14.20711032957));
#5026 = CARTESIAN_POINT('',(-12.23577295248,4.609590965027,
    -14.20733803857));
#5027 = CARTESIAN_POINT('',(-12.23550802275,4.609551781114,
    -14.20756575137));
#5028 = CARTESIAN_POINT('',(-12.23511066979,4.609492998442,
    -14.20790732629));
#5029 = CARTESIAN_POINT('',(-12.23497822575,4.609473403085,
    -14.20802118554));
#5030 = CARTESIAN_POINT('',(-12.23484578864,4.609453806593,
    -14.20813504575));
#5031 = CARTESIAN_POINT('',(-12.23471335848,4.609434208969,
    -14.2082489069));
#5032 = CARTESIAN_POINT('',(-12.23458093526,4.609414610212,-14.208362769
    ));
#5033 = CARTESIAN_POINT('',(-12.23444851898,4.609395010324,
    -14.20847663204));
#5034 = CARTESIAN_POINT('',(-12.23431610964,4.609375409302,
    -14.20859049603));
#5035 = CARTESIAN_POINT('',(-12.23418370725,4.60935580715,
    -14.20870436095));
#5036 = CARTESIAN_POINT('',(-12.23405131181,4.609336203866,
    -14.20881822682));
#5037 = CARTESIAN_POINT('',(-12.23391892332,4.609316599452,
    -14.20893209363));
#5038 = CARTESIAN_POINT('',(-12.23378654177,4.609296993908,
    -14.20904596138));
#5039 = CARTESIAN_POINT('',(-12.23352179257,4.609257780559,
    -14.20927369875));
#5040 = CARTESIAN_POINT('',(-12.2333857923,4.609252978165,
    -14.20939069524));
#5041 = CARTESIAN_POINT('',(-12.23328060363,4.609122624726,
    -14.20948117678));
#5042 = CARTESIAN_POINT('',(-12.23304798941,4.609511644192,
    -14.20968134999));
#5043 = CARTESIAN_POINT('',(-12.23315219925,4.608527904059,
    -14.20959160036));
#5044 = CARTESIAN_POINT('',(-12.23262883306,4.610101989623,
    -14.21004205943));
#5045 = CARTESIAN_POINT('',(-12.23296744433,4.608162958905,
    -14.20975055673));
#5046 = CARTESIAN_POINT('',(-12.23241634914,4.609850113366,
    -14.21022489805));
#5047 = CARTESIAN_POINT('',(-12.23255720367,4.608717130127,
    -14.21010363326));
#5048 = CARTESIAN_POINT('',(-12.23229804037,4.609214518355,
    -14.21032670073));
#5049 = CARTESIAN_POINT('',(-12.23220457641,4.609036596475,
    -14.21040714525));
#5050 = CARTESIAN_POINT('',(-12.2320661308,4.609042032652,
    -14.21052631578));
#5051 = ADVANCED_FACE('',(#5052),#5116,.F.);
#5052 = FACE_BOUND('',#5053,.F.);
#5053 = EDGE_LOOP('',(#5054,#5055,#5068,#5115));
#5054 = ORIENTED_EDGE('',*,*,#4260,.T.);
#5055 = ORIENTED_EDGE('',*,*,#5056,.T.);
#5056 = EDGE_CURVE('',#4252,#5057,#5059,.T.);
#5057 = VERTEX_POINT('',#5058);
#5058 = CARTESIAN_POINT('',(-17.84359532537,3.426885483252,
    8.385510546388));
#5059 = ( BOUNDED_CURVE() B_SPLINE_CURVE(7,(#5060,#5061,#5062,#5063,
    #5064,#5065,#5066,#5067),.UNSPECIFIED.,.F.,.F.) 
B_SPLINE_CURVE_WITH_KNOTS((8,8),(3.364269249296,9.869835603036),
.PIECEWISE_BEZIER_KNOTS.) CURVE() GEOMETRIC_REPRESENTATION_ITEM() 
RATIONAL_B_SPLINE_CURVE((1.,1.,1.,1.,1.,1.,1.,1.)) REPRESENTATION_ITEM(
  '') );
#5060 = CARTESIAN_POINT('',(-15.67717932086,4.405271311884,12.5));
#5061 = CARTESIAN_POINT('',(-16.19590087112,4.226064093461,
    11.734854607276));
#5062 = CARTESIAN_POINT('',(-16.66280971935,4.036174085662,
    10.959238204039));
#5063 = CARTESIAN_POINT('',(-17.08259498097,3.842393206498,
    10.174593735523));
#5064 = CARTESIAN_POINT('',(-17.4571011015,3.651000298016,9.386318885417
    ));
#5065 = CARTESIAN_POINT('',(-17.79231072531,3.464830098141,
    8.588272482845));
#5066 = CARTESIAN_POINT('',(-18.08804577977,3.288933324614,
    7.784908473756));
#5067 = CARTESIAN_POINT('',(-18.34648293777,3.126614780776,6.97449493232
    ));
#5068 = ORIENTED_EDGE('',*,*,#5069,.F.);
#5069 = EDGE_CURVE('',#562,#5057,#5070,.T.);
#5070 = B_SPLINE_CURVE_WITH_KNOTS('',8,(#5071,#5072,#5073,#5074,#5075,
    #5076,#5077,#5078,#5079,#5080,#5081,#5082,#5083,#5084,#5085,#5086,
    #5087,#5088,#5089,#5090,#5091,#5092,#5093,#5094,#5095,#5096,#5097,
    #5098,#5099,#5100,#5101,#5102,#5103,#5104,#5105,#5106,#5107,#5108,
    #5109,#5110,#5111,#5112,#5113,#5114),.UNSPECIFIED.,.F.,.F.,(9,7,7,7,
    7,7,9),(0.,7.015008137233E-03,1.405093173522E-02,2.914373698594E-02,
    0.110912496491,0.56086938162,1.),.UNSPECIFIED.);
#5071 = CARTESIAN_POINT('',(-17.53699461632,4.672752641811,
    6.634491231924));
#5072 = CARTESIAN_POINT('',(-17.53699636105,4.671130135735,
    6.634486588286));
#5073 = CARTESIAN_POINT('',(-17.53672561305,4.669689537998,
    6.635207089138));
#5074 = CARTESIAN_POINT('',(-17.53630479709,4.668363708252,
    6.636328597053));
#5075 = CARTESIAN_POINT('',(-17.5358232974,4.667100105093,6.63761449145)
  );
#5076 = CARTESIAN_POINT('',(-17.53533745767,4.665860786055,6.63891566859
    ));
#5077 = CARTESIAN_POINT('',(-17.53487058105,4.664622407618,6.64017054158
    ));
#5078 = CARTESIAN_POINT('',(-17.53441293015,4.663376225201,
    6.641405040371));
#5079 = CARTESIAN_POINT('',(-17.53342905939,4.660876239787,
    6.644064141341));
#5080 = CARTESIAN_POINT('',(-17.53293202534,4.659627940133,
    6.645411289428));
#5081 = CARTESIAN_POINT('',(-17.53243231833,4.658381966798,
    6.646769582149));
#5082 = CARTESIAN_POINT('',(-17.5319312526,4.657137367269,6.648135548732
    ));
#5083 = CARTESIAN_POINT('',(-17.5314297632,4.655893463931,6.649506721505
    ));
#5084 = CARTESIAN_POINT('',(-17.53092840595,4.654649854061,
    6.650881635894));
#5085 = CARTESIAN_POINT('',(-17.53042735748,4.653406409835,
    6.652259830425));
#5086 = CARTESIAN_POINT('',(-17.52885184072,4.649496628868,6.65660641883
    ));
#5087 = CARTESIAN_POINT('',(-17.52777948942,4.646831960716,
    6.659583923618));
#5088 = CARTESIAN_POINT('',(-17.52671082,4.644167790521,6.662570543308)
  );
#5089 = CARTESIAN_POINT('',(-17.52564663622,4.64150331792,6.665564192385
    ));
#5090 = CARTESIAN_POINT('',(-17.52458729522,4.638838207901,6.66856396666
    ));
#5091 = CARTESIAN_POINT('',(-17.52353291579,4.63617237316,6.671569592343
    ));
#5092 = CARTESIAN_POINT('',(-17.52248358665,4.633505756476,
    6.674580875105));
#5093 = CARTESIAN_POINT('',(-17.5157833993,4.616385538593,6.693938510674
    ));
#5094 = CARTESIAN_POINT('',(-17.51028204107,4.601904224924,
    6.710429687284));
#5095 = CARTESIAN_POINT('',(-17.50495252174,4.587382253685,
    6.727032042544));
#5096 = CARTESIAN_POINT('',(-17.49979031145,4.572830416216,
    6.743763813605));
#5097 = CARTESIAN_POINT('',(-17.49480588023,4.558243775223,
    6.760603414242));
#5098 = CARTESIAN_POINT('',(-17.48999800383,4.543629715091,
    6.777560045928));
#5099 = CARTESIAN_POINT('',(-17.48537193545,4.52898886017,6.794625610644
    ));
#5100 = CARTESIAN_POINT('',(-17.45648805455,4.433631134326,
    6.906301540104));
#5101 = CARTESIAN_POINT('',(-17.43763129756,4.352235929731,
    7.004059213391));
#5102 = CARTESIAN_POINT('',(-17.42486992169,4.270622758749,
    7.104658893027));
#5103 = CARTESIAN_POINT('',(-17.41867538884,4.189363685974,7.20763489401
    ));
#5104 = CARTESIAN_POINT('',(-17.41948898372,4.109081171307,
    7.312372777003));
#5105 = CARTESIAN_POINT('',(-17.42766240938,4.030468491212,
    7.418174929438));
#5106 = CARTESIAN_POINT('',(-17.44342831749,3.954243283122,
    7.524216525686));
#5107 = CARTESIAN_POINT('',(-17.48970349425,3.809744147624,
    7.732465870512));
#5108 = CARTESIAN_POINT('',(-17.51985068519,3.741317897668,
    7.834711566085));
#5109 = CARTESIAN_POINT('',(-17.55734066039,3.676516246204,
    7.935485794496));
#5110 = CARTESIAN_POINT('',(-17.6020605099,3.61600498319,8.033863947471)
  );
#5111 = CARTESIAN_POINT('',(-17.6536901975,3.560390749771,8.128892273396
    ));
#5112 = CARTESIAN_POINT('',(-17.71168258055,3.510157626564,8.21966381758
    ));
#5113 = CARTESIAN_POINT('',(-17.77528176393,3.465614746775,
    8.305400994045));
#5114 = CARTESIAN_POINT('',(-17.84359532537,3.426885483252,
    8.385510546388));
#5115 = ORIENTED_EDGE('',*,*,#569,.F.);
#5116 = ( BOUNDED_SURFACE() B_SPLINE_SURFACE(2,7,(
    (#5117,#5118,#5119,#5120,#5121,#5122,#5123,#5124)
    ,(#5125,#5126,#5127,#5128,#5129,#5130,#5131,#5132)
    ,(#5133,#5134,#5135,#5136,#5137,#5138,#5139,#5140
)),.UNSPECIFIED.,.F.,.F.,.F.) B_SPLINE_SURFACE_WITH_KNOTS((3,3),(8,8),(
    0.,6.505566353739),(3.364269249296,9.869835603036),
.PIECEWISE_BEZIER_KNOTS.) GEOMETRIC_REPRESENTATION_ITEM() 
RATIONAL_B_SPLINE_SURFACE((
    (1.,1.,1.,1.,1.,1.,1.,1.)
    ,(0.793081310083,0.806019034502,0.81825400067,0.829700189682
      ,0.84017077475,0.849760282709,0.85835556472,0.865965052023)
,(1.,1.,1.,1.,1.,1.,1.,1.))) REPRESENTATION_ITEM('') SURFACE() );
#5117 = CARTESIAN_POINT('',(-14.82577985312,6.071682083727,
    11.478621508994));
#5118 = CARTESIAN_POINT('',(-15.3696647483,5.868311898081,
    10.776140142651));
#5119 = CARTESIAN_POINT('',(-15.85618249189,5.653268759416,
    10.067791115164));
#5120 = CARTESIAN_POINT('',(-16.3003473191,5.431283092402,9.342095622949
    ));
#5121 = CARTESIAN_POINT('',(-16.69006515885,5.213549798533,
    8.620555191928));
#5122 = CARTESIAN_POINT('',(-17.04200773846,5.001059669273,
    7.887322576752));
#5123 = CARTESIAN_POINT('',(-17.35189311146,4.800045896314,
    7.148823440805));
#5124 = CARTESIAN_POINT('',(-17.62319689211,4.61418726015,6.401986512139
    ));
#5125 = CARTESIAN_POINT('',(-14.69365137305,4.745059214812,
    11.64927856535));
#5126 = CARTESIAN_POINT('',(-15.22786157779,4.606231093163,
    10.975729516895));
#5127 = CARTESIAN_POINT('',(-15.71976547498,4.449889614248,
    10.281300282238));
#5128 = CARTESIAN_POINT('',(-16.17118797698,4.282115442275,
    9.566498116339));
#5129 = CARTESIAN_POINT('',(-16.57816313861,4.110749621995,
    8.839920262898));
#5130 = CARTESIAN_POINT('',(-16.94591718849,3.939833814989,
    8.097642128845));
#5131 = CARTESIAN_POINT('',(-17.27268227442,3.775049610497,
    7.343471328992));
#5132 = CARTESIAN_POINT('',(-17.55938621621,3.620972460198,
    6.577642631242));
#5133 = CARTESIAN_POINT('',(-15.67717932086,4.405271311884,12.5));
#5134 = CARTESIAN_POINT('',(-16.19590087112,4.226064093461,
    11.734854607276));
#5135 = CARTESIAN_POINT('',(-16.66280971935,4.036174085662,
    10.959238204039));
#5136 = CARTESIAN_POINT('',(-17.08259498097,3.842393206498,
    10.174593735523));
#5137 = CARTESIAN_POINT('',(-17.4571011015,3.651000298016,9.386318885417
    ));
#5138 = CARTESIAN_POINT('',(-17.79231072531,3.464830098141,
    8.588272482845));
#5139 = CARTESIAN_POINT('',(-18.08804577977,3.288933324614,
    7.784908473756));
#5140 = CARTESIAN_POINT('',(-18.34648293777,3.126614780776,6.97449493232
    ));
#5141 = ADVANCED_FACE('',(#5142),#5161,.F.);
#5142 = FACE_BOUND('',#5143,.F.);
#5143 = EDGE_LOOP('',(#5144,#5152,#5159,#5160));
#5144 = ORIENTED_EDGE('',*,*,#5145,.T.);
#5145 = EDGE_CURVE('',#501,#5146,#5148,.T.);
#5146 = VERTEX_POINT('',#5147);
#5147 = CARTESIAN_POINT('',(-15.67717784077,4.405271823221,-12.5));
#5148 = ( BOUNDED_CURVE() B_SPLINE_CURVE(2,(#5149,#5150,#5151),
.UNSPECIFIED.,.F.,.F.) B_SPLINE_CURVE_WITH_KNOTS((3,3),(0.,
6.505568141954),.PIECEWISE_BEZIER_KNOTS.) CURVE() 
GEOMETRIC_REPRESENTATION_ITEM() RATIONAL_B_SPLINE_CURVE((1.,
0.793081814692,1.)) REPRESENTATION_ITEM('') );
#5149 = CARTESIAN_POINT('',(-14.82583451519,6.071665061313,
    -11.47855090714));
#5150 = CARTESIAN_POINT('',(-14.69364897257,4.745059911516,
    -11.64928334507));
#5151 = CARTESIAN_POINT('',(-15.67717784077,4.405271823221,-12.5));
#5152 = ORIENTED_EDGE('',*,*,#5153,.T.);
#5153 = EDGE_CURVE('',#5146,#4284,#5154,.T.);
#5154 = ( BOUNDED_CURVE() B_SPLINE_CURVE(3,(#5155,#5156,#5157,#5158),
.UNSPECIFIED.,.F.,.F.) B_SPLINE_CURVE_WITH_KNOTS((4,4),(3.486394005207,
3.505340843825),.PIECEWISE_BEZIER_KNOTS.) CURVE() 
GEOMETRIC_REPRESENTATION_ITEM() RATIONAL_B_SPLINE_CURVE((1.,1.,1.,1.)) 
REPRESENTATION_ITEM('') );
#5155 = CARTESIAN_POINT('',(-15.67717784077,4.405271823221,-12.5));
#5156 = CARTESIAN_POINT('',(-15.67025659846,4.407662963706,
    -12.50226171605));
#5157 = CARTESIAN_POINT('',(-15.66333321469,4.410032061784,
    -12.50452312725));
#5158 = CARTESIAN_POINT('',(-15.65640743489,4.412379247868,
    -12.50678398071));
#5159 = ORIENTED_EDGE('',*,*,#4283,.F.);
#5160 = ORIENTED_EDGE('',*,*,#500,.F.);
#5161 = ( BOUNDED_SURFACE() B_SPLINE_SURFACE(2,3,(
    (#5162,#5163,#5164,#5165)
    ,(#5166,#5167,#5168,#5169)
    ,(#5170,#5171,#5172,#5173
)),.UNSPECIFIED.,.F.,.F.,.F.) B_SPLINE_SURFACE_WITH_KNOTS((3,3),(4,4),(
    0.,1.894683861739E-02),(3.486394005207,3.505340843825),
.PIECEWISE_BEZIER_KNOTS.) GEOMETRIC_REPRESENTATION_ITEM() 
RATIONAL_B_SPLINE_SURFACE((
    (1.,1.,1.,1.)
    ,(0.793081814692,0.793801649317,0.794520335448,0.795237944948)
,(1.,1.,1.,1.))) REPRESENTATION_ITEM('') SURFACE() );
#5162 = CARTESIAN_POINT('',(-14.82583451519,6.071665061313,
    -11.47855090714));
#5163 = CARTESIAN_POINT('',(-14.82213949583,6.073046787345,
    -11.48332343863));
#5164 = CARTESIAN_POINT('',(-14.81843748271,6.07439182043,
    -11.48810024268));
#5165 = CARTESIAN_POINT('',(-14.81472847017,6.075700124494,
    -11.49288129039));
#5166 = CARTESIAN_POINT('',(-14.69364897257,4.745059911516,
    -11.64928334507));
#5167 = CARTESIAN_POINT('',(-14.69032566684,4.749656123398,
    -11.6534623315));
#5168 = CARTESIAN_POINT('',(-14.68699185998,4.754213500644,
    -11.65765097179));
#5169 = CARTESIAN_POINT('',(-14.68364758742,4.758732174928,
    -11.66184916159));
#5170 = CARTESIAN_POINT('',(-15.67717784077,4.405271823221,-12.5));
#5171 = CARTESIAN_POINT('',(-15.67025659846,4.407662963706,
    -12.50226171605));
#5172 = CARTESIAN_POINT('',(-15.66333321469,4.410032061784,
    -12.50452312725));
#5173 = CARTESIAN_POINT('',(-15.65640743489,4.412379247868,
    -12.50678398071));
#5174 = ADVANCED_FACE('',(#5175),#5231,.F.);
#5175 = FACE_BOUND('',#5176,.F.);
#5176 = EDGE_LOOP('',(#5177,#5178,#5192,#5200,#5230));
#5177 = ORIENTED_EDGE('',*,*,#5069,.T.);
#5178 = ORIENTED_EDGE('',*,*,#5179,.T.);
#5179 = EDGE_CURVE('',#5057,#5180,#5182,.T.);
#5180 = VERTEX_POINT('',#5181);
#5181 = CARTESIAN_POINT('',(-19.17517926904,2.56037636258,9.));
#5182 = B_SPLINE_CURVE_WITH_KNOTS('',8,(#5183,#5184,#5185,#5186,#5187,
    #5188,#5189,#5190,#5191),.UNSPECIFIED.,.F.,.F.,(9,9),(0.,1.),
  .PIECEWISE_BEZIER_KNOTS.);
#5183 = CARTESIAN_POINT('',(-17.84359544573,3.426885848335,8.38551068753
    ));
#5184 = CARTESIAN_POINT('',(-17.96746726681,3.356658813826,
    8.530771947442));
#5185 = CARTESIAN_POINT('',(-18.11081593326,3.273340647398,
    8.662192186173));
#5186 = CARTESIAN_POINT('',(-18.27081837297,3.177353476055,
    8.775045857608));
#5187 = CARTESIAN_POINT('',(-18.44356168194,3.069678392263,
    8.866346714273));
#5188 = CARTESIAN_POINT('',(-18.62474004883,2.951768127387,
    8.934400859804));
#5189 = CARTESIAN_POINT('',(-18.80992253129,2.825692365207,8.9787497449)
  );
#5190 = CARTESIAN_POINT('',(-18.99479222312,2.694132047261,9.));
#5191 = CARTESIAN_POINT('',(-19.17517926904,2.56037636258,9.));
#5192 = ORIENTED_EDGE('',*,*,#5193,.F.);
#5193 = EDGE_CURVE('',#5194,#5180,#5196,.T.);
#5194 = VERTEX_POINT('',#5195);
#5195 = CARTESIAN_POINT('',(-19.17517926904,-1.605529309066,9.));
#5196 = LINE('',#5197,#5198);
#5197 = CARTESIAN_POINT('',(-19.17517926904,-0.454088682563,9.));
#5198 = VECTOR('',#5199,1.);
#5199 = DIRECTION('',(0.,1.,0.));
#5200 = ORIENTED_EDGE('',*,*,#5201,.T.);
#5201 = EDGE_CURVE('',#5194,#531,#5202,.T.);
#5202 = B_SPLINE_CURVE_WITH_KNOTS('',6,(#5203,#5204,#5205,#5206,#5207,
    #5208,#5209,#5210,#5211,#5212,#5213,#5214,#5215,#5216,#5217,#5218,
    #5219,#5220,#5221,#5222,#5223,#5224,#5225,#5226,#5227,#5228,#5229),
  .UNSPECIFIED.,.F.,.F.,(7,5,5,5,5,7),(0.,0.153364147698,0.344107197618,
    0.552468049101,0.807471964607,1.),.UNSPECIFIED.);
#5203 = CARTESIAN_POINT('',(-19.17517926904,-1.605529309173,9.));
#5204 = CARTESIAN_POINT('',(-19.0863961312,-1.554313076333,9.));
#5205 = CARTESIAN_POINT('',(-18.996896507,-1.503896160979,8.994594551244
    ));
#5206 = CARTESIAN_POINT('',(-18.90719361549,-1.454585329912,
    8.983621649599));
#5207 = CARTESIAN_POINT('',(-18.81785364717,-1.406668978656,
    8.966995941006));
#5208 = CARTESIAN_POINT('',(-18.72948372687,-1.360410046647,
    8.944742297373));
#5209 = CARTESIAN_POINT('',(-18.53480937941,-1.260853403162,
    8.88256211912));
#5210 = CARTESIAN_POINT('',(-18.42933520752,-1.208563757221,
    8.839635422472));
#5211 = CARTESIAN_POINT('',(-18.32755251573,-1.15963397179,
    8.788573456771));
#5212 = CARTESIAN_POINT('',(-18.23049673717,-1.11430448311,
    8.729982161108));
#5213 = CARTESIAN_POINT('',(-18.13899640168,-1.072672697607,
    8.664630352197));
#5214 = CARTESIAN_POINT('',(-17.96046785199,-0.993305641822,
    8.515589846507));
#5215 = CARTESIAN_POINT('',(-17.87460653779,-0.956273597643,
    8.43074229321));
#5216 = CARTESIAN_POINT('',(-17.79680410049,-0.923606581175,
    8.339914531441));
#5217 = CARTESIAN_POINT('',(-17.72742695726,-0.89511626927,
    8.244173619608));
#5218 = CARTESIAN_POINT('',(-17.6666306071,-0.870592310344,
    8.144473635366));
#5219 = CARTESIAN_POINT('',(-17.55060794457,-0.82443857511,7.9157269121)
  );
#5220 = CARTESIAN_POINT('',(-17.49969701018,-0.804694475636,
    7.785149233124));
#5221 = CARTESIAN_POINT('',(-17.46175096842,-0.790224374739,
    7.651269908023));
#5222 = CARTESIAN_POINT('',(-17.43672693899,-0.780760468222,
    7.515331616141));
#5223 = CARTESIAN_POINT('',(-17.42453840889,-0.776149131544,
    7.378436425145));
#5224 = CARTESIAN_POINT('',(-17.42569895326,-0.776588204707,
    7.13819425863));
#5225 = CARTESIAN_POINT('',(-17.43352248311,-0.779548100712,
    7.034876297198));
#5226 = CARTESIAN_POINT('',(-17.44867043096,-0.78528094325,
    6.932023152104));
#5227 = CARTESIAN_POINT('',(-17.47116339758,-0.79383671481,
    6.830100351628));
#5228 = CARTESIAN_POINT('',(-17.50102654681,-0.805309355203,
    6.729610837583));
#5229 = CARTESIAN_POINT('',(-17.53827372168,-0.819832675984,
    6.631097560976));
#5230 = ORIENTED_EDGE('',*,*,#561,.T.);
#5231 = CYLINDRICAL_SURFACE('',#5232,1.75);
#5232 = AXIS2_PLACEMENT_3D('',#5233,#5234,#5235);
#5233 = CARTESIAN_POINT('',(-19.17517926904,-0.454088682563,7.25));
#5234 = DIRECTION('',(0.,1.,0.));
#5235 = DIRECTION('',(2.7E-16,0.,1.));
#5236 = ADVANCED_FACE('',(#5237),#5301,.F.);
#5237 = FACE_BOUND('',#5238,.F.);
#5238 = EDGE_LOOP('',(#5239,#5288,#5299,#5300));
#5239 = ORIENTED_EDGE('',*,*,#5240,.T.);
#5240 = EDGE_CURVE('',#510,#5241,#5243,.T.);
#5241 = VERTEX_POINT('',#5242);
#5242 = CARTESIAN_POINT('',(-17.84359560294,3.426885449731,
    -8.385510871893));
#5243 = B_SPLINE_CURVE_WITH_KNOTS('',8,(#5244,#5245,#5246,#5247,#5248,
    #5249,#5250,#5251,#5252,#5253,#5254,#5255,#5256,#5257,#5258,#5259,
    #5260,#5261,#5262,#5263,#5264,#5265,#5266,#5267,#5268,#5269,#5270,
    #5271,#5272,#5273,#5274,#5275,#5276,#5277,#5278,#5279,#5280,#5281,
    #5282,#5283,#5284,#5285,#5286,#5287),.UNSPECIFIED.,.F.,.F.,(9,7,7,7,
    7,7,9),(0.,7.015178137507E-03,1.405110599138E-02,2.914390869912E-02,
    0.110912599959,0.56086919572,1.),.UNSPECIFIED.);
#5244 = CARTESIAN_POINT('',(-17.53699548507,4.67275224744,
    -6.634488919718));
#5245 = CARTESIAN_POINT('',(-17.53699722926,4.671129737607,
    -6.634484277552));
#5246 = CARTESIAN_POINT('',(-17.53672633575,4.669689227177,
    -6.635205163477));
#5247 = CARTESIAN_POINT('',(-17.53630533614,4.668363517302,
    -6.636327157241));
#5248 = CARTESIAN_POINT('',(-17.53582368524,4.667100024802,
    -6.637613451418));
#5249 = CARTESIAN_POINT('',(-17.53533776111,4.665860782158,
    -6.638914851403));
#5250 = CARTESIAN_POINT('',(-17.53487086504,4.66462243752,
    -6.640169775421));
#5251 = CARTESIAN_POINT('',(-17.53441322154,4.663376254698,
    -6.641404254518));
#5252 = CARTESIAN_POINT('',(-17.53342928213,4.66087627985,
    -6.644063537663));
#5253 = CARTESIAN_POINT('',(-17.53293222619,4.659627995508,
    -6.645410743593));
#5254 = CARTESIAN_POINT('',(-17.53243250202,4.658382034135,
    -6.646769081664));
#5255 = CARTESIAN_POINT('',(-17.53193142232,4.657137444315,
    -6.648135085156));
#5256 = CARTESIAN_POINT('',(-17.53142992104,4.655893549226,
    -6.649506289313));
#5257 = CARTESIAN_POINT('',(-17.53092855332,4.654649946637,
    -6.650881231349));
#5258 = CARTESIAN_POINT('',(-17.53042749555,4.653406508912,
    -6.652259450444));
#5259 = CARTESIAN_POINT('',(-17.52885195461,4.649496747644,
    -6.656606102619));
#5260 = CARTESIAN_POINT('',(-17.52777959145,4.646832088989,
    -6.659583638624));
#5261 = CARTESIAN_POINT('',(-17.52671091268,4.644167925653,
    -6.662570282935));
#5262 = CARTESIAN_POINT('',(-17.52564672104,4.641503458348,
    -6.665563952751));
#5263 = CARTESIAN_POINT('',(-17.5245873732,4.638838352529,
    -6.668563745076));
#5264 = CARTESIAN_POINT('',(-17.52353298783,4.636172521041,
    -6.671569386487));
#5265 = CARTESIAN_POINT('',(-17.52248365355,4.633505906769,
    -6.674580682908));
#5266 = CARTESIAN_POINT('',(-17.51578343998,4.616385710787,
    -6.693938387402));
#5267 = CARTESIAN_POINT('',(-17.51028207553,4.601904400665,
    -6.710429580315));
#5268 = CARTESIAN_POINT('',(-17.50495254667,4.587382436217,
    -6.727031960955));
#5269 = CARTESIAN_POINT('',(-17.49979033371,4.572830597908,
    -6.743763739544));
#5270 = CARTESIAN_POINT('',(-17.49480589686,4.55824395884,
    -6.760603355878));
#5271 = CARTESIAN_POINT('',(-17.48999801759,4.543629897328,
    -6.777559996294));
#5272 = CARTESIAN_POINT('',(-17.48537194617,4.528989040837,
    -6.794625570539));
#5273 = CARTESIAN_POINT('',(-17.45648804412,4.433631283564,
    -6.906301573151));
#5274 = CARTESIAN_POINT('',(-17.4376312823,4.352236025562,
    -7.004059291453));
#5275 = CARTESIAN_POINT('',(-17.42486990254,4.270622793082,
    -7.104659031388));
#5276 = CARTESIAN_POINT('',(-17.41867537839,4.189363650645,
    -7.207635078586));
#5277 = CARTESIAN_POINT('',(-17.41948898687,4.109081086154,
    -7.312373011081));
#5278 = CARTESIAN_POINT('',(-17.42766243352,4.030468379398,
    -7.418175187854));
#5279 = CARTESIAN_POINT('',(-17.44342836002,3.954243173086,
    -7.524216785516));
#5280 = CARTESIAN_POINT('',(-17.48970358027,3.80974401141,
    -7.732466190829));
#5281 = CARTESIAN_POINT('',(-17.51985081213,3.741317738835,
    -7.83471194565));
#5282 = CARTESIAN_POINT('',(-17.55734082957,3.676516090518,
    -7.93548620589));
#5283 = CARTESIAN_POINT('',(-17.60206071659,3.616004848328,
    -8.033864365813));
#5284 = CARTESIAN_POINT('',(-17.65369043336,3.560390643879,
    -8.128892680082));
#5285 = CARTESIAN_POINT('',(-17.71168283663,3.510157549972,
    -8.219664201304));
#5286 = CARTESIAN_POINT('',(-17.77528203299,3.465614695217,
    -8.305401349227));
#5287 = CARTESIAN_POINT('',(-17.84359560294,3.426885449731,
    -8.385510871893));
#5288 = ORIENTED_EDGE('',*,*,#5289,.T.);
#5289 = EDGE_CURVE('',#5241,#5146,#5290,.T.);
#5290 = ( BOUNDED_CURVE() B_SPLINE_CURVE(7,(#5291,#5292,#5293,#5294,
    #5295,#5296,#5297,#5298),.UNSPECIFIED.,.F.,.F.) 
B_SPLINE_CURVE_WITH_KNOTS((8,8),(-3.019174136747,3.486394005207),
.PIECEWISE_BEZIER_KNOTS.) CURVE() GEOMETRIC_REPRESENTATION_ITEM() 
RATIONAL_B_SPLINE_CURVE((1.,1.,1.,1.,1.,1.,1.,1.)) REPRESENTATION_ITEM(
  '') );
#5291 = CARTESIAN_POINT('',(-18.34648309897,3.126614679527,
    -6.974494669486));
#5292 = CARTESIAN_POINT('',(-18.08803432694,3.288940523158,
    -7.78494457919));
#5293 = CARTESIAN_POINT('',(-17.79225308124,3.464860235894,
    -8.588411666384));
#5294 = CARTESIAN_POINT('',(-17.45718076114,3.65096399251,
    -9.386143586594));
#5295 = CARTESIAN_POINT('',(-17.08244486931,3.8424638352,-10.17491119307
    ));
#5296 = CARTESIAN_POINT('',(-16.66282342238,4.036166847662,
    -10.95920149033));
#5297 = CARTESIAN_POINT('',(-16.19587975418,4.22607145885,
    -11.73488331625));
#5298 = CARTESIAN_POINT('',(-15.67717784077,4.405271823221,-12.5));
#5299 = ORIENTED_EDGE('',*,*,#5145,.F.);
#5300 = ORIENTED_EDGE('',*,*,#509,.F.);
#5301 = ( BOUNDED_SURFACE() B_SPLINE_SURFACE(2,7,(
    (#5302,#5303,#5304,#5305,#5306,#5307,#5308,#5309)
    ,(#5310,#5311,#5312,#5313,#5314,#5315,#5316,#5317)
    ,(#5318,#5319,#5320,#5321,#5322,#5323,#5324,#5325
)),.UNSPECIFIED.,.F.,.F.,.F.) B_SPLINE_SURFACE_WITH_KNOTS((3,3),(8,8),(
    0.,6.505568141954),(-3.019174136747,3.486394005207),
.PIECEWISE_BEZIER_KNOTS.) GEOMETRIC_REPRESENTATION_ITEM() 
RATIONAL_B_SPLINE_SURFACE((
    (1.,1.,1.,1.,1.,1.,1.,1.)
    ,(0.865965046405,0.858355220351,0.849758139824,0.840174329516
      ,0.829694560968,0.818254636532,0.806018579758,0.793081814692)
,(1.,1.,1.,1.,1.,1.,1.,1.))) REPRESENTATION_ITEM('') SURFACE() );
#5302 = CARTESIAN_POINT('',(-17.62319830571,4.614186411394,
    -6.401982620828));
#5303 = CARTESIAN_POINT('',(-17.35188164575,4.800053860924,
    -7.148855517145));
#5304 = CARTESIAN_POINT('',(-17.04199151834,5.001072962981,
    -7.887356235047));
#5305 = CARTESIAN_POINT('',(-16.69003515929,5.213562723336,
    -8.620631509986));
#5306 = CARTESIAN_POINT('',(-16.30030308084,5.431304472548,
    -9.342136345744));
#5307 = CARTESIAN_POINT('',(-15.85621079095,5.653269073852,
    -10.06778091074));
#5308 = CARTESIAN_POINT('',(-15.3695709152,5.868338728035,
    -10.77625442812));
#5309 = CARTESIAN_POINT('',(-14.82583451519,6.071665061313,
    -11.47855090714));
#5310 = CARTESIAN_POINT('',(-17.55938739859,3.620971733639,
    -6.577639497272));
#5311 = CARTESIAN_POINT('',(-17.27266995921,3.775056221866,
    -7.343504646207));
#5312 = CARTESIAN_POINT('',(-16.94589627843,3.939840074133,
    -8.097687119861));
#5313 = CARTESIAN_POINT('',(-16.5781390164,4.110772219516,
    -8.839971889111));
#5314 = CARTESIAN_POINT('',(-16.17114241983,4.282118361732,
    -9.566561612759));
#5315 = CARTESIAN_POINT('',(-15.71976860021,4.449893810088,
    -10.28130627997));
#5316 = CARTESIAN_POINT('',(-15.22781357283,4.606245978073,-10.975789344
    ));
#5317 = CARTESIAN_POINT('',(-14.69364897257,4.745059911516,
    -11.64928334507));
#5318 = CARTESIAN_POINT('',(-18.34648309897,3.126614679527,
    -6.974494669486));
#5319 = CARTESIAN_POINT('',(-18.08803432694,3.288940523158,
    -7.78494457919));
#5320 = CARTESIAN_POINT('',(-17.79225308124,3.464860235894,
    -8.588411666384));
#5321 = CARTESIAN_POINT('',(-17.45718076114,3.65096399251,
    -9.386143586594));
#5322 = CARTESIAN_POINT('',(-17.08244486931,3.8424638352,-10.17491119307
    ));
#5323 = CARTESIAN_POINT('',(-16.66282342238,4.036166847662,
    -10.95920149033));
#5324 = CARTESIAN_POINT('',(-16.19587975418,4.22607145885,
    -11.73488331625));
#5325 = CARTESIAN_POINT('',(-15.67717784077,4.405271823221,-12.5));
#5326 = ADVANCED_FACE('',(#5327),#5487,.F.);
#5327 = FACE_BOUND('',#5328,.T.);
#5328 = EDGE_LOOP('',(#5329,#5338,#5339,#5340,#5371,#5380,#5388,#5397,
    #5409,#5417,#5452,#5460,#5472,#5481));
#5329 = ORIENTED_EDGE('',*,*,#5330,.T.);
#5330 = EDGE_CURVE('',#5331,#5194,#5333,.T.);
#5331 = VERTEX_POINT('',#5332);
#5332 = CARTESIAN_POINT('',(-19.46432579868,-1.777777777778,9.));
#5333 = CIRCLE('',#5334,12.);
#5334 = AXIS2_PLACEMENT_3D('',#5335,#5336,#5337);
#5335 = CARTESIAN_POINT('',(-13.17893218813,-12.,9.));
#5336 = DIRECTION('',(0.,0.,-1.));
#5337 = DIRECTION('',(-1.,-0.,-0.));
#5338 = ORIENTED_EDGE('',*,*,#5201,.T.);
#5339 = ORIENTED_EDGE('',*,*,#530,.T.);
#5340 = ORIENTED_EDGE('',*,*,#5341,.T.);
#5341 = EDGE_CURVE('',#523,#5342,#5344,.T.);
#5342 = VERTEX_POINT('',#5343);
#5343 = CARTESIAN_POINT('',(-19.17517926904,-1.605529309066,-9.));
#5344 = B_SPLINE_CURVE_WITH_KNOTS('',7,(#5345,#5346,#5347,#5348,#5349,
    #5350,#5351,#5352,#5353,#5354,#5355,#5356,#5357,#5358,#5359,#5360,
    #5361,#5362,#5363,#5364,#5365,#5366,#5367,#5368,#5369,#5370),
  .UNSPECIFIED.,.F.,.F.,(8,6,6,6,8),(0.,0.191479109883,0.454826099614,
    0.720463735034,1.),.UNSPECIFIED.);
#5345 = CARTESIAN_POINT('',(-17.53827372168,-0.819832675984,
    -6.631097560976));
#5346 = CARTESIAN_POINT('',(-17.50652818572,-0.807454539822,
    -6.715059815205));
#5347 = CARTESIAN_POINT('',(-17.47999738977,-0.797230854591,
    -6.800417907812));
#5348 = CARTESIAN_POINT('',(-17.45867364259,-0.789086478424,
    -6.886866650743));
#5349 = CARTESIAN_POINT('',(-17.44254443523,-0.7829629473,
    -6.974117696788));
#5350 = CARTESIAN_POINT('',(-17.43159689098,-0.778819622854,
    -7.061898832733));
#5351 = CARTESIAN_POINT('',(-17.42582221531,-0.776634840181,
    -7.149953272506));
#5352 = CARTESIAN_POINT('',(-17.42439210127,-0.776093776724,
    -7.359185837351));
#5353 = CARTESIAN_POINT('',(-17.43334888173,-0.77948248394,
    -7.48034828011));
#5354 = CARTESIAN_POINT('',(-17.45208047759,-0.786566187206,
    -7.600924096555));
#5355 = CARTESIAN_POINT('',(-17.4806272418,-0.797417450917,
    -7.720241510536));
#5356 = CARTESIAN_POINT('',(-17.5190306227,-0.812172015956,
    -7.83755905246));
#5357 = CARTESIAN_POINT('',(-17.56730427264,-0.831020361837,
    -7.952064594067));
#5358 = CARTESIAN_POINT('',(-17.6840523423,-0.877595740048,
    -8.174646279121));
#5359 = CARTESIAN_POINT('',(-17.75269413935,-0.905396687841,
    -8.282648936632));
#5360 = CARTESIAN_POINT('',(-17.8312835822,-0.937843219897,
    -8.38589741168));
#5361 = CARTESIAN_POINT('',(-17.91961369402,-0.975181929052,
    -8.483232124113));
#5362 = CARTESIAN_POINT('',(-18.01722939095,-1.017620612673,
    -8.573388457233));
#5363 = CARTESIAN_POINT('',(-18.12334915158,-1.065267894368,
    -8.655058735927));
#5364 = CARTESIAN_POINT('',(-18.35599183571,-1.17339588787,
    -8.802870049751));
#5365 = CARTESIAN_POINT('',(-18.48344070576,-1.234486892194,
    -8.868069672468));
#5366 = CARTESIAN_POINT('',(-18.61726840112,-1.300894072928,
    -8.921060386231));
#5367 = CARTESIAN_POINT('',(-18.75545294512,-1.372083766866,
    -8.960895918198));
#5368 = CARTESIAN_POINT('',(-18.89589066802,-1.447293830639,
    -8.987176030431));
#5369 = CARTESIAN_POINT('',(-19.03648675454,-1.525521908119,-9.));
#5370 = CARTESIAN_POINT('',(-19.17517926904,-1.605529309173,-9.));
#5371 = ORIENTED_EDGE('',*,*,#5372,.F.);
#5372 = EDGE_CURVE('',#5373,#5342,#5375,.T.);
#5373 = VERTEX_POINT('',#5374);
#5374 = CARTESIAN_POINT('',(-19.46432579868,-1.777777777778,-9.));
#5375 = CIRCLE('',#5376,12.);
#5376 = AXIS2_PLACEMENT_3D('',#5377,#5378,#5379);
#5377 = CARTESIAN_POINT('',(-13.17893218813,-12.,-9.));
#5378 = DIRECTION('',(0.,0.,-1.));
#5379 = DIRECTION('',(-1.,-0.,-0.));
#5380 = ORIENTED_EDGE('',*,*,#5381,.F.);
#5381 = EDGE_CURVE('',#5382,#5373,#5384,.T.);
#5382 = VERTEX_POINT('',#5383);
#5383 = CARTESIAN_POINT('',(-19.46432579868,-1.777777777778,-12.5));
#5384 = LINE('',#5385,#5386);
#5385 = CARTESIAN_POINT('',(-19.46432579868,-1.777777777778,-13.));
#5386 = VECTOR('',#5387,1.);
#5387 = DIRECTION('',(0.,0.,1.));
#5388 = ORIENTED_EDGE('',*,*,#5389,.T.);
#5389 = EDGE_CURVE('',#5382,#5390,#5392,.T.);
#5390 = VERTEX_POINT('',#5391);
#5391 = CARTESIAN_POINT('',(-15.40134970257,-0.207593104394,-12.5));
#5392 = CIRCLE('',#5393,11.999999998917);
#5393 = AXIS2_PLACEMENT_3D('',#5394,#5395,#5396);
#5394 = CARTESIAN_POINT('',(-13.17893218824,-11.99999999891,-12.5));
#5395 = DIRECTION('',(0.,0.,-1.));
#5396 = DIRECTION('',(-0.523782800913,0.851851851831,0.));
#5397 = ORIENTED_EDGE('',*,*,#5398,.T.);
#5398 = EDGE_CURVE('',#5390,#5399,#5401,.T.);
#5399 = VERTEX_POINT('',#5400);
#5400 = CARTESIAN_POINT('',(-13.17893218813,0.,-13.01094292185));
#5401 = ( BOUNDED_CURVE() B_SPLINE_CURVE(6,(#5402,#5403,#5404,#5405,
#5406,#5407,#5408),.UNSPECIFIED.,.F.,.F.) B_SPLINE_CURVE_WITH_KNOTS((7,7
),(19.457148181746,21.549535229052),.PIECEWISE_BEZIER_KNOTS.) CURVE() 
GEOMETRIC_REPRESENTATION_ITEM() RATIONAL_B_SPLINE_CURVE((1.,1.,1.,1.,1.,
1.,1.)) REPRESENTATION_ITEM('') );
#5402 = CARTESIAN_POINT('',(-15.40134970262,-0.207593104404,-12.5));
#5403 = CARTESIAN_POINT('',(-15.01224301441,-0.134261381154,
    -12.49999999999));
#5404 = CARTESIAN_POINT('',(-14.61955972375,-7.62431897785E-02,
    -12.53610274176));
#5405 = CARTESIAN_POINT('',(-14.23285898545,-3.521302964261E-02,
    -12.60865305544));
#5406 = CARTESIAN_POINT('',(-13.85785457635,-1.070305503778E-02,
    -12.71689623025));
#5407 = CARTESIAN_POINT('',(-13.5064884257,2.87828E-12,-12.85261752462)
  );
#5408 = CARTESIAN_POINT('',(-13.17893218813,0.,-13.01094292185));
#5409 = ORIENTED_EDGE('',*,*,#5410,.T.);
#5410 = EDGE_CURVE('',#5399,#5411,#5413,.T.);
#5411 = VERTEX_POINT('',#5412);
#5412 = CARTESIAN_POINT('',(-13.17893218813,0.,-10.97443603929));
#5413 = LINE('',#5414,#5415);
#5414 = CARTESIAN_POINT('',(-13.17893218813,0.,-13.));
#5415 = VECTOR('',#5416,1.);
#5416 = DIRECTION('',(0.,0.,1.));
#5417 = ORIENTED_EDGE('',*,*,#5418,.F.);
#5418 = EDGE_CURVE('',#5419,#5411,#5421,.T.);
#5419 = VERTEX_POINT('',#5420);
#5420 = CARTESIAN_POINT('',(-13.17893218813,0.,10.974436039294));
#5421 = B_SPLINE_CURVE_WITH_KNOTS('',8,(#5422,#5423,#5424,#5425,#5426,
    #5427,#5428,#5429,#5430,#5431,#5432,#5433,#5434,#5435,#5436,#5437,
    #5438,#5439,#5440,#5441,#5442,#5443,#5444,#5445,#5446,#5447,#5448,
    #5449,#5450,#5451),.UNSPECIFIED.,.F.,.F.,(9,7,7,7,9),(0.,
    0.293360358512,0.499999903358,0.706862622345,1.),.UNSPECIFIED.);
#5422 = CARTESIAN_POINT('',(-13.17893218813,4.4E-16,10.974436039294));
#5423 = CARTESIAN_POINT('',(-13.78249592334,5.6E-16,10.249631091777));
#5424 = CARTESIAN_POINT('',(-14.3287624323,-3.469408323296E-02,
    9.500988420208));
#5425 = CARTESIAN_POINT('',(-14.81895923339,-9.255578147168E-02,
    8.733341445935));
#5426 = CARTESIAN_POINT('',(-15.25483820111,-0.164542050784,
    7.950538591726));
#5427 = CARTESIAN_POINT('',(-15.63829061442,-0.243283641515,
    7.155445060424));
#5428 = CARTESIAN_POINT('',(-15.97110626755,-0.322822031049,
    6.350005565605));
#5429 = CARTESIAN_POINT('',(-16.25469489524,-0.398294356298,
    5.535367200916));
#5430 = CARTESIAN_POINT('',(-16.65560913546,-0.513380278863,
    4.132410918347));
#5431 = CARTESIAN_POINT('',(-16.79724302714,-0.556981629815,
    3.548585572579));
#5432 = CARTESIAN_POINT('',(-16.91500817317,-0.5952287397,2.961502330973
    ));
#5433 = CARTESIAN_POINT('',(-17.00906473648,-0.626987249546,
    2.371853939764));
#5434 = CARTESIAN_POINT('',(-17.07953681112,-0.651393715835,
    1.780283664374));
#5435 = CARTESIAN_POINT('',(-17.1265048664,-0.667864893955,
    1.187398015594));
#5436 = CARTESIAN_POINT('',(-17.15,-0.67610400818,0.593779586487));
#5437 = CARTESIAN_POINT('',(-17.15,-0.67610400818,-0.594420878307));
#5438 = CARTESIAN_POINT('',(-17.1264540888,-0.667847088768,
    -1.188679787492));
#5439 = CARTESIAN_POINT('',(-17.07938461437,-0.651340341303,
    -1.782203453078));
#5440 = CARTESIAN_POINT('',(-17.00876033985,-0.626881829291,
    -2.374407567041));
#5441 = CARTESIAN_POINT('',(-16.91450041,-0.59505730113,-2.964683778841)
  );
#5442 = CARTESIAN_POINT('',(-16.79648013037,-0.556733882426,
    -3.552386798167));
#5443 = CARTESIAN_POINT('',(-16.65453855907,-0.513050747902,
    -4.136821609391));
#5444 = CARTESIAN_POINT('',(-16.25318378454,-0.39789228805,
    -5.539706825665));
#5445 = CARTESIAN_POINT('',(-15.9695861541,-0.322458850723,
    -6.353682994658));
#5446 = CARTESIAN_POINT('',(-15.63683158527,-0.242984162492,
    -7.158469432129));
#5447 = CARTESIAN_POINT('',(-15.25351183751,-0.164323109025,
    -7.952920083147));
#5448 = CARTESIAN_POINT('',(-14.81784083927,-9.242384832092E-02,
    -8.735092553204));
#5449 = CARTESIAN_POINT('',(-14.32793183609,-3.46413647044E-02,
    -9.502126640575));
#5450 = CARTESIAN_POINT('',(-13.78203717621,-4.4E-16,-10.25018198999));
#5451 = CARTESIAN_POINT('',(-13.17893218813,-4.4E-16,-10.97443603929));
#5452 = ORIENTED_EDGE('',*,*,#5453,.T.);
#5453 = EDGE_CURVE('',#5419,#5454,#5456,.T.);
#5454 = VERTEX_POINT('',#5455);
#5455 = CARTESIAN_POINT('',(-13.17893218813,0.,13.010942921859));
#5456 = LINE('',#5457,#5458);
#5457 = CARTESIAN_POINT('',(-13.17893218813,0.,13.));
#5458 = VECTOR('',#5459,1.);
#5459 = DIRECTION('',(0.,0.,1.));
#5460 = ORIENTED_EDGE('',*,*,#5461,.F.);
#5461 = EDGE_CURVE('',#5462,#5454,#5464,.T.);
#5462 = VERTEX_POINT('',#5463);
#5463 = CARTESIAN_POINT('',(-15.40134970257,-0.207593104394,12.5));
#5464 = ( BOUNDED_CURVE() B_SPLINE_CURVE(6,(#5465,#5466,#5467,#5468,
#5469,#5470,#5471),.UNSPECIFIED.,.F.,.F.) B_SPLINE_CURVE_WITH_KNOTS((7,7
),(19.457148181743,21.54953522905),.PIECEWISE_BEZIER_KNOTS.) CURVE() 
GEOMETRIC_REPRESENTATION_ITEM() RATIONAL_B_SPLINE_CURVE((1.,1.,1.,1.,1.,
1.,1.)) REPRESENTATION_ITEM('') );
#5465 = CARTESIAN_POINT('',(-15.40134970262,-0.207593104404,12.5));
#5466 = CARTESIAN_POINT('',(-15.01224301441,-0.134261381154,
    12.499999999995));
#5467 = CARTESIAN_POINT('',(-14.61955972375,-7.624318977868E-02,
    12.536102741762));
#5468 = CARTESIAN_POINT('',(-14.23285898544,-3.521302964266E-02,
    12.608653055447));
#5469 = CARTESIAN_POINT('',(-13.85785457636,-1.070305503798E-02,
    12.716896230248));
#5470 = CARTESIAN_POINT('',(-13.5064884257,2.87875E-12,12.852617524623)
  );
#5471 = CARTESIAN_POINT('',(-13.17893218813,0.,13.010942921859));
#5472 = ORIENTED_EDGE('',*,*,#5473,.F.);
#5473 = EDGE_CURVE('',#5474,#5462,#5476,.T.);
#5474 = VERTEX_POINT('',#5475);
#5475 = CARTESIAN_POINT('',(-19.46432579868,-1.777777777778,12.5));
#5476 = CIRCLE('',#5477,11.999999998917);
#5477 = AXIS2_PLACEMENT_3D('',#5478,#5479,#5480);
#5478 = CARTESIAN_POINT('',(-13.17893218824,-11.99999999891,12.5));
#5479 = DIRECTION('',(0.,0.,-1.));
#5480 = DIRECTION('',(-0.523782800913,0.851851851831,0.));
#5481 = ORIENTED_EDGE('',*,*,#5482,.F.);
#5482 = EDGE_CURVE('',#5331,#5474,#5483,.T.);
#5483 = LINE('',#5484,#5485);
#5484 = CARTESIAN_POINT('',(-19.46432579868,-1.777777777778,-13.));
#5485 = VECTOR('',#5486,1.);
#5486 = DIRECTION('',(0.,0.,1.));
#5487 = CYLINDRICAL_SURFACE('',#5488,11.999999998917);
#5488 = AXIS2_PLACEMENT_3D('',#5489,#5490,#5491);
#5489 = CARTESIAN_POINT('',(-13.17893218824,-11.99999999891,-13.));
#5490 = DIRECTION('',(0.,0.,1.));
#5491 = DIRECTION('',(1.,0.,0.));
#5492 = ADVANCED_FACE('',(#5493),#5516,.F.);
#5493 = FACE_BOUND('',#5494,.F.);
#5494 = EDGE_LOOP('',(#5495,#5496,#5497,#5498,#5506));
#5495 = ORIENTED_EDGE('',*,*,#5240,.F.);
#5496 = ORIENTED_EDGE('',*,*,#522,.F.);
#5497 = ORIENTED_EDGE('',*,*,#5341,.T.);
#5498 = ORIENTED_EDGE('',*,*,#5499,.T.);
#5499 = EDGE_CURVE('',#5342,#5500,#5502,.T.);
#5500 = VERTEX_POINT('',#5501);
#5501 = CARTESIAN_POINT('',(-19.17517926904,2.56037636258,-9.));
#5502 = LINE('',#5503,#5504);
#5503 = CARTESIAN_POINT('',(-19.17517926904,-0.454088682563,-9.));
#5504 = VECTOR('',#5505,1.);
#5505 = DIRECTION('',(0.,1.,0.));
#5506 = ORIENTED_EDGE('',*,*,#5507,.F.);
#5507 = EDGE_CURVE('',#5241,#5500,#5508,.T.);
#5508 = B_SPLINE_CURVE_WITH_KNOTS('',6,(#5509,#5510,#5511,#5512,#5513,
    #5514,#5515),.UNSPECIFIED.,.F.,.F.,(7,7),(0.,1.),
  .PIECEWISE_BEZIER_KNOTS.);
#5509 = CARTESIAN_POINT('',(-17.84359568934,3.426885710225,
    -8.385510973203));
#5510 = CARTESIAN_POINT('',(-18.00858698342,3.33334668106,
    -8.578991884594));
#5511 = CARTESIAN_POINT('',(-18.20998560721,3.215347249108,
    -8.746832288506));
#5512 = CARTESIAN_POINT('',(-18.44000892314,3.074023492979,
    -8.875812149912));
#5513 = CARTESIAN_POINT('',(-18.68576379513,2.912983437362,
    -8.960365362716));
#5514 = CARTESIAN_POINT('',(-18.93477426189,2.738634929694,-9.));
#5515 = CARTESIAN_POINT('',(-19.17517926904,2.56037636258,-9.));
#5516 = CYLINDRICAL_SURFACE('',#5517,1.75);
#5517 = AXIS2_PLACEMENT_3D('',#5518,#5519,#5520);
#5518 = CARTESIAN_POINT('',(-19.17517926904,-0.454088682563,-7.25));
#5519 = DIRECTION('',(0.,1.,0.));
#5520 = DIRECTION('',(0.93537459849,0.,0.353658536585));
#5521 = ADVANCED_FACE('',(#5522,#5525),#5536,.F.);
#5522 = FACE_BOUND('',#5523,.T.);
#5523 = EDGE_LOOP('',(#5524));
#5524 = ORIENTED_EDGE('',*,*,#1069,.F.);
#5525 = FACE_BOUND('',#5526,.T.);
#5526 = EDGE_LOOP('',(#5527));
#5527 = ORIENTED_EDGE('',*,*,#5528,.T.);
#5528 = EDGE_CURVE('',#5529,#5529,#5531,.T.);
#5529 = VERTEX_POINT('',#5530);
#5530 = CARTESIAN_POINT('',(16.75,9.,0.));
#5531 = CIRCLE('',#5532,16.75);
#5532 = AXIS2_PLACEMENT_3D('',#5533,#5534,#5535);
#5533 = CARTESIAN_POINT('',(0.,9.,0.));
#5534 = DIRECTION('',(0.,-1.,0.));
#5535 = DIRECTION('',(1.,0.,0.));
#5536 = PLANE('',#5537);
#5537 = AXIS2_PLACEMENT_3D('',#5538,#5539,#5540);
#5538 = CARTESIAN_POINT('',(0.,9.,0.));
#5539 = DIRECTION('',(-0.,-1.,-0.));
#5540 = DIRECTION('',(1.,0.,0.));
#5541 = ADVANCED_FACE('',(#5542,#5562),#5573,.F.);
#5542 = FACE_BOUND('',#5543,.F.);
#5543 = EDGE_LOOP('',(#5544,#5553,#5554,#5555));
#5544 = ORIENTED_EDGE('',*,*,#5545,.F.);
#5545 = EDGE_CURVE('',#1358,#5546,#5548,.T.);
#5546 = VERTEX_POINT('',#5547);
#5547 = CARTESIAN_POINT('',(21.400154154272,0.462883908585,9.));
#5548 = CIRCLE('',#5549,13.);
#5549 = AXIS2_PLACEMENT_3D('',#5550,#5551,#5552);
#5550 = CARTESIAN_POINT('',(11.432151483916,-7.882109965816,9.));
#5551 = DIRECTION('',(0.,0.,-1.));
#5552 = DIRECTION('',(1.,0.,0.));
#5553 = ORIENTED_EDGE('',*,*,#1357,.F.);
#5554 = ORIENTED_EDGE('',*,*,#1084,.T.);
#5555 = ORIENTED_EDGE('',*,*,#5556,.F.);
#5556 = EDGE_CURVE('',#5546,#1087,#5557,.T.);
#5557 = CIRCLE('',#5558,1.5);
#5558 = AXIS2_PLACEMENT_3D('',#5559,#5560,#5561);
#5559 = CARTESIAN_POINT('',(20.25,-0.5,9.));
#5560 = DIRECTION('',(0.,0.,-1.));
#5561 = DIRECTION('',(1.,0.,0.));
#5562 = FACE_BOUND('',#5563,.F.);
#5563 = EDGE_LOOP('',(#5564));
#5564 = ORIENTED_EDGE('',*,*,#5565,.T.);
#5565 = EDGE_CURVE('',#5566,#5566,#5568,.T.);
#5566 = VERTEX_POINT('',#5567);
#5567 = CARTESIAN_POINT('',(20.75,-0.5,9.));
#5568 = CIRCLE('',#5569,0.5);
#5569 = AXIS2_PLACEMENT_3D('',#5570,#5571,#5572);
#5570 = CARTESIAN_POINT('',(20.25,-0.5,9.));
#5571 = DIRECTION('',(0.,0.,-1.));
#5572 = DIRECTION('',(1.,0.,0.));
#5573 = PLANE('',#5574);
#5574 = AXIS2_PLACEMENT_3D('',#5575,#5576,#5577);
#5575 = CARTESIAN_POINT('',(23.470116999766,-5.5,9.));
#5576 = DIRECTION('',(-2.5E-16,2.2E-16,1.));
#5577 = DIRECTION('',(-1.,0.,-2.5E-16));
#5578 = ADVANCED_FACE('',(#5579),#5598,.T.);
#5579 = FACE_BOUND('',#5580,.F.);
#5580 = EDGE_LOOP('',(#5581,#5589,#5590,#5591));
#5581 = ORIENTED_EDGE('',*,*,#5582,.F.);
#5582 = EDGE_CURVE('',#5546,#5583,#5585,.T.);
#5583 = VERTEX_POINT('',#5584);
#5584 = CARTESIAN_POINT('',(21.400154154272,0.462883908585,12.5));
#5585 = LINE('',#5586,#5587);
#5586 = CARTESIAN_POINT('',(21.400154154272,0.462883908585,-13.));
#5587 = VECTOR('',#5588,1.);
#5588 = DIRECTION('',(0.,0.,1.));
#5589 = ORIENTED_EDGE('',*,*,#5556,.T.);
#5590 = ORIENTED_EDGE('',*,*,#1095,.T.);
#5591 = ORIENTED_EDGE('',*,*,#5592,.T.);
#5592 = EDGE_CURVE('',#1096,#5583,#5593,.T.);
#5593 = CIRCLE('',#5594,1.5);
#5594 = AXIS2_PLACEMENT_3D('',#5595,#5596,#5597);
#5595 = CARTESIAN_POINT('',(20.25,-0.5,12.5));
#5596 = DIRECTION('',(0.,0.,1.));
#5597 = DIRECTION('',(-0.523782800879,-0.851851851852,0.));
#5598 = CYLINDRICAL_SURFACE('',#5599,1.5);
#5599 = AXIS2_PLACEMENT_3D('',#5600,#5601,#5602);
#5600 = CARTESIAN_POINT('',(20.25,-0.5,-13.));
#5601 = DIRECTION('',(-0.,-0.,-1.));
#5602 = DIRECTION('',(1.,0.,0.));
#5603 = ADVANCED_FACE('',(#5604),#5632,.T.);
#5604 = FACE_BOUND('',#5605,.T.);
#5605 = EDGE_LOOP('',(#5606,#5615,#5616,#5625));
#5606 = ORIENTED_EDGE('',*,*,#5607,.F.);
#5607 = EDGE_CURVE('',#1104,#5608,#5610,.T.);
#5608 = VERTEX_POINT('',#5609);
#5609 = CARTESIAN_POINT('',(17.126873658828,-0.139824700116,13.));
#5610 = CIRCLE('',#5611,0.5);
#5611 = AXIS2_PLACEMENT_3D('',#5612,#5613,#5614);
#5612 = CARTESIAN_POINT('',(17.126873658828,-0.139824700116,12.5));
#5613 = DIRECTION('',(-0.948814023991,0.315835317655,0.));
#5614 = DIRECTION('',(0.315835317655,0.948814023991,0.));
#5615 = ORIENTED_EDGE('',*,*,#1103,.T.);
#5616 = ORIENTED_EDGE('',*,*,#5617,.T.);
#5617 = EDGE_CURVE('',#1096,#5618,#5620,.T.);
#5618 = VERTEX_POINT('',#5619);
#5619 = CARTESIAN_POINT('',(19.726217199121,-1.351851851852,13.));
#5620 = CIRCLE('',#5621,0.5);
#5621 = AXIS2_PLACEMENT_3D('',#5622,#5623,#5624);
#5622 = CARTESIAN_POINT('',(19.726217199121,-1.351851851852,12.5));
#5623 = DIRECTION('',(-0.851851851852,0.523782800879,0.));
#5624 = DIRECTION('',(0.523782800879,0.851851851852,0.));
#5625 = ORIENTED_EDGE('',*,*,#5626,.F.);
#5626 = EDGE_CURVE('',#5608,#5618,#5627,.T.);
#5627 = CIRCLE('',#5628,12.5);
#5628 = AXIS2_PLACEMENT_3D('',#5629,#5630,#5631);
#5629 = CARTESIAN_POINT('',(13.178932188135,-12.,13.));
#5630 = DIRECTION('',(0.,0.,-1.));
#5631 = DIRECTION('',(0.315835317655,0.948814023991,0.));
#5632 = TOROIDAL_SURFACE('',#5633,12.5,0.5);
#5633 = AXIS2_PLACEMENT_3D('',#5634,#5635,#5636);
#5634 = CARTESIAN_POINT('',(13.178932188135,-12.,12.5));
#5635 = DIRECTION('',(-0.,-0.,-1.));
#5636 = DIRECTION('',(0.315835317655,0.948814023991,0.));
#5637 = ADVANCED_FACE('',(#5638),#5655,.T.);
#5638 = FACE_BOUND('',#5639,.T.);
#5639 = EDGE_LOOP('',(#5640,#5646,#5647,#5648));
#5640 = ORIENTED_EDGE('',*,*,#5641,.F.);
#5641 = EDGE_CURVE('',#1113,#2396,#5642,.T.);
#5642 = ( BOUNDED_CURVE() B_SPLINE_CURVE(2,(#5643,#5644,#5645),
.UNSPECIFIED.,.F.,.F.) B_SPLINE_CURVE_WITH_KNOTS((3,3),(0.,
2.092387047022),.PIECEWISE_BEZIER_KNOTS.) CURVE() 
GEOMETRIC_REPRESENTATION_ITEM() RATIONAL_B_SPLINE_CURVE((1.,
0.707106781187,1.)) REPRESENTATION_ITEM('') );
#5643 = CARTESIAN_POINT('',(15.401349702578,-0.207593104396,12.5));
#5644 = CARTESIAN_POINT('',(15.401349702578,-0.207593104396,13.));
#5645 = CARTESIAN_POINT('',(15.493950432346,0.283757182921,13.));
#5646 = ORIENTED_EDGE('',*,*,#1112,.T.);
#5647 = ORIENTED_EDGE('',*,*,#5607,.T.);
#5648 = ORIENTED_EDGE('',*,*,#5649,.F.);
#5649 = EDGE_CURVE('',#2396,#5608,#5650,.T.);
#5650 = CIRCLE('',#5651,12.5);
#5651 = AXIS2_PLACEMENT_3D('',#5652,#5653,#5654);
#5652 = CARTESIAN_POINT('',(13.178932188135,-12.,13.));
#5653 = DIRECTION('',(0.,0.,-1.));
#5654 = DIRECTION('',(0.192918187018,0.981214845545,0.));
#5655 = TOROIDAL_SURFACE('',#5656,12.5,0.5);
#5656 = AXIS2_PLACEMENT_3D('',#5657,#5658,#5659);
#5657 = CARTESIAN_POINT('',(13.178932188135,-12.,12.5));
#5658 = DIRECTION('',(-0.,-0.,-1.));
#5659 = DIRECTION('',(0.192918187018,0.981214845545,0.));
#5660 = ADVANCED_FACE('',(#5661),#5673,.F.);
#5661 = FACE_BOUND('',#5662,.F.);
#5662 = EDGE_LOOP('',(#5663,#5670,#5671,#5672));
#5663 = ORIENTED_EDGE('',*,*,#5664,.T.);
#5664 = EDGE_CURVE('',#1122,#2430,#5665,.T.);
#5665 = CIRCLE('',#5666,0.5);
#5666 = AXIS2_PLACEMENT_3D('',#5667,#5668,#5669);
#5667 = CARTESIAN_POINT('',(13.178932188135,0.5,13.010942921857));
#5668 = DIRECTION('',(-0.907101286935,0.,0.420912408038));
#5669 = DIRECTION('',(-0.420912408038,0.,-0.907101286935));
#5670 = ORIENTED_EDGE('',*,*,#2438,.T.);
#5671 = ORIENTED_EDGE('',*,*,#5641,.F.);
#5672 = ORIENTED_EDGE('',*,*,#1121,.F.);
#5673 = ( BOUNDED_SURFACE() B_SPLINE_SURFACE(2,6,(
    (#5674,#5675,#5676,#5677,#5678,#5679,#5680)
    ,(#5681,#5682,#5683,#5684,#5685,#5686,#5687)
    ,(#5688,#5689,#5690,#5691,#5692,#5693,#5694
)),.UNSPECIFIED.,.F.,.F.,.F.) B_SPLINE_SURFACE_WITH_KNOTS((3,3),(7,7),(
    0.,2.092387047022),(50.964072217241,53.056459264263),
.PIECEWISE_BEZIER_KNOTS.) GEOMETRIC_REPRESENTATION_ITEM() 
RATIONAL_B_SPLINE_SURFACE((
    (1.,1.,1.,1.,1.,1.,1.)
    ,(0.707106781187,0.703044676883,0.700218719161,0.698917631289
      ,0.699626715749,0.70239726028,0.707106781187)
,(1.,1.,1.,1.,1.,1.,1.))) REPRESENTATION_ITEM('') SURFACE() );
#5674 = CARTESIAN_POINT('',(13.178932188135,0.,13.010942921857));
#5675 = CARTESIAN_POINT('',(13.506488205291,2.8E-16,12.852617631159));
#5676 = CARTESIAN_POINT('',(13.857839033046,-1.069921426105E-02,
    12.716894317727));
#5677 = CARTESIAN_POINT('',(14.232861259886,-3.522013011882E-02,
    12.608668939187));
#5678 = CARTESIAN_POINT('',(14.619532210009,-7.623402547306E-02,
    12.536093075607));
#5679 = CARTESIAN_POINT('',(15.012270575422,-0.134266575354,12.5));
#5680 = CARTESIAN_POINT('',(15.401349702578,-0.207593104396,12.5));
#5681 = CARTESIAN_POINT('',(13.389388392154,1.1E-16,13.464493565325));
#5682 = CARTESIAN_POINT('',(13.693690456216,-5.777875058477E-03,
    13.323291566827));
#5683 = CARTESIAN_POINT('',(14.015108700772,-2.109781410008E-02,
    13.203702215072));
#5684 = CARTESIAN_POINT('',(14.353095832435,-4.807230095764E-02,
    13.108745089605));
#5685 = CARTESIAN_POINT('',(14.698349228444,-8.795010595085E-02,
    13.043111212657));
#5686 = CARTESIAN_POINT('',(15.049868620954,-0.141352368411,
    13.006704924938));
#5687 = CARTESIAN_POINT('',(15.401349702578,-0.207593104396,13.));
#5688 = CARTESIAN_POINT('',(13.389388392154,0.5,13.464493565325));
#5689 = CARTESIAN_POINT('',(13.707916933195,0.5,13.316690208445));
#5690 = CARTESIAN_POINT('',(14.046164551506,0.488062773431,
    13.192273339042));
#5691 = CARTESIAN_POINT('',(14.403370885261,0.461553887626,
    13.095000299313));
#5692 = CARTESIAN_POINT('',(14.767949322348,0.418240644981,
    13.031117769744));
#5693 = CARTESIAN_POINT('',(15.134327546242,0.358309853001,13.));
#5694 = CARTESIAN_POINT('',(15.493950432346,0.283757182921,13.));
#5695 = ADVANCED_FACE('',(#5696,#5716),#5727,.T.);
#5696 = FACE_BOUND('',#5697,.T.);
#5697 = EDGE_LOOP('',(#5698,#5707,#5708,#5709));
#5698 = ORIENTED_EDGE('',*,*,#5699,.F.);
#5699 = EDGE_CURVE('',#1486,#5700,#5702,.T.);
#5700 = VERTEX_POINT('',#5701);
#5701 = CARTESIAN_POINT('',(21.400154154272,0.462883908585,-9.));
#5702 = CIRCLE('',#5703,13.);
#5703 = AXIS2_PLACEMENT_3D('',#5704,#5705,#5706);
#5704 = CARTESIAN_POINT('',(11.432151483916,-7.882109965816,-9.));
#5705 = DIRECTION('',(0.,0.,-1.));
#5706 = DIRECTION('',(1.,0.,0.));
#5707 = ORIENTED_EDGE('',*,*,#1485,.F.);
#5708 = ORIENTED_EDGE('',*,*,#1229,.T.);
#5709 = ORIENTED_EDGE('',*,*,#5710,.F.);
#5710 = EDGE_CURVE('',#5700,#1222,#5711,.T.);
#5711 = CIRCLE('',#5712,1.5);
#5712 = AXIS2_PLACEMENT_3D('',#5713,#5714,#5715);
#5713 = CARTESIAN_POINT('',(20.25,-0.5,-9.));
#5714 = DIRECTION('',(0.,0.,-1.));
#5715 = DIRECTION('',(1.,0.,0.));
#5716 = FACE_BOUND('',#5717,.T.);
#5717 = EDGE_LOOP('',(#5718));
#5718 = ORIENTED_EDGE('',*,*,#5719,.T.);
#5719 = EDGE_CURVE('',#5720,#5720,#5722,.T.);
#5720 = VERTEX_POINT('',#5721);
#5721 = CARTESIAN_POINT('',(20.75,-0.5,-9.));
#5722 = CIRCLE('',#5723,0.5);
#5723 = AXIS2_PLACEMENT_3D('',#5724,#5725,#5726);
#5724 = CARTESIAN_POINT('',(20.25,-0.5,-9.));
#5725 = DIRECTION('',(0.,0.,-1.));
#5726 = DIRECTION('',(1.,0.,0.));
#5727 = PLANE('',#5728);
#5728 = AXIS2_PLACEMENT_3D('',#5729,#5730,#5731);
#5729 = CARTESIAN_POINT('',(23.470116999766,-5.5,-9.));
#5730 = DIRECTION('',(0.,2.2E-16,1.));
#5731 = DIRECTION('',(-1.,0.,0.));
#5732 = ADVANCED_FACE('',(#5733),#5759,.T.);
#5733 = FACE_BOUND('',#5734,.T.);
#5734 = EDGE_LOOP('',(#5735,#5736,#5743,#5744,#5751,#5752));
#5735 = ORIENTED_EDGE('',*,*,#1133,.T.);
#5736 = ORIENTED_EDGE('',*,*,#5737,.F.);
#5737 = EDGE_CURVE('',#3231,#1122,#5738,.T.);
#5738 = CIRCLE('',#5739,5.5);
#5739 = AXIS2_PLACEMENT_3D('',#5740,#5741,#5742);
#5740 = CARTESIAN_POINT('',(15.493950432346,0.,18.));
#5741 = DIRECTION('',(0.,-1.,0.));
#5742 = DIRECTION('',(-0.652376860309,-0.,-0.757894736842));
#5743 = ORIENTED_EDGE('',*,*,#3230,.F.);
#5744 = ORIENTED_EDGE('',*,*,#5745,.F.);
#5745 = EDGE_CURVE('',#5454,#3222,#5746,.T.);
#5746 = CIRCLE('',#5747,5.5);
#5747 = AXIS2_PLACEMENT_3D('',#5748,#5749,#5750);
#5748 = CARTESIAN_POINT('',(-15.49395043234,0.,18.));
#5749 = DIRECTION('',(0.,-1.,0.));
#5750 = DIRECTION('',(0.463003648842,0.,-0.886356373677));
#5751 = ORIENTED_EDGE('',*,*,#5453,.F.);
#5752 = ORIENTED_EDGE('',*,*,#5753,.F.);
#5753 = EDGE_CURVE('',#1134,#5419,#5754,.T.);
#5754 = CIRCLE('',#5755,17.15);
#5755 = AXIS2_PLACEMENT_3D('',#5756,#5757,#5758);
#5756 = CARTESIAN_POINT('',(0.,0.,0.));
#5757 = DIRECTION('',(0.,-1.,0.));
#5758 = DIRECTION('',(1.,0.,0.));
#5759 = PLANE('',#5760);
#5760 = AXIS2_PLACEMENT_3D('',#5761,#5762,#5763);
#5761 = CARTESIAN_POINT('',(0.,0.,0.));
#5762 = DIRECTION('',(-0.,-1.,-0.));
#5763 = DIRECTION('',(1.,0.,0.));
#5764 = ADVANCED_FACE('',(#5765),#5784,.T.);
#5765 = FACE_BOUND('',#5766,.F.);
#5766 = EDGE_LOOP('',(#5767,#5775,#5782,#5783));
#5767 = ORIENTED_EDGE('',*,*,#5768,.F.);
#5768 = EDGE_CURVE('',#5769,#5700,#5771,.T.);
#5769 = VERTEX_POINT('',#5770);
#5770 = CARTESIAN_POINT('',(21.400154154272,0.462883908585,-12.5));
#5771 = LINE('',#5772,#5773);
#5772 = CARTESIAN_POINT('',(21.400154154272,0.462883908585,-13.));
#5773 = VECTOR('',#5774,1.);
#5774 = DIRECTION('',(0.,0.,1.));
#5775 = ORIENTED_EDGE('',*,*,#5776,.F.);
#5776 = EDGE_CURVE('',#1213,#5769,#5777,.T.);
#5777 = CIRCLE('',#5778,1.5);
#5778 = AXIS2_PLACEMENT_3D('',#5779,#5780,#5781);
#5779 = CARTESIAN_POINT('',(20.25,-0.5,-12.5));
#5780 = DIRECTION('',(0.,0.,1.));
#5781 = DIRECTION('',(-0.523782800879,-0.851851851852,0.));
#5782 = ORIENTED_EDGE('',*,*,#1221,.T.);
#5783 = ORIENTED_EDGE('',*,*,#5710,.F.);
#5784 = CYLINDRICAL_SURFACE('',#5785,1.5);
#5785 = AXIS2_PLACEMENT_3D('',#5786,#5787,#5788);
#5786 = CARTESIAN_POINT('',(20.25,-0.5,-13.));
#5787 = DIRECTION('',(-0.,-0.,-1.));
#5788 = DIRECTION('',(1.,0.,0.));
#5789 = ADVANCED_FACE('',(#5790),#5818,.F.);
#5790 = FACE_BOUND('',#5791,.T.);
#5791 = EDGE_LOOP('',(#5792,#5801,#5806,#5807,#5808,#5809,#5816,#5817));
#5792 = ORIENTED_EDGE('',*,*,#5793,.T.);
#5793 = EDGE_CURVE('',#5794,#5794,#5796,.T.);
#5794 = VERTEX_POINT('',#5795);
#5795 = CARTESIAN_POINT('',(17.15,0.4,-4.E-15));
#5796 = CIRCLE('',#5797,17.15);
#5797 = AXIS2_PLACEMENT_3D('',#5798,#5799,#5800);
#5798 = CARTESIAN_POINT('',(0.,0.4,0.));
#5799 = DIRECTION('',(-0.,1.,0.));
#5800 = DIRECTION('',(1.,0.,0.));
#5801 = ORIENTED_EDGE('',*,*,#5802,.F.);
#5802 = EDGE_CURVE('',#1142,#5794,#5803,.T.);
#5803 = B_SPLINE_CURVE_WITH_KNOTS('',1,(#5804,#5805),.UNSPECIFIED.,.F.,
  .F.,(2,2),(-0.67610400818,8.6),.PIECEWISE_BEZIER_KNOTS.);
#5804 = CARTESIAN_POINT('',(17.15,-0.67610400818,-4.2E-15));
#5805 = CARTESIAN_POINT('',(17.15,8.6,-4.2E-15));
#5806 = ORIENTED_EDGE('',*,*,#1141,.T.);
#5807 = ORIENTED_EDGE('',*,*,#5753,.T.);
#5808 = ORIENTED_EDGE('',*,*,#5418,.T.);
#5809 = ORIENTED_EDGE('',*,*,#5810,.T.);
#5810 = EDGE_CURVE('',#5411,#1163,#5811,.T.);
#5811 = CIRCLE('',#5812,17.15);
#5812 = AXIS2_PLACEMENT_3D('',#5813,#5814,#5815);
#5813 = CARTESIAN_POINT('',(0.,0.,0.));
#5814 = DIRECTION('',(0.,-1.,0.));
#5815 = DIRECTION('',(1.,0.,0.));
#5816 = ORIENTED_EDGE('',*,*,#1162,.T.);
#5817 = ORIENTED_EDGE('',*,*,#5802,.T.);
#5818 = CYLINDRICAL_SURFACE('',#5819,17.15);
#5819 = AXIS2_PLACEMENT_3D('',#5820,#5821,#5822);
#5820 = CARTESIAN_POINT('',(0.,0.,0.));
#5821 = DIRECTION('',(0.,1.,0.));
#5822 = DIRECTION('',(1.,0.,0.));
#5823 = ADVANCED_FACE('',(#5824),#5852,.T.);
#5824 = FACE_BOUND('',#5825,.F.);
#5825 = EDGE_LOOP('',(#5826,#5835,#5836,#5845));
#5826 = ORIENTED_EDGE('',*,*,#5827,.F.);
#5827 = EDGE_CURVE('',#1204,#5828,#5830,.T.);
#5828 = VERTEX_POINT('',#5829);
#5829 = CARTESIAN_POINT('',(17.126873658828,-0.139824700116,-13.));
#5830 = CIRCLE('',#5831,0.5);
#5831 = AXIS2_PLACEMENT_3D('',#5832,#5833,#5834);
#5832 = CARTESIAN_POINT('',(17.126873658828,-0.139824700116,-12.5));
#5833 = DIRECTION('',(0.948814023991,-0.315835317655,0.));
#5834 = DIRECTION('',(0.315835317655,0.948814023991,0.));
#5835 = ORIENTED_EDGE('',*,*,#1212,.T.);
#5836 = ORIENTED_EDGE('',*,*,#5837,.T.);
#5837 = EDGE_CURVE('',#1213,#5838,#5840,.T.);
#5838 = VERTEX_POINT('',#5839);
#5839 = CARTESIAN_POINT('',(19.726217199121,-1.351851851852,-13.));
#5840 = CIRCLE('',#5841,0.5);
#5841 = AXIS2_PLACEMENT_3D('',#5842,#5843,#5844);
#5842 = CARTESIAN_POINT('',(19.726217199121,-1.351851851852,-12.5));
#5843 = DIRECTION('',(0.851851851852,-0.523782800879,0.));
#5844 = DIRECTION('',(0.523782800879,0.851851851852,0.));
#5845 = ORIENTED_EDGE('',*,*,#5846,.F.);
#5846 = EDGE_CURVE('',#5828,#5838,#5847,.T.);
#5847 = CIRCLE('',#5848,12.5);
#5848 = AXIS2_PLACEMENT_3D('',#5849,#5850,#5851);
#5849 = CARTESIAN_POINT('',(13.178932188135,-12.,-13.));
#5850 = DIRECTION('',(0.,0.,-1.));
#5851 = DIRECTION('',(0.315835317655,0.948814023991,0.));
#5852 = TOROIDAL_SURFACE('',#5853,12.5,0.5);
#5853 = AXIS2_PLACEMENT_3D('',#5854,#5855,#5856);
#5854 = CARTESIAN_POINT('',(13.178932188135,-12.,-12.5));
#5855 = DIRECTION('',(0.,0.,1.));
#5856 = DIRECTION('',(0.315835317655,0.948814023991,0.));
#5857 = ADVANCED_FACE('',(#5858),#5875,.T.);
#5858 = FACE_BOUND('',#5859,.F.);
#5859 = EDGE_LOOP('',(#5860,#5866,#5867,#5868));
#5860 = ORIENTED_EDGE('',*,*,#5861,.F.);
#5861 = EDGE_CURVE('',#1192,#3266,#5862,.T.);
#5862 = ( BOUNDED_CURVE() B_SPLINE_CURVE(2,(#5863,#5864,#5865),
.UNSPECIFIED.,.F.,.F.) B_SPLINE_CURVE_WITH_KNOTS((3,3),(0.,
2.092387047022),.PIECEWISE_BEZIER_KNOTS.) CURVE() 
GEOMETRIC_REPRESENTATION_ITEM() RATIONAL_B_SPLINE_CURVE((1.,
0.707106781187,1.)) REPRESENTATION_ITEM('') );
#5863 = CARTESIAN_POINT('',(15.401349702578,-0.207593104396,-12.5));
#5864 = CARTESIAN_POINT('',(15.401349702578,-0.207593104396,-13.));
#5865 = CARTESIAN_POINT('',(15.493950432346,0.283757182921,-13.));
#5866 = ORIENTED_EDGE('',*,*,#1203,.T.);
#5867 = ORIENTED_EDGE('',*,*,#5827,.T.);
#5868 = ORIENTED_EDGE('',*,*,#5869,.F.);
#5869 = EDGE_CURVE('',#3266,#5828,#5870,.T.);
#5870 = CIRCLE('',#5871,12.5);
#5871 = AXIS2_PLACEMENT_3D('',#5872,#5873,#5874);
#5872 = CARTESIAN_POINT('',(13.178932188135,-12.,-13.));
#5873 = DIRECTION('',(0.,0.,-1.));
#5874 = DIRECTION('',(0.192918187018,0.981214845545,0.));
#5875 = TOROIDAL_SURFACE('',#5876,12.5,0.5);
#5876 = AXIS2_PLACEMENT_3D('',#5877,#5878,#5879);
#5877 = CARTESIAN_POINT('',(13.178932188135,-12.,-12.5));
#5878 = DIRECTION('',(0.,0.,1.));
#5879 = DIRECTION('',(0.192918187018,0.981214845545,0.));
#5880 = ADVANCED_FACE('',(#5881),#5901,.T.);
#5881 = FACE_BOUND('',#5882,.T.);
#5882 = EDGE_LOOP('',(#5883,#5884,#5891,#5892,#5899,#5900));
#5883 = ORIENTED_EDGE('',*,*,#5410,.F.);
#5884 = ORIENTED_EDGE('',*,*,#5885,.T.);
#5885 = EDGE_CURVE('',#5399,#3382,#5886,.T.);
#5886 = CIRCLE('',#5887,5.5);
#5887 = AXIS2_PLACEMENT_3D('',#5888,#5889,#5890);
#5888 = CARTESIAN_POINT('',(-15.49395043234,0.,-18.));
#5889 = DIRECTION('',(-0.,1.,0.));
#5890 = DIRECTION('',(0.463003648842,0.,0.886356373677));
#5891 = ORIENTED_EDGE('',*,*,#3390,.T.);
#5892 = ORIENTED_EDGE('',*,*,#5893,.T.);
#5893 = EDGE_CURVE('',#3391,#1184,#5894,.T.);
#5894 = CIRCLE('',#5895,5.5);
#5895 = AXIS2_PLACEMENT_3D('',#5896,#5897,#5898);
#5896 = CARTESIAN_POINT('',(15.493950432346,0.,-18.));
#5897 = DIRECTION('',(0.,1.,-0.));
#5898 = DIRECTION('',(-0.652376860309,0.,0.757894736842));
#5899 = ORIENTED_EDGE('',*,*,#1183,.F.);
#5900 = ORIENTED_EDGE('',*,*,#5810,.F.);
#5901 = PLANE('',#5902);
#5902 = AXIS2_PLACEMENT_3D('',#5903,#5904,#5905);
#5903 = CARTESIAN_POINT('',(0.,0.,0.));
#5904 = DIRECTION('',(-0.,-1.,-0.));
#5905 = DIRECTION('',(1.,0.,0.));
#5906 = ADVANCED_FACE('',(#5907),#5919,.T.);
#5907 = FACE_BOUND('',#5908,.T.);
#5908 = EDGE_LOOP('',(#5909,#5916,#5917,#5918));
#5909 = ORIENTED_EDGE('',*,*,#5910,.T.);
#5910 = EDGE_CURVE('',#1184,#3257,#5911,.T.);
#5911 = CIRCLE('',#5912,0.5);
#5912 = AXIS2_PLACEMENT_3D('',#5913,#5914,#5915);
#5913 = CARTESIAN_POINT('',(13.178932188135,0.5,-13.01094292185));
#5914 = DIRECTION('',(0.907101286935,0.,0.420912408038));
#5915 = DIRECTION('',(-0.420912408038,0.,0.907101286935));
#5916 = ORIENTED_EDGE('',*,*,#3265,.T.);
#5917 = ORIENTED_EDGE('',*,*,#5861,.F.);
#5918 = ORIENTED_EDGE('',*,*,#1191,.F.);
#5919 = ( BOUNDED_SURFACE() B_SPLINE_SURFACE(2,6,(
    (#5920,#5921,#5922,#5923,#5924,#5925,#5926)
    ,(#5927,#5928,#5929,#5930,#5931,#5932,#5933)
    ,(#5934,#5935,#5936,#5937,#5938,#5939,#5940
)),.UNSPECIFIED.,.F.,.F.,.F.) B_SPLINE_SURFACE_WITH_KNOTS((3,3),(7,7),(
    0.,2.092387047022),(50.964072217243,53.056459264265),
.PIECEWISE_BEZIER_KNOTS.) GEOMETRIC_REPRESENTATION_ITEM() 
RATIONAL_B_SPLINE_SURFACE((
    (1.,1.,1.,1.,1.,1.,1.)
    ,(0.707106781187,0.703044676883,0.700218719161,0.698917631289
      ,0.699626715749,0.70239726028,0.707106781187)
,(1.,1.,1.,1.,1.,1.,1.))) REPRESENTATION_ITEM('') SURFACE() );
#5920 = CARTESIAN_POINT('',(13.178932188135,0.,-13.01094292185));
#5921 = CARTESIAN_POINT('',(13.506488205291,0.,-12.85261763115));
#5922 = CARTESIAN_POINT('',(13.857839033051,-1.069921426122E-02,
    -12.71689431772));
#5923 = CARTESIAN_POINT('',(14.232861259884,-3.522013011889E-02,
    -12.60866893918));
#5924 = CARTESIAN_POINT('',(14.61953221001,-7.623402547318E-02,
    -12.5360930756));
#5925 = CARTESIAN_POINT('',(15.012270575422,-0.134266575355,-12.5));
#5926 = CARTESIAN_POINT('',(15.401349702578,-0.207593104396,-12.5));
#5927 = CARTESIAN_POINT('',(13.389388392154,1.9E-16,-13.46449356532));
#5928 = CARTESIAN_POINT('',(13.693690456217,-5.777875058488E-03,
    -13.32329156682));
#5929 = CARTESIAN_POINT('',(14.015108700776,-2.10978141003E-02,
    -13.20370221507));
#5930 = CARTESIAN_POINT('',(14.353095832433,-4.807230095766E-02,
    -13.1087450896));
#5931 = CARTESIAN_POINT('',(14.698349228445,-8.795010595099E-02,
    -13.04311121265));
#5932 = CARTESIAN_POINT('',(15.049868620954,-0.141352368411,
    -13.00670492493));
#5933 = CARTESIAN_POINT('',(15.401349702578,-0.207593104396,-13.));
#5934 = CARTESIAN_POINT('',(13.389388392154,0.5,-13.46449356532));
#5935 = CARTESIAN_POINT('',(13.707916933195,0.5,-13.31669020844));
#5936 = CARTESIAN_POINT('',(14.046164551511,0.488062773431,
    -13.19227333904));
#5937 = CARTESIAN_POINT('',(14.403370885259,0.461553887626,
    -13.09500029931));
#5938 = CARTESIAN_POINT('',(14.76794932235,0.418240644981,
    -13.03111776974));
#5939 = CARTESIAN_POINT('',(15.134327546243,0.358309853001,-13.));
#5940 = CARTESIAN_POINT('',(15.493950432346,0.283757182921,-13.));
#5941 = ADVANCED_FACE('',(#5942),#5955,.T.);
#5942 = FACE_BOUND('',#5943,.F.);
#5943 = EDGE_LOOP('',(#5944,#5951,#5952,#5953,#5954));
#5944 = ORIENTED_EDGE('',*,*,#5945,.T.);
#5945 = EDGE_CURVE('',#5583,#1387,#5946,.T.);
#5946 = CIRCLE('',#5947,13.);
#5947 = AXIS2_PLACEMENT_3D('',#5948,#5949,#5950);
#5948 = CARTESIAN_POINT('',(11.432151483916,-7.882109965816,12.5));
#5949 = DIRECTION('',(0.,-0.,1.));
#5950 = DIRECTION('',(0.766769436181,0.641922605723,0.));
#5951 = ORIENTED_EDGE('',*,*,#1386,.F.);
#5952 = ORIENTED_EDGE('',*,*,#1365,.T.);
#5953 = ORIENTED_EDGE('',*,*,#5545,.T.);
#5954 = ORIENTED_EDGE('',*,*,#5582,.T.);
#5955 = CYLINDRICAL_SURFACE('',#5956,13.);
#5956 = AXIS2_PLACEMENT_3D('',#5957,#5958,#5959);
#5957 = CARTESIAN_POINT('',(11.432151483916,-7.882109965816,-13.));
#5958 = DIRECTION('',(-0.,-0.,-1.));
#5959 = DIRECTION('',(1.,0.,0.));
#5960 = ADVANCED_FACE('',(#5961),#5974,.T.);
#5961 = FACE_BOUND('',#5962,.F.);
#5962 = EDGE_LOOP('',(#5963,#5970,#5971,#5972,#5973));
#5963 = ORIENTED_EDGE('',*,*,#5964,.F.);
#5964 = EDGE_CURVE('',#5769,#1547,#5965,.T.);
#5965 = CIRCLE('',#5966,13.);
#5966 = AXIS2_PLACEMENT_3D('',#5967,#5968,#5969);
#5967 = CARTESIAN_POINT('',(11.432151483916,-7.882109965816,-12.5));
#5968 = DIRECTION('',(0.,-0.,1.));
#5969 = DIRECTION('',(0.766769436181,0.641922605723,0.));
#5970 = ORIENTED_EDGE('',*,*,#5768,.T.);
#5971 = ORIENTED_EDGE('',*,*,#5699,.F.);
#5972 = ORIENTED_EDGE('',*,*,#1493,.F.);
#5973 = ORIENTED_EDGE('',*,*,#1554,.F.);
#5974 = CYLINDRICAL_SURFACE('',#5975,13.);
#5975 = AXIS2_PLACEMENT_3D('',#5976,#5977,#5978);
#5976 = CARTESIAN_POINT('',(11.432151483916,-7.882109965816,-13.));
#5977 = DIRECTION('',(-0.,-0.,-1.));
#5978 = DIRECTION('',(1.,0.,0.));
#5979 = ADVANCED_FACE('',(#5980),#6007,.T.);
#5980 = FACE_BOUND('',#5981,.T.);
#5981 = EDGE_LOOP('',(#5982,#5983,#5984,#5991,#6000));
#5982 = ORIENTED_EDGE('',*,*,#5945,.T.);
#5983 = ORIENTED_EDGE('',*,*,#1514,.T.);
#5984 = ORIENTED_EDGE('',*,*,#5985,.T.);
#5985 = EDGE_CURVE('',#1515,#2394,#5986,.T.);
#5986 = CIRCLE('',#5987,0.5);
#5987 = AXIS2_PLACEMENT_3D('',#5988,#5989,#5990);
#5988 = CARTESIAN_POINT('',(15.493950432346,3.939556130912,12.5));
#5989 = DIRECTION('',(0.945733287738,-0.324943915874,0.));
#5990 = DIRECTION('',(0.324943915874,0.945733287738,0.));
#5991 = ORIENTED_EDGE('',*,*,#5992,.F.);
#5992 = EDGE_CURVE('',#5993,#2394,#5995,.T.);
#5993 = VERTEX_POINT('',#5994);
#5994 = CARTESIAN_POINT('',(21.016769436181,0.141922605723,13.));
#5995 = CIRCLE('',#5996,12.5);
#5996 = AXIS2_PLACEMENT_3D('',#5997,#5998,#5999);
#5997 = CARTESIAN_POINT('',(11.432151483916,-7.882109965816,13.));
#5998 = DIRECTION('',(0.,-0.,1.));
#5999 = DIRECTION('',(0.766769436181,0.641922605723,0.));
#6000 = ORIENTED_EDGE('',*,*,#6001,.F.);
#6001 = EDGE_CURVE('',#5583,#5993,#6002,.T.);
#6002 = CIRCLE('',#6003,0.5);
#6003 = AXIS2_PLACEMENT_3D('',#6004,#6005,#6006);
#6004 = CARTESIAN_POINT('',(21.016769436181,0.141922605723,12.5));
#6005 = DIRECTION('',(0.641922605723,-0.766769436181,0.));
#6006 = DIRECTION('',(0.766769436181,0.641922605723,0.));
#6007 = TOROIDAL_SURFACE('',#6008,12.5,0.5);
#6008 = AXIS2_PLACEMENT_3D('',#6009,#6010,#6011);
#6009 = CARTESIAN_POINT('',(11.432151483916,-7.882109965816,12.5));
#6010 = DIRECTION('',(0.,0.,1.));
#6011 = DIRECTION('',(0.766769436181,0.641922605723,0.));
#6012 = ADVANCED_FACE('',(#6013),#6018,.F.);
#6013 = FACE_BOUND('',#6014,.F.);
#6014 = EDGE_LOOP('',(#6015,#6016,#6017));
#6015 = ORIENTED_EDGE('',*,*,#5985,.T.);
#6016 = ORIENTED_EDGE('',*,*,#2403,.T.);
#6017 = ORIENTED_EDGE('',*,*,#1596,.F.);
#6018 = ( BOUNDED_SURFACE() B_SPLINE_SURFACE(2,6,(
    (#6019,#6020,#6021,#6022,#6023,#6024,#6025,#6026,#6027,#6028,#6029
      ,#6030,#6031,#6032,#6033,#6034,#6035,#6036,#6037,#6038,#6039,#6040
      )
    ,(#6041,#6042,#6043,#6044,#6045,#6046,#6047,#6048,#6049,#6050,#6051
      ,#6052,#6053,#6054,#6055,#6056,#6057,#6058,#6059,#6060,#6061,#6062
      )
    ,(#6063,#6064,#6065,#6066,#6067,#6068,#6069,#6070,#6071,#6072,#6073
      ,#6074,#6075,#6076,#6077,#6078,#6079,#6080,#6081,#6082,#6083,#6084
)),.UNSPECIFIED.,.F.,.F.,.F.) B_SPLINE_SURFACE_WITH_KNOTS((3,3),(7,5,5,5
    ,7),(0.,3.766062578066),(68.722127777568,68.887667247035,
    69.774070123574,70.873422698723,72.488190355635),.UNSPECIFIED.) 
GEOMETRIC_REPRESENTATION_ITEM() RATIONAL_B_SPLINE_SURFACE((
    (1.,1.,1.,1.,1.,1.,1.,1.,1.,1.,1.,1.,1.,1.,1.,1.,1.,1.,1.,1.,1.,1.)
    ,(0.707106781187,0.707697465646,0.708279075444,0.708852519257
      ,0.709415576208,0.709971994561,0.713440720745,0.716089799339
      ,0.718440544932,0.720504460602,0.722264671518,0.725545212826
      ,0.726904319305,0.727812981852,0.728288337321,0.728358038791
      ,0.727622861128,0.726386470784,0.724478535301,0.722025604013
      ,0.71915332483,0.715986444239)
    ,(1.,1.,1.,1.,1.,1.,1.,1.,1.,1.,1.,1.,1.,1.,1.,1.,1.,1.,1.,1.,1.,1.
))) REPRESENTATION_ITEM('') SURFACE() );
#6019 = CARTESIAN_POINT('',(15.65642239028,4.412422774783,12.5));
#6020 = CARTESIAN_POINT('',(15.629404148516,4.421705955773,12.5));
#6021 = CARTESIAN_POINT('',(15.602240926538,4.43095610291,12.50016159718
    ));
#6022 = CARTESIAN_POINT('',(15.575722035778,4.439922195891,
    12.50047780605));
#6023 = CARTESIAN_POINT('',(15.547382303886,4.449392019663,
    12.500968750516));
#6024 = CARTESIAN_POINT('',(15.522375858842,4.457704016085,
    12.501606852809));
#6025 = CARTESIAN_POINT('',(15.336849865646,4.518713096459,
    12.506761653308));
#6026 = CARTESIAN_POINT('',(15.175111472958,4.569252422788,
    12.516112491242));
#6027 = CARTESIAN_POINT('',(15.015874448101,4.616140499945,
    12.530893284851));
#6028 = CARTESIAN_POINT('',(14.854430658838,4.661123851559,
    12.550889976393));
#6029 = CARTESIAN_POINT('',(14.693816059489,4.703147671997,
    12.576354357385));
#6030 = CARTESIAN_POINT('',(14.335242721242,4.791241891784,
    12.645357258033));
#6031 = CARTESIAN_POINT('',(14.137757228654,4.835779726239,
    12.691799739871));
#6032 = CARTESIAN_POINT('',(13.942372190006,4.875992847399,
    12.74635829772));
#6033 = CARTESIAN_POINT('',(13.750038875308,4.91190361919,
    12.808769825572));
#6034 = CARTESIAN_POINT('',(13.561587004347,4.943648655497,
    12.878633178573));
#6035 = CARTESIAN_POINT('',(13.107661407866,5.01235674306,
    13.068180449012));
#6036 = CARTESIAN_POINT('',(12.847520425723,5.044725219392,
    13.195956412442));
#6037 = CARTESIAN_POINT('',(12.599187240816,5.069489741135,
    13.336995530589));
#6038 = CARTESIAN_POINT('',(12.363886324692,5.087621553765,
    13.489676119877));
#6039 = CARTESIAN_POINT('',(12.142181179893,5.10015765626,
    13.652496345881));
#6040 = CARTESIAN_POINT('',(11.933974339949,5.108200801104,
    13.824074223321));
#6041 = CARTESIAN_POINT('',(15.656422390281,4.412422774782,13.));
#6042 = CARTESIAN_POINT('',(15.629426699467,4.421698207506,
    12.999165343261));
#6043 = CARTESIAN_POINT('',(15.602395506257,4.430906335367,
    12.998503938644));
#6044 = CARTESIAN_POINT('',(15.575338185082,4.440043693952,
    12.998016021289));
#6045 = CARTESIAN_POINT('',(15.548229166223,4.449119260285,
    12.997703796287));
#6046 = CARTESIAN_POINT('',(15.521120576257,4.458114799038,
    12.997565497397));
#6047 = CARTESIAN_POINT('',(15.349148264351,4.514679548905,
    12.997815010627));
#6048 = CARTESIAN_POINT('',(15.202867960449,4.560549259795,
    13.003044766423));
#6049 = CARTESIAN_POINT('',(15.055501417353,4.604495575172,
    13.013486888268));
#6050 = CARTESIAN_POINT('',(14.907661930017,4.646298791127,
    13.029273942499));
#6051 = CARTESIAN_POINT('',(14.759929576127,4.685838519503,13.0504330146
    ));
#6052 = CARTESIAN_POINT('',(14.431413935539,4.768931178599,
    13.109557377989));
#6053 = CARTESIAN_POINT('',(14.250561354869,4.811352461387,
    13.150394889218));
#6054 = CARTESIAN_POINT('',(14.071606101555,4.850105065953,
    13.199271570812));
#6055 = CARTESIAN_POINT('',(13.895619134445,4.885138416195,
    13.255887567785));
#6056 = CARTESIAN_POINT('',(13.723516946793,4.916529635488,
    13.319769234555));
#6057 = CARTESIAN_POINT('',(13.309891088068,4.985581916253,
    13.493904177533));
#6058 = CARTESIAN_POINT('',(13.072893710904,5.019320468189,
    13.612369064273));
#6059 = CARTESIAN_POINT('',(12.847382234961,5.046390436111,
    13.743565019776));
#6060 = CARTESIAN_POINT('',(12.634797818945,5.067575976073,
    13.885592108203));
#6061 = CARTESIAN_POINT('',(12.435705858871,5.083772020731,
    14.036706560432));
#6062 = CARTESIAN_POINT('',(12.249761046146,5.096001786805,
    14.195294974607));
#6063 = CARTESIAN_POINT('',(15.493950432346,3.939556130912,13.));
#6064 = CARTESIAN_POINT('',(15.468242796895,3.949272288548,13.));
#6065 = CARTESIAN_POINT('',(15.442504085136,3.958909909166,
    13.000158593026));
#6066 = CARTESIAN_POINT('',(15.41673180323,3.968470741801,
    13.000476623335));
#6067 = CARTESIAN_POINT('',(15.39093415762,3.977949592516,
    13.000954529594));
#6068 = CARTESIAN_POINT('',(15.365098152951,3.987354951319,
    13.001593626674));
#6069 = CARTESIAN_POINT('',(15.200791641724,4.046587422212,
    13.006679983574));
#6070 = CARTESIAN_POINT('',(15.061297722482,4.09428223181,
    13.015605149767));
#6071 = CARTESIAN_POINT('',(14.921044305943,4.139621779726,
    13.029309548195));
#6072 = CARTESIAN_POINT('',(14.780471856829,4.182472828759,
    13.047897098454));
#6073 = CARTESIAN_POINT('',(14.640052484352,4.222725595396,
    13.071388830835));
#6074 = CARTESIAN_POINT('',(14.326851282506,4.306981651456,
    13.134901696992));
#6075 = CARTESIAN_POINT('',(14.154386207188,4.349556995634,
    13.177547772613));
#6076 = CARTESIAN_POINT('',(13.983788300034,4.387976828927,
    13.22755956173));
#6077 = CARTESIAN_POINT('',(13.815888724987,4.422265565131,
    13.284693248688));
#6078 = CARTESIAN_POINT('',(13.651411801621,4.452557106771,
    13.348579614775));
#6079 = CARTESIAN_POINT('',(13.255319806078,4.518074406805,
    13.521754629902));
#6080 = CARTESIAN_POINT('',(13.028392951068,4.548895699524,
    13.638371814291));
#6081 = CARTESIAN_POINT('',(12.811832786174,4.572435516623,
    13.766982702471));
#6082 = CARTESIAN_POINT('',(12.606699673324,4.58963118379,
    13.906106246542));
#6083 = CARTESIAN_POINT('',(12.413475990313,4.601480559026,
    14.05437323961));
#6084 = CARTESIAN_POINT('',(12.2320661308,4.609042032654,14.210526315789
    ));
#6085 = ADVANCED_FACE('',(#6086),#6113,.T.);
#6086 = FACE_BOUND('',#6087,.F.);
#6087 = EDGE_LOOP('',(#6088,#6089,#6090,#6097,#6106));
#6088 = ORIENTED_EDGE('',*,*,#5964,.T.);
#6089 = ORIENTED_EDGE('',*,*,#2368,.F.);
#6090 = ORIENTED_EDGE('',*,*,#6091,.T.);
#6091 = EDGE_CURVE('',#2361,#3278,#6092,.T.);
#6092 = CIRCLE('',#6093,0.5);
#6093 = AXIS2_PLACEMENT_3D('',#6094,#6095,#6096);
#6094 = CARTESIAN_POINT('',(15.493950432346,3.939556130912,-12.5));
#6095 = DIRECTION('',(-0.945733287738,0.324943915874,0.));
#6096 = DIRECTION('',(0.324943915874,0.945733287738,0.));
#6097 = ORIENTED_EDGE('',*,*,#6098,.F.);
#6098 = EDGE_CURVE('',#6099,#3278,#6101,.T.);
#6099 = VERTEX_POINT('',#6100);
#6100 = CARTESIAN_POINT('',(21.016769436181,0.141922605723,-13.));
#6101 = CIRCLE('',#6102,12.5);
#6102 = AXIS2_PLACEMENT_3D('',#6103,#6104,#6105);
#6103 = CARTESIAN_POINT('',(11.432151483916,-7.882109965816,-13.));
#6104 = DIRECTION('',(0.,-0.,1.));
#6105 = DIRECTION('',(0.766769436181,0.641922605723,0.));
#6106 = ORIENTED_EDGE('',*,*,#6107,.F.);
#6107 = EDGE_CURVE('',#5769,#6099,#6108,.T.);
#6108 = CIRCLE('',#6109,0.5);
#6109 = AXIS2_PLACEMENT_3D('',#6110,#6111,#6112);
#6110 = CARTESIAN_POINT('',(21.016769436181,0.141922605723,-12.5));
#6111 = DIRECTION('',(-0.641922605723,0.766769436181,0.));
#6112 = DIRECTION('',(0.766769436181,0.641922605723,0.));
#6113 = TOROIDAL_SURFACE('',#6114,12.5,0.5);
#6114 = AXIS2_PLACEMENT_3D('',#6115,#6116,#6117);
#6115 = CARTESIAN_POINT('',(11.432151483916,-7.882109965816,-12.5));
#6116 = DIRECTION('',(0.,0.,-1.));
#6117 = DIRECTION('',(0.766769436181,0.641922605723,0.));
#6118 = ADVANCED_FACE('',(#6119),#6132,.T.);
#6119 = FACE_BOUND('',#6120,.T.);
#6120 = EDGE_LOOP('',(#6121,#6122,#6123,#6124,#6131));
#6121 = ORIENTED_EDGE('',*,*,#2393,.T.);
#6122 = ORIENTED_EDGE('',*,*,#5649,.T.);
#6123 = ORIENTED_EDGE('',*,*,#5626,.T.);
#6124 = ORIENTED_EDGE('',*,*,#6125,.T.);
#6125 = EDGE_CURVE('',#5618,#5993,#6126,.T.);
#6126 = CIRCLE('',#6127,1.);
#6127 = AXIS2_PLACEMENT_3D('',#6128,#6129,#6130);
#6128 = CARTESIAN_POINT('',(20.25,-0.5,13.));
#6129 = DIRECTION('',(0.,0.,1.));
#6130 = DIRECTION('',(-0.523782800879,-0.851851851852,0.));
#6131 = ORIENTED_EDGE('',*,*,#5992,.T.);
#6132 = PLANE('',#6133);
#6133 = AXIS2_PLACEMENT_3D('',#6134,#6135,#6136);
#6134 = CARTESIAN_POINT('',(17.971391554691,1.055072210004,13.));
#6135 = DIRECTION('',(-2.3E-16,0.,1.));
#6136 = DIRECTION('',(1.,0.,2.3E-16));
#6137 = ADVANCED_FACE('',(#6138),#6144,.T.);
#6138 = FACE_BOUND('',#6139,.T.);
#6139 = EDGE_LOOP('',(#6140,#6141,#6142,#6143));
#6140 = ORIENTED_EDGE('',*,*,#3239,.F.);
#6141 = ORIENTED_EDGE('',*,*,#5737,.T.);
#6142 = ORIENTED_EDGE('',*,*,#5664,.T.);
#6143 = ORIENTED_EDGE('',*,*,#2429,.F.);
#6144 = TOROIDAL_SURFACE('',#6145,5.5,0.5);
#6145 = AXIS2_PLACEMENT_3D('',#6146,#6147,#6148);
#6146 = CARTESIAN_POINT('',(15.493950432346,0.5,18.));
#6147 = DIRECTION('',(0.,-1.,0.));
#6148 = DIRECTION('',(-0.652376860309,-0.,-0.757894736842));
#6149 = ADVANCED_FACE('',(#6150),#6155,.T.);
#6150 = FACE_BOUND('',#6151,.T.);
#6151 = EDGE_LOOP('',(#6152,#6153,#6154));
#6152 = ORIENTED_EDGE('',*,*,#6091,.T.);
#6153 = ORIENTED_EDGE('',*,*,#3285,.T.);
#6154 = ORIENTED_EDGE('',*,*,#2456,.T.);
#6155 = ( BOUNDED_SURFACE() B_SPLINE_SURFACE(2,6,(
    (#6156,#6157,#6158,#6159,#6160,#6161,#6162,#6163,#6164,#6165,#6166
      ,#6167,#6168,#6169,#6170,#6171,#6172,#6173,#6174,#6175,#6176,#6177
      )
    ,(#6178,#6179,#6180,#6181,#6182,#6183,#6184,#6185,#6186,#6187,#6188
      ,#6189,#6190,#6191,#6192,#6193,#6194,#6195,#6196,#6197,#6198,#6199
      )
    ,(#6200,#6201,#6202,#6203,#6204,#6205,#6206,#6207,#6208,#6209,#6210
      ,#6211,#6212,#6213,#6214,#6215,#6216,#6217,#6218,#6219,#6220,#6221
)),.UNSPECIFIED.,.F.,.F.,.F.) B_SPLINE_SURFACE_WITH_KNOTS((3,3),(7,5,5,5
    ,7),(0.,3.766062578064),(68.722127777569,68.887667247038,
    69.774070123576,70.873422698723,72.488190355633),.UNSPECIFIED.) 
GEOMETRIC_REPRESENTATION_ITEM() RATIONAL_B_SPLINE_SURFACE((
    (1.,1.,1.,1.,1.,1.,1.,1.,1.,1.,1.,1.,1.,1.,1.,1.,1.,1.,1.,1.,1.,1.)
    ,(0.707106781187,0.707697465645,0.708279075444,0.708852519256
      ,0.709415576209,0.709971994561,0.713440720745,0.71608979934
      ,0.718440544932,0.720504460602,0.722264671518,0.725545212826
      ,0.726904319305,0.727812981852,0.728288337321,0.728358038792
      ,0.727622861128,0.726386470784,0.7244785353,0.722025604012
      ,0.71915332483,0.715986444239)
    ,(1.,1.,1.,1.,1.,1.,1.,1.,1.,1.,1.,1.,1.,1.,1.,1.,1.,1.,1.,1.,1.,1.
))) REPRESENTATION_ITEM('') SURFACE() );
#6156 = CARTESIAN_POINT('',(15.65642239028,4.412422774783,-12.5));
#6157 = CARTESIAN_POINT('',(15.62940414853,4.421705955768,-12.5));
#6158 = CARTESIAN_POINT('',(15.602240926517,4.430956102917,
    -12.50016159717));
#6159 = CARTESIAN_POINT('',(15.575722035801,4.439922195883,
    -12.50047780605));
#6160 = CARTESIAN_POINT('',(15.547382303875,4.449392019667,
    -12.50096875051));
#6161 = CARTESIAN_POINT('',(15.522375858844,4.457704016085,
    -12.5016068528));
#6162 = CARTESIAN_POINT('',(15.336849865642,4.51871309646,-12.5067616533
    ));
#6163 = CARTESIAN_POINT('',(15.175111472962,4.569252422787,
    -12.51611249124));
#6164 = CARTESIAN_POINT('',(15.015874448102,4.616140499945,
    -12.53089328485));
#6165 = CARTESIAN_POINT('',(14.854430658836,4.661123851559,
    -12.55088997639));
#6166 = CARTESIAN_POINT('',(14.693816059493,4.703147671996,
    -12.57635435738));
#6167 = CARTESIAN_POINT('',(14.335242721233,4.791241891786,
    -12.64535725803));
#6168 = CARTESIAN_POINT('',(14.137757228599,4.83577972625,
    -12.69179973988));
#6169 = CARTESIAN_POINT('',(13.942372189932,4.875992847414,
    -12.74635829774));
#6170 = CARTESIAN_POINT('',(13.750038875262,4.911903619199,
    -12.80876982558));
#6171 = CARTESIAN_POINT('',(13.56158700435,4.943648655497,
    -12.87863317857));
#6172 = CARTESIAN_POINT('',(13.107661407875,5.012356743059,-13.068180449
    ));
#6173 = CARTESIAN_POINT('',(12.847520425715,5.044725219393,
    -13.19595641244));
#6174 = CARTESIAN_POINT('',(12.599187240797,5.069489741138,
    -13.33699553059));
#6175 = CARTESIAN_POINT('',(12.363886324679,5.087621553767,
    -13.48967611988));
#6176 = CARTESIAN_POINT('',(12.142181179893,5.10015765626,
    -13.65249634588));
#6177 = CARTESIAN_POINT('',(11.933974339949,5.108200801104,
    -13.82407422332));
#6178 = CARTESIAN_POINT('',(15.656422390283,4.412422774782,-13.));
#6179 = CARTESIAN_POINT('',(15.629426699468,4.421698207506,
    -12.99916534326));
#6180 = CARTESIAN_POINT('',(15.602395506258,4.430906335367,
    -12.99850393864));
#6181 = CARTESIAN_POINT('',(15.575338185083,4.440043693952,
    -12.99801602128));
#6182 = CARTESIAN_POINT('',(15.548229166224,4.449119260285,
    -12.99770379628));
#6183 = CARTESIAN_POINT('',(15.521120576257,4.458114799038,
    -12.99756549739));
#6184 = CARTESIAN_POINT('',(15.349148264351,4.514679548905,
    -12.99781501062));
#6185 = CARTESIAN_POINT('',(15.202867960449,4.560549259795,
    -13.00304476642));
#6186 = CARTESIAN_POINT('',(15.055501417353,4.604495575172,
    -13.01348688826));
#6187 = CARTESIAN_POINT('',(14.907661930017,4.646298791127,
    -13.02927394249));
#6188 = CARTESIAN_POINT('',(14.759929576128,4.685838519502,
    -13.0504330146));
#6189 = CARTESIAN_POINT('',(14.431413935537,4.7689311786,-13.10955737798
    ));
#6190 = CARTESIAN_POINT('',(14.250561354833,4.811352461395,
    -13.15039488922));
#6191 = CARTESIAN_POINT('',(14.071606101498,4.850105065965,
    -13.19927157082));
#6192 = CARTESIAN_POINT('',(13.8956191344,4.885138416204,-13.25588756779
    ));
#6193 = CARTESIAN_POINT('',(13.72351694678,4.91652963549,-13.31976923456
    ));
#6194 = CARTESIAN_POINT('',(13.309891088078,4.985581916251,
    -13.49390417752));
#6195 = CARTESIAN_POINT('',(13.072893710917,5.019320468188,
    -13.61236906426));
#6196 = CARTESIAN_POINT('',(12.847382234971,5.046390436111,
    -13.74356501976));
#6197 = CARTESIAN_POINT('',(12.63479781895,5.067575976073,
    -13.88559210819));
#6198 = CARTESIAN_POINT('',(12.435705858871,5.083772020731,
    -14.03670656043));
#6199 = CARTESIAN_POINT('',(12.249761046146,5.096001786805,
    -14.1952949746));
#6200 = CARTESIAN_POINT('',(15.493950432346,3.939556130912,-13.));
#6201 = CARTESIAN_POINT('',(15.468242796906,3.949272288543,-13.));
#6202 = CARTESIAN_POINT('',(15.442504085119,3.958909909172,
    -13.00015859302));
#6203 = CARTESIAN_POINT('',(15.416731803245,3.968470741796,
    -13.00047662333));
#6204 = CARTESIAN_POINT('',(15.390934157616,3.977949592517,
    -13.00095452959));
#6205 = CARTESIAN_POINT('',(15.36509815295,3.987354951319,
    -13.00159362667));
#6206 = CARTESIAN_POINT('',(15.200791641726,4.046587422211,
    -13.00667998357));
#6207 = CARTESIAN_POINT('',(15.061297722479,4.094282231811,
    -13.01560514976));
#6208 = CARTESIAN_POINT('',(14.921044305944,4.139621779725,
    -13.02930954819));
#6209 = CARTESIAN_POINT('',(14.780471856829,4.182472828759,
    -13.04789709845));
#6210 = CARTESIAN_POINT('',(14.640052484352,4.222725595396,
    -13.07138883083));
#6211 = CARTESIAN_POINT('',(14.326851282508,4.306981651455,
    -13.13490169699));
#6212 = CARTESIAN_POINT('',(14.154386207158,4.34955699564,
    -13.17754777262));
#6213 = CARTESIAN_POINT('',(13.983788299984,4.387976828937,
    -13.22755956174));
#6214 = CARTESIAN_POINT('',(13.815888724943,4.42226556514,-13.2846932487
    ));
#6215 = CARTESIAN_POINT('',(13.651411801602,4.452557106775,
    -13.34857961478));
#6216 = CARTESIAN_POINT('',(13.255319806089,4.518074406803,
    -13.52175462989));
#6217 = CARTESIAN_POINT('',(13.028392951083,4.548895699522,
    -13.63837181428));
#6218 = CARTESIAN_POINT('',(12.811832786185,4.572435516622,
    -13.76698270246));
#6219 = CARTESIAN_POINT('',(12.606699673328,4.589631183789,
    -13.90610624653));
#6220 = CARTESIAN_POINT('',(12.413475990313,4.601480559026,
    -14.05437323961));
#6221 = CARTESIAN_POINT('',(12.2320661308,4.609042032654,-14.21052631578
    ));
#6222 = ADVANCED_FACE('',(#6223),#6234,.T.);
#6223 = FACE_BOUND('',#6224,.T.);
#6224 = EDGE_LOOP('',(#6225,#6231,#6232,#6233));
#6225 = ORIENTED_EDGE('',*,*,#6226,.F.);
#6226 = EDGE_CURVE('',#5454,#3320,#6227,.T.);
#6227 = ( BOUNDED_CURVE() B_SPLINE_CURVE(2,(#6228,#6229,#6230),
.UNSPECIFIED.,.F.,.F.) B_SPLINE_CURVE_WITH_KNOTS((3,3),(0.,
2.092387047307),.PIECEWISE_BEZIER_KNOTS.) CURVE() 
GEOMETRIC_REPRESENTATION_ITEM() RATIONAL_B_SPLINE_CURVE((1.,
0.707106781188,1.)) REPRESENTATION_ITEM('') );
#6228 = CARTESIAN_POINT('',(-13.17893218813,0.,13.010942921859));
#6229 = CARTESIAN_POINT('',(-13.38938839215,1.84955E-12,13.464493565325)
  );
#6230 = CARTESIAN_POINT('',(-13.38938839215,0.5,13.464493565325));
#6231 = ORIENTED_EDGE('',*,*,#5745,.T.);
#6232 = ORIENTED_EDGE('',*,*,#3221,.T.);
#6233 = ORIENTED_EDGE('',*,*,#3319,.F.);
#6234 = TOROIDAL_SURFACE('',#6235,5.5,0.5);
#6235 = AXIS2_PLACEMENT_3D('',#6236,#6237,#6238);
#6236 = CARTESIAN_POINT('',(-15.49395043234,0.5,18.));
#6237 = DIRECTION('',(0.,-1.,0.));
#6238 = DIRECTION('',(0.463003648842,0.,-0.886356373677));
#6239 = ADVANCED_FACE('',(#6240),#6246,.T.);
#6240 = FACE_BOUND('',#6241,.F.);
#6241 = EDGE_LOOP('',(#6242,#6243,#6244,#6245));
#6242 = ORIENTED_EDGE('',*,*,#3399,.F.);
#6243 = ORIENTED_EDGE('',*,*,#5893,.T.);
#6244 = ORIENTED_EDGE('',*,*,#5910,.T.);
#6245 = ORIENTED_EDGE('',*,*,#3256,.F.);
#6246 = TOROIDAL_SURFACE('',#6247,5.5,0.5);
#6247 = AXIS2_PLACEMENT_3D('',#6248,#6249,#6250);
#6248 = CARTESIAN_POINT('',(15.493950432346,0.5,-18.));
#6249 = DIRECTION('',(0.,-1.,0.));
#6250 = DIRECTION('',(-0.652376860309,0.,0.757894736842));
#6251 = ADVANCED_FACE('',(#6252),#6265,.T.);
#6252 = FACE_BOUND('',#6253,.T.);
#6253 = EDGE_LOOP('',(#6254,#6255,#6256,#6263,#6264));
#6254 = ORIENTED_EDGE('',*,*,#3277,.T.);
#6255 = ORIENTED_EDGE('',*,*,#6098,.F.);
#6256 = ORIENTED_EDGE('',*,*,#6257,.F.);
#6257 = EDGE_CURVE('',#5838,#6099,#6258,.T.);
#6258 = CIRCLE('',#6259,1.);
#6259 = AXIS2_PLACEMENT_3D('',#6260,#6261,#6262);
#6260 = CARTESIAN_POINT('',(20.25,-0.5,-13.));
#6261 = DIRECTION('',(0.,0.,1.));
#6262 = DIRECTION('',(-0.523782800879,-0.851851851852,0.));
#6263 = ORIENTED_EDGE('',*,*,#5846,.F.);
#6264 = ORIENTED_EDGE('',*,*,#5869,.F.);
#6265 = PLANE('',#6266);
#6266 = AXIS2_PLACEMENT_3D('',#6267,#6268,#6269);
#6267 = CARTESIAN_POINT('',(17.971391554691,1.055072210004,-13.));
#6268 = DIRECTION('',(2.3E-16,0.,-1.));
#6269 = DIRECTION('',(-1.,0.,-2.3E-16));
#6270 = ADVANCED_FACE('',(#6271),#6281,.F.);
#6271 = FACE_BOUND('',#6272,.F.);
#6272 = EDGE_LOOP('',(#6273,#6279,#6280));
#6273 = ORIENTED_EDGE('',*,*,#6274,.F.);
#6274 = EDGE_CURVE('',#3416,#3341,#6275,.T.);
#6275 = ( BOUNDED_CURVE() B_SPLINE_CURVE(2,(#6276,#6277,#6278),
.UNSPECIFIED.,.F.,.F.) B_SPLINE_CURVE_WITH_KNOTS((3,3),(0.,
3.766062578112),.PIECEWISE_BEZIER_KNOTS.) CURVE() 
GEOMETRIC_REPRESENTATION_ITEM() RATIONAL_B_SPLINE_CURVE((1.,
0.707106781187,1.)) REPRESENTATION_ITEM('') );
#6276 = CARTESIAN_POINT('',(-15.65642239028,4.412422774781,12.5));
#6277 = CARTESIAN_POINT('',(-15.65642239028,4.412422774782,13.));
#6278 = CARTESIAN_POINT('',(-15.49395043234,3.939556130912,13.));
#6279 = ORIENTED_EDGE('',*,*,#3415,.F.);
#6280 = ORIENTED_EDGE('',*,*,#3348,.T.);
#6281 = ( BOUNDED_SURFACE() B_SPLINE_SURFACE(2,6,(
    (#6282,#6283,#6284,#6285,#6286,#6287,#6288,#6289,#6290,#6291,#6292
      ,#6293,#6294,#6295,#6296,#6297,#6298,#6299,#6300,#6301,#6302,#6303
      )
    ,(#6304,#6305,#6306,#6307,#6308,#6309,#6310,#6311,#6312,#6313,#6314
      ,#6315,#6316,#6317,#6318,#6319,#6320,#6321,#6322,#6323,#6324,#6325
      )
    ,(#6326,#6327,#6328,#6329,#6330,#6331,#6332,#6333,#6334,#6335,#6336
      ,#6337,#6338,#6339,#6340,#6341,#6342,#6343,#6344,#6345,#6346,#6347
)),.UNSPECIFIED.,.F.,.F.,.F.) B_SPLINE_SURFACE_WITH_KNOTS((3,3),(7,5,5,5
    ,7),(0.,3.766062578112),(2.541709070193E-02,1.640184747652,
    2.739537322804,3.625940199346,3.791479668814),.UNSPECIFIED.) 
GEOMETRIC_REPRESENTATION_ITEM() RATIONAL_B_SPLINE_SURFACE((
    (1.,1.,1.,1.,1.,1.,1.,1.,1.,1.,1.,1.,1.,1.,1.,1.,1.,1.,1.,1.,1.,1.)
    ,(0.715986444236,0.719153324747,0.722025582371,0.72447851358
      ,0.726386477396,0.727622895393,0.728358008946,0.728288319784
      ,0.727812996455,0.726904366496,0.725545272726,0.72226468006
      ,0.720504497766,0.718440525786,0.71608978904,0.713440720745
      ,0.709971994561,0.709415576209,0.708852519256,0.708279075444
      ,0.707697465645,0.707106781187)
    ,(1.,1.,1.,1.,1.,1.,1.,1.,1.,1.,1.,1.,1.,1.,1.,1.,1.,1.,1.,1.,1.,1.
))) REPRESENTATION_ITEM('') SURFACE() );
#6282 = CARTESIAN_POINT('',(-11.93397433987,5.108200801107,
    13.824074223383));
#6283 = CARTESIAN_POINT('',(-12.14218117767,5.100157656347,
    13.652496347616));
#6284 = CARTESIAN_POINT('',(-12.36388249148,5.087622116726,
    13.489677754051));
#6285 = CARTESIAN_POINT('',(-12.59918366076,5.069490262768,
    13.336997069166));
#6286 = CARTESIAN_POINT('',(-12.84752243081,5.044724913225,
    13.195955591743));
#6287 = CARTESIAN_POINT('',(-13.10766891274,5.012355625073,
    13.068177292874));
#6288 = CARTESIAN_POINT('',(-13.56158330138,4.94364920375,
    12.878634727141));
#6289 = CARTESIAN_POINT('',(-13.75003399287,4.911904442512,
    12.808771614491));
#6290 = CARTESIAN_POINT('',(-13.9423676891,4.875993725337,
    12.746359666472));
#6291 = CARTESIAN_POINT('',(-14.13775360757,4.835780532176,
    12.691800633507));
#6292 = CARTESIAN_POINT('',(-14.33524015204,4.791242507395,
    12.645357827976));
#6293 = CARTESIAN_POINT('',(-14.69381644222,4.703147590536,
    12.576354267853));
#6294 = CARTESIAN_POINT('',(-14.85443183101,4.661123462601,
    12.550890025853));
#6295 = CARTESIAN_POINT('',(-15.0158677555,4.616142419988,
    12.530893880257));
#6296 = CARTESIAN_POINT('',(-15.17511277495,4.569252090216,
    12.516112274815));
#6297 = CARTESIAN_POINT('',(-15.33684986564,4.518713096459,
    12.506761653308));
#6298 = CARTESIAN_POINT('',(-15.52237585884,4.457704016086,
    12.501606852808));
#6299 = CARTESIAN_POINT('',(-15.5473823039,4.449392019656,
    12.500968750516));
#6300 = CARTESIAN_POINT('',(-15.57572203573,4.439922195905,
    12.50047780605));
#6301 = CARTESIAN_POINT('',(-15.60224092658,4.430956102894,
    12.50016159718));
#6302 = CARTESIAN_POINT('',(-15.62940414849,4.421705955781,12.5));
#6303 = CARTESIAN_POINT('',(-15.65642239028,4.412422774781,12.5));
#6304 = CARTESIAN_POINT('',(-12.24976104612,5.096001786808,
    14.195294974628));
#6305 = CARTESIAN_POINT('',(-12.4357058588,5.083772020787,
    14.036706560495));
#6306 = CARTESIAN_POINT('',(-12.63479476634,5.067576481378,
    13.885593437719));
#6307 = CARTESIAN_POINT('',(-12.84737943353,5.046390900351,
    13.743566242488));
#6308 = CARTESIAN_POINT('',(-13.07289540749,5.01932018758,
    13.612368337993));
#6309 = CARTESIAN_POINT('',(-13.30989721037,4.985580902508,
    13.493901534346));
#6310 = CARTESIAN_POINT('',(-13.72351445561,4.916530051581,
    13.319770328803));
#6311 = CARTESIAN_POINT('',(-13.89561512462,4.88513915769,
    13.255889053465));
#6312 = CARTESIAN_POINT('',(-14.071601666,4.85010598022,13.199272900505)
  );
#6313 = CARTESIAN_POINT('',(-14.25055714542,4.811353418849,
    13.150395882681));
#6314 = CARTESIAN_POINT('',(-14.43141058985,4.76893199506,
    13.109558021796));
#6315 = CARTESIAN_POINT('',(-14.75992971344,4.685838501403,
    13.050432941705));
#6316 = CARTESIAN_POINT('',(-14.9076612718,4.646298916681,
    13.029274124255));
#6317 = CARTESIAN_POINT('',(-15.05549836005,4.604496513848,
    13.013487108608));
#6318 = CARTESIAN_POINT('',(-15.20286902852,4.56054894679,
    13.003044669624));
#6319 = CARTESIAN_POINT('',(-15.34914826434,4.514679548906,
    12.997815010627));
#6320 = CARTESIAN_POINT('',(-15.52112057625,4.458114799038,
    12.997565497397));
#6321 = CARTESIAN_POINT('',(-15.54822916622,4.449119260285,
    12.997703796286));
#6322 = CARTESIAN_POINT('',(-15.57533818508,4.440043693952,
    12.998016021289));
#6323 = CARTESIAN_POINT('',(-15.60239550625,4.430906335367,
    12.998503938644));
#6324 = CARTESIAN_POINT('',(-15.62942669946,4.421698207506,
    12.999165343261));
#6325 = CARTESIAN_POINT('',(-15.65642239028,4.412422774782,13.));
#6326 = CARTESIAN_POINT('',(-12.2320661308,4.609042032652,
    14.210526315789));
#6327 = CARTESIAN_POINT('',(-12.41347599121,4.601480558905,
    14.054373238834));
#6328 = CARTESIAN_POINT('',(-12.60669695794,4.589631609013,
    13.906107462034));
#6329 = CARTESIAN_POINT('',(-12.81183030407,4.572435904089,
    13.766983812591));
#6330 = CARTESIAN_POINT('',(-13.02839454455,4.548895445886,
    13.638371098548));
#6331 = CARTESIAN_POINT('',(-13.25532543617,4.518073516795,
    13.521752108793));
#6332 = CARTESIAN_POINT('',(-13.65140960308,4.45255743494,13.34858061656
    ));
#6333 = CARTESIAN_POINT('',(-13.81588525924,4.422266176904,
    13.284694610989));
#6334 = CARTESIAN_POINT('',(-13.98378432126,4.387977671812,
    13.227560830575));
#6335 = CARTESIAN_POINT('',(-14.15438203968,4.34955801957,
    13.177548836763));
#6336 = CARTESIAN_POINT('',(-14.32684754041,4.306982653913,
    13.134902518207));
#6337 = CARTESIAN_POINT('',(-14.6400524436,4.222725638037,
    13.071388788811));
#6338 = CARTESIAN_POINT('',(-14.78047061451,4.182473181334,
    13.047897371833));
#6339 = CARTESIAN_POINT('',(-14.92104267556,4.139622286097,
    13.029309631708));
#6340 = CARTESIAN_POINT('',(-15.06129868198,4.094281921383,
    13.015605067351));
#6341 = CARTESIAN_POINT('',(-15.20079164172,4.046587422214,
    13.006679983574));
#6342 = CARTESIAN_POINT('',(-15.36509815295,3.987354951317,
    13.001593626674));
#6343 = CARTESIAN_POINT('',(-15.3909341576,3.977949592523,
    13.000954529594));
#6344 = CARTESIAN_POINT('',(-15.41673180325,3.968470741792,
    13.000476623335));
#6345 = CARTESIAN_POINT('',(-15.44250408511,3.958909909173,
    13.000158593026));
#6346 = CARTESIAN_POINT('',(-15.4682427969,3.949272288545,13.));
#6347 = CARTESIAN_POINT('',(-15.49395043234,3.939556130912,13.));
#6348 = ADVANCED_FACE('',(#6349),#6377,.T.);
#6349 = FACE_BOUND('',#6350,.T.);
#6350 = EDGE_LOOP('',(#6351,#6352,#6361,#6370));
#6351 = ORIENTED_EDGE('',*,*,#3340,.F.);
#6352 = ORIENTED_EDGE('',*,*,#6353,.T.);
#6353 = EDGE_CURVE('',#3341,#6354,#6356,.T.);
#6354 = VERTEX_POINT('',#6355);
#6355 = CARTESIAN_POINT('',(-21.01676943618,0.141922605723,13.));
#6356 = CIRCLE('',#6357,12.5);
#6357 = AXIS2_PLACEMENT_3D('',#6358,#6359,#6360);
#6358 = CARTESIAN_POINT('',(-11.43215148391,-7.882109965816,13.));
#6359 = DIRECTION('',(0.,0.,1.));
#6360 = DIRECTION('',(-0.312446072956,0.949935498597,0.));
#6361 = ORIENTED_EDGE('',*,*,#6362,.T.);
#6362 = EDGE_CURVE('',#6354,#6363,#6365,.T.);
#6363 = VERTEX_POINT('',#6364);
#6364 = CARTESIAN_POINT('',(-19.72621719912,-1.351851851852,13.));
#6365 = CIRCLE('',#6366,1.);
#6366 = AXIS2_PLACEMENT_3D('',#6367,#6368,#6369);
#6367 = CARTESIAN_POINT('',(-20.25,-0.5,13.));
#6368 = DIRECTION('',(0.,0.,1.));
#6369 = DIRECTION('',(-0.766769436181,0.641922605723,0.));
#6370 = ORIENTED_EDGE('',*,*,#6371,.T.);
#6371 = EDGE_CURVE('',#6363,#3329,#6372,.T.);
#6372 = CIRCLE('',#6373,12.499999998917);
#6373 = AXIS2_PLACEMENT_3D('',#6374,#6375,#6376);
#6374 = CARTESIAN_POINT('',(-13.17893218824,-11.99999999891,13.));
#6375 = DIRECTION('',(0.,0.,-1.));
#6376 = DIRECTION('',(-0.523782800913,0.851851851831,0.));
#6377 = PLANE('',#6378);
#6378 = AXIS2_PLACEMENT_3D('',#6379,#6380,#6381);
#6379 = CARTESIAN_POINT('',(-17.97049227624,1.052635675848,13.));
#6380 = DIRECTION('',(0.,0.,1.));
#6381 = DIRECTION('',(1.,0.,0.));
#6382 = ADVANCED_FACE('',(#6383),#6395,.F.);
#6383 = FACE_BOUND('',#6384,.F.);
#6384 = EDGE_LOOP('',(#6385,#6392,#6393,#6394));
#6385 = ORIENTED_EDGE('',*,*,#6386,.T.);
#6386 = EDGE_CURVE('',#5462,#3329,#6387,.T.);
#6387 = CIRCLE('',#6388,0.5);
#6388 = AXIS2_PLACEMENT_3D('',#6389,#6390,#6391);
#6389 = CARTESIAN_POINT('',(-15.49395043234,0.283757182922,12.5));
#6390 = DIRECTION('',(-0.982700574632,-0.185201459545,-0.));
#6391 = DIRECTION('',(-0.185201459545,0.982700574632,0.));
#6392 = ORIENTED_EDGE('',*,*,#3328,.T.);
#6393 = ORIENTED_EDGE('',*,*,#6226,.F.);
#6394 = ORIENTED_EDGE('',*,*,#5461,.F.);
#6395 = ( BOUNDED_SURFACE() B_SPLINE_SURFACE(2,6,(
    (#6396,#6397,#6398,#6399,#6400,#6401,#6402)
    ,(#6403,#6404,#6405,#6406,#6407,#6408,#6409)
    ,(#6410,#6411,#6412,#6413,#6414,#6415,#6416
)),.UNSPECIFIED.,.F.,.F.,.F.) B_SPLINE_SURFACE_WITH_KNOTS((3,3),(7,7),(
    0.,2.092387047307),(19.457148181743,21.54953522905),
.PIECEWISE_BEZIER_KNOTS.) GEOMETRIC_REPRESENTATION_ITEM() 
RATIONAL_B_SPLINE_SURFACE((
    (1.,1.,1.,1.,1.,1.,1.)
    ,(0.707106781187,0.702397139597,0.699627230364,0.698917112527
      ,0.700218795573,0.70304467415,0.707106781188)
,(1.,1.,1.,1.,1.,1.,1.))) REPRESENTATION_ITEM('') SURFACE() );
#6396 = CARTESIAN_POINT('',(-15.40134970262,-0.207593104404,12.5));
#6397 = CARTESIAN_POINT('',(-15.01224301441,-0.134261381154,
    12.499999999995));
#6398 = CARTESIAN_POINT('',(-14.61955972375,-7.624318977868E-02,
    12.536102741762));
#6399 = CARTESIAN_POINT('',(-14.23285898544,-3.521302964266E-02,
    12.608653055447));
#6400 = CARTESIAN_POINT('',(-13.85785457636,-1.070305503798E-02,
    12.716896230248));
#6401 = CARTESIAN_POINT('',(-13.5064884257,2.87875E-12,12.852617524623)
  );
#6402 = CARTESIAN_POINT('',(-13.17893218813,0.,13.010942921859));
#6403 = CARTESIAN_POINT('',(-15.40134970258,-0.207593104395,13.));
#6404 = CARTESIAN_POINT('',(-15.04986858237,-0.141352361136,
    13.006705097904));
#6405 = CARTESIAN_POINT('',(-14.69833454711,-8.79494606046E-02,
    13.043116639847));
#6406 = CARTESIAN_POINT('',(-14.35313430498,-4.807480138963E-02,
    13.108732958888));
#6407 = CARTESIAN_POINT('',(-14.01509822743,-2.109743824003E-02,
    13.203705900994));
#6408 = CARTESIAN_POINT('',(-13.69369065893,-5.777878964864E-03,
    13.323291472761));
#6409 = CARTESIAN_POINT('',(-13.38938839215,1.84955E-12,13.464493565325)
  );
#6410 = CARTESIAN_POINT('',(-15.49395043234,0.283757182922,13.));
#6411 = CARTESIAN_POINT('',(-15.13431833088,0.358311763422,13.));
#6412 = CARTESIAN_POINT('',(-14.76794701346,0.418237707436,
    13.031124734312));
#6413 = CARTESIAN_POINT('',(-14.40339804686,0.461554761472,
    13.094986925954));
#6414 = CARTESIAN_POINT('',(-14.04616238954,0.488061713329,
    13.192276472332));
#6415 = CARTESIAN_POINT('',(-13.70791714103,0.500000000003,
    13.316690112002));
#6416 = CARTESIAN_POINT('',(-13.38938839215,0.5,13.464493565325));
#6417 = ADVANCED_FACE('',(#6418),#6429,.T.);
#6418 = FACE_BOUND('',#6419,.F.);
#6419 = EDGE_LOOP('',(#6420,#6426,#6427,#6428));
#6420 = ORIENTED_EDGE('',*,*,#6421,.F.);
#6421 = EDGE_CURVE('',#5399,#4189,#6422,.T.);
#6422 = ( BOUNDED_CURVE() B_SPLINE_CURVE(2,(#6423,#6424,#6425),
.UNSPECIFIED.,.F.,.F.) B_SPLINE_CURVE_WITH_KNOTS((3,3),(0.,
2.092387047307),.PIECEWISE_BEZIER_KNOTS.) CURVE() 
GEOMETRIC_REPRESENTATION_ITEM() RATIONAL_B_SPLINE_CURVE((1.,
0.707106781188,1.)) REPRESENTATION_ITEM('') );
#6423 = CARTESIAN_POINT('',(-13.17893218813,0.,-13.01094292185));
#6424 = CARTESIAN_POINT('',(-13.38938839215,1.84955E-12,-13.46449356532)
  );
#6425 = CARTESIAN_POINT('',(-13.38938839215,0.5,-13.46449356532));
#6426 = ORIENTED_EDGE('',*,*,#5885,.T.);
#6427 = ORIENTED_EDGE('',*,*,#3381,.T.);
#6428 = ORIENTED_EDGE('',*,*,#4188,.F.);
#6429 = TOROIDAL_SURFACE('',#6430,5.5,0.5);
#6430 = AXIS2_PLACEMENT_3D('',#6431,#6432,#6433);
#6431 = CARTESIAN_POINT('',(-15.49395043234,0.5,-18.));
#6432 = DIRECTION('',(0.,-1.,0.));
#6433 = DIRECTION('',(0.463003648842,0.,0.886356373677));
#6434 = ADVANCED_FACE('',(#6435),#6445,.T.);
#6435 = FACE_BOUND('',#6436,.T.);
#6436 = EDGE_LOOP('',(#6437,#6443,#6444));
#6437 = ORIENTED_EDGE('',*,*,#6438,.F.);
#6438 = EDGE_CURVE('',#4284,#4210,#6439,.T.);
#6439 = ( BOUNDED_CURVE() B_SPLINE_CURVE(2,(#6440,#6441,#6442),
.UNSPECIFIED.,.F.,.F.) B_SPLINE_CURVE_WITH_KNOTS((3,3),(0.,
3.766062578112),.PIECEWISE_BEZIER_KNOTS.) CURVE() 
GEOMETRIC_REPRESENTATION_ITEM() RATIONAL_B_SPLINE_CURVE((1.,
0.707106781187,1.)) REPRESENTATION_ITEM('') );
#6440 = CARTESIAN_POINT('',(-15.65642239029,4.412422774779,-12.5));
#6441 = CARTESIAN_POINT('',(-15.65642239028,4.412422774782,-13.));
#6442 = CARTESIAN_POINT('',(-15.49395043234,3.939556130912,-13.));
#6443 = ORIENTED_EDGE('',*,*,#4291,.T.);
#6444 = ORIENTED_EDGE('',*,*,#4217,.T.);
#6445 = ( BOUNDED_SURFACE() B_SPLINE_SURFACE(2,6,(
    (#6446,#6447,#6448,#6449,#6450,#6451,#6452,#6453,#6454,#6455,#6456
      ,#6457,#6458,#6459,#6460,#6461,#6462,#6463,#6464,#6465,#6466,#6467
      )
    ,(#6468,#6469,#6470,#6471,#6472,#6473,#6474,#6475,#6476,#6477,#6478
      ,#6479,#6480,#6481,#6482,#6483,#6484,#6485,#6486,#6487,#6488,#6489
      )
    ,(#6490,#6491,#6492,#6493,#6494,#6495,#6496,#6497,#6498,#6499,#6500
      ,#6501,#6502,#6503,#6504,#6505,#6506,#6507,#6508,#6509,#6510,#6511
)),.UNSPECIFIED.,.F.,.F.,.F.) B_SPLINE_SURFACE_WITH_KNOTS((3,3),(7,5,5,5
    ,7),(0.,3.766062578112),(2.541709070193E-02,1.640184747652,
    2.739537322804,3.625940199346,3.791479668814),.UNSPECIFIED.) 
GEOMETRIC_REPRESENTATION_ITEM() RATIONAL_B_SPLINE_SURFACE((
    (1.,1.,1.,1.,1.,1.,1.,1.,1.,1.,1.,1.,1.,1.,1.,1.,1.,1.,1.,1.,1.,1.)
    ,(0.715986444236,0.719153324747,0.722025582371,0.72447851358
      ,0.726386477396,0.727622895393,0.728358008946,0.728288319784
      ,0.727812996455,0.726904366496,0.725545272726,0.72226468006
      ,0.720504497766,0.718440525786,0.71608978904,0.713440720745
      ,0.709971994561,0.709415576209,0.708852519256,0.708279075444
      ,0.707697465645,0.707106781187)
    ,(1.,1.,1.,1.,1.,1.,1.,1.,1.,1.,1.,1.,1.,1.,1.,1.,1.,1.,1.,1.,1.,1.
))) REPRESENTATION_ITEM('') SURFACE() );
#6446 = CARTESIAN_POINT('',(-11.93397433987,5.108200801107,
    -13.82407422338));
#6447 = CARTESIAN_POINT('',(-12.14218117767,5.100157656347,
    -13.65249634761));
#6448 = CARTESIAN_POINT('',(-12.36388249148,5.087622116726,
    -13.48967775405));
#6449 = CARTESIAN_POINT('',(-12.59918366076,5.069490262768,
    -13.33699706916));
#6450 = CARTESIAN_POINT('',(-12.84752243081,5.044724913225,
    -13.19595559174));
#6451 = CARTESIAN_POINT('',(-13.10766891274,5.012355625073,
    -13.06817729287));
#6452 = CARTESIAN_POINT('',(-13.56158330138,4.94364920375,
    -12.87863472714));
#6453 = CARTESIAN_POINT('',(-13.75003399287,4.911904442512,
    -12.80877161449));
#6454 = CARTESIAN_POINT('',(-13.9423676891,4.875993725337,
    -12.74635966647));
#6455 = CARTESIAN_POINT('',(-14.13775360757,4.835780532176,
    -12.6918006335));
#6456 = CARTESIAN_POINT('',(-14.33524015204,4.791242507395,
    -12.64535782797));
#6457 = CARTESIAN_POINT('',(-14.69381644222,4.703147590536,
    -12.57635426785));
#6458 = CARTESIAN_POINT('',(-14.85443183101,4.661123462602,
    -12.55089002585));
#6459 = CARTESIAN_POINT('',(-15.01586775551,4.616142419985,
    -12.53089388025));
#6460 = CARTESIAN_POINT('',(-15.17511277493,4.569252090221,
    -12.51611227481));
#6461 = CARTESIAN_POINT('',(-15.33684986566,4.518713096453,
    -12.5067616533));
#6462 = CARTESIAN_POINT('',(-15.52237585882,4.457704016091,
    -12.5016068528));
#6463 = CARTESIAN_POINT('',(-15.54738230397,4.449392019632,
    -12.50096875051));
#6464 = CARTESIAN_POINT('',(-15.57572203563,4.43992219594,
    -12.50047780605));
#6465 = CARTESIAN_POINT('',(-15.60224092666,4.430956102867,
    -12.50016159718));
#6466 = CARTESIAN_POINT('',(-15.62940414846,4.421705955793,-12.5));
#6467 = CARTESIAN_POINT('',(-15.65642239029,4.412422774779,-12.5));
#6468 = CARTESIAN_POINT('',(-12.24976104612,5.096001786808,
    -14.19529497462));
#6469 = CARTESIAN_POINT('',(-12.4357058588,5.083772020787,
    -14.03670656049));
#6470 = CARTESIAN_POINT('',(-12.63479476634,5.067576481378,
    -13.88559343771));
#6471 = CARTESIAN_POINT('',(-12.84737943353,5.046390900351,
    -13.74356624248));
#6472 = CARTESIAN_POINT('',(-13.07289540749,5.01932018758,
    -13.61236833799));
#6473 = CARTESIAN_POINT('',(-13.30989721037,4.985580902508,
    -13.49390153434));
#6474 = CARTESIAN_POINT('',(-13.72351445561,4.916530051581,
    -13.3197703288));
#6475 = CARTESIAN_POINT('',(-13.89561512462,4.88513915769,
    -13.25588905346));
#6476 = CARTESIAN_POINT('',(-14.071601666,4.85010598022,-13.1992729005)
  );
#6477 = CARTESIAN_POINT('',(-14.25055714542,4.811353418849,
    -13.15039588268));
#6478 = CARTESIAN_POINT('',(-14.43141058985,4.76893199506,
    -13.10955802179));
#6479 = CARTESIAN_POINT('',(-14.75992971344,4.685838501403,
    -13.0504329417));
#6480 = CARTESIAN_POINT('',(-14.9076612718,4.646298916681,
    -13.02927412425));
#6481 = CARTESIAN_POINT('',(-15.05549836005,4.604496513848,
    -13.0134871086));
#6482 = CARTESIAN_POINT('',(-15.20286902852,4.56054894679,
    -13.00304466962));
#6483 = CARTESIAN_POINT('',(-15.34914826434,4.514679548906,
    -12.99781501062));
#6484 = CARTESIAN_POINT('',(-15.52112057625,4.458114799038,
    -12.99756549739));
#6485 = CARTESIAN_POINT('',(-15.54822916622,4.449119260285,
    -12.99770379628));
#6486 = CARTESIAN_POINT('',(-15.57533818508,4.440043693952,
    -12.99801602128));
#6487 = CARTESIAN_POINT('',(-15.60239550625,4.430906335367,
    -12.99850393864));
#6488 = CARTESIAN_POINT('',(-15.62942669946,4.421698207506,
    -12.99916534326));
#6489 = CARTESIAN_POINT('',(-15.65642239028,4.412422774782,-13.));
#6490 = CARTESIAN_POINT('',(-12.2320661308,4.609042032652,
    -14.21052631578));
#6491 = CARTESIAN_POINT('',(-12.41347599121,4.601480558905,
    -14.05437323883));
#6492 = CARTESIAN_POINT('',(-12.60669695794,4.589631609013,
    -13.90610746203));
#6493 = CARTESIAN_POINT('',(-12.81183030407,4.572435904089,
    -13.76698381259));
#6494 = CARTESIAN_POINT('',(-13.02839454455,4.548895445886,
    -13.63837109854));
#6495 = CARTESIAN_POINT('',(-13.25532543617,4.518073516795,
    -13.52175210879));
#6496 = CARTESIAN_POINT('',(-13.65140960308,4.45255743494,
    -13.34858061656));
#6497 = CARTESIAN_POINT('',(-13.81588525924,4.422266176904,
    -13.28469461098));
#6498 = CARTESIAN_POINT('',(-13.98378432126,4.387977671812,
    -13.22756083057));
#6499 = CARTESIAN_POINT('',(-14.15438203968,4.34955801957,
    -13.17754883676));
#6500 = CARTESIAN_POINT('',(-14.32684754041,4.306982653913,
    -13.1349025182));
#6501 = CARTESIAN_POINT('',(-14.6400524436,4.222725638037,
    -13.07138878881));
#6502 = CARTESIAN_POINT('',(-14.7804706145,4.182473181334,
    -13.04789737183));
#6503 = CARTESIAN_POINT('',(-14.92104267556,4.139622286096,
    -13.0293096317));
#6504 = CARTESIAN_POINT('',(-15.06129868197,4.094281921384,
    -13.01560506735));
#6505 = CARTESIAN_POINT('',(-15.20079164172,4.046587422212,
    -13.00667998357));
#6506 = CARTESIAN_POINT('',(-15.36509815295,3.987354951318,
    -13.00159362667));
#6507 = CARTESIAN_POINT('',(-15.39093415761,3.977949592519,
    -13.00095452959));
#6508 = CARTESIAN_POINT('',(-15.41673180324,3.968470741796,
    -13.00047662333));
#6509 = CARTESIAN_POINT('',(-15.44250408512,3.95890990917,
    -13.00015859302));
#6510 = CARTESIAN_POINT('',(-15.4682427969,3.949272288545,-13.));
#6511 = CARTESIAN_POINT('',(-15.49395043234,3.939556130912,-13.));
#6512 = ADVANCED_FACE('',(#6513),#6541,.F.);
#6513 = FACE_BOUND('',#6514,.T.);
#6514 = EDGE_LOOP('',(#6515,#6516,#6525,#6534));
#6515 = ORIENTED_EDGE('',*,*,#4209,.T.);
#6516 = ORIENTED_EDGE('',*,*,#6517,.F.);
#6517 = EDGE_CURVE('',#6518,#4198,#6520,.T.);
#6518 = VERTEX_POINT('',#6519);
#6519 = CARTESIAN_POINT('',(-19.72621719912,-1.351851851852,-13.));
#6520 = CIRCLE('',#6521,12.499999998917);
#6521 = AXIS2_PLACEMENT_3D('',#6522,#6523,#6524);
#6522 = CARTESIAN_POINT('',(-13.17893218824,-11.99999999891,-13.));
#6523 = DIRECTION('',(0.,0.,-1.));
#6524 = DIRECTION('',(-0.523782800913,0.851851851831,0.));
#6525 = ORIENTED_EDGE('',*,*,#6526,.F.);
#6526 = EDGE_CURVE('',#6527,#6518,#6529,.T.);
#6527 = VERTEX_POINT('',#6528);
#6528 = CARTESIAN_POINT('',(-21.01676943618,0.141922605723,-13.));
#6529 = CIRCLE('',#6530,1.);
#6530 = AXIS2_PLACEMENT_3D('',#6531,#6532,#6533);
#6531 = CARTESIAN_POINT('',(-20.25,-0.5,-13.));
#6532 = DIRECTION('',(0.,0.,1.));
#6533 = DIRECTION('',(-0.766769436181,0.641922605723,0.));
#6534 = ORIENTED_EDGE('',*,*,#6535,.F.);
#6535 = EDGE_CURVE('',#4210,#6527,#6536,.T.);
#6536 = CIRCLE('',#6537,12.5);
#6537 = AXIS2_PLACEMENT_3D('',#6538,#6539,#6540);
#6538 = CARTESIAN_POINT('',(-11.43215148391,-7.882109965816,-13.));
#6539 = DIRECTION('',(0.,0.,1.));
#6540 = DIRECTION('',(-0.312446072956,0.949935498597,0.));
#6541 = PLANE('',#6542);
#6542 = AXIS2_PLACEMENT_3D('',#6543,#6544,#6545);
#6543 = CARTESIAN_POINT('',(-17.24256227963,1.182254671789,-13.));
#6544 = DIRECTION('',(0.,0.,1.));
#6545 = DIRECTION('',(1.,0.,0.));
#6546 = ADVANCED_FACE('',(#6547),#6559,.T.);
#6547 = FACE_BOUND('',#6548,.T.);
#6548 = EDGE_LOOP('',(#6549,#6556,#6557,#6558));
#6549 = ORIENTED_EDGE('',*,*,#6550,.T.);
#6550 = EDGE_CURVE('',#5390,#4198,#6551,.T.);
#6551 = CIRCLE('',#6552,0.5);
#6552 = AXIS2_PLACEMENT_3D('',#6553,#6554,#6555);
#6553 = CARTESIAN_POINT('',(-15.49395043234,0.283757182922,-12.5));
#6554 = DIRECTION('',(0.982700574632,0.185201459545,-0.));
#6555 = DIRECTION('',(-0.185201459545,0.982700574632,0.));
#6556 = ORIENTED_EDGE('',*,*,#4197,.T.);
#6557 = ORIENTED_EDGE('',*,*,#6421,.F.);
#6558 = ORIENTED_EDGE('',*,*,#5398,.F.);
#6559 = ( BOUNDED_SURFACE() B_SPLINE_SURFACE(2,6,(
    (#6560,#6561,#6562,#6563,#6564,#6565,#6566)
    ,(#6567,#6568,#6569,#6570,#6571,#6572,#6573)
    ,(#6574,#6575,#6576,#6577,#6578,#6579,#6580
)),.UNSPECIFIED.,.F.,.F.,.F.) B_SPLINE_SURFACE_WITH_KNOTS((3,3),(7,7),(
    0.,2.092387047307),(19.457148181746,21.549535229052),
.PIECEWISE_BEZIER_KNOTS.) GEOMETRIC_REPRESENTATION_ITEM() 
RATIONAL_B_SPLINE_SURFACE((
    (1.,1.,1.,1.,1.,1.,1.)
    ,(0.707106781187,0.702397139597,0.699627230364,0.698917112527
      ,0.700218795573,0.70304467415,0.707106781188)
,(1.,1.,1.,1.,1.,1.,1.))) REPRESENTATION_ITEM('') SURFACE() );
#6560 = CARTESIAN_POINT('',(-15.40134970262,-0.207593104404,-12.5));
#6561 = CARTESIAN_POINT('',(-15.01224301441,-0.134261381154,
    -12.49999999999));
#6562 = CARTESIAN_POINT('',(-14.61955972375,-7.62431897785E-02,
    -12.53610274176));
#6563 = CARTESIAN_POINT('',(-14.23285898545,-3.521302964261E-02,
    -12.60865305544));
#6564 = CARTESIAN_POINT('',(-13.85785457635,-1.070305503778E-02,
    -12.71689623025));
#6565 = CARTESIAN_POINT('',(-13.5064884257,2.87828E-12,-12.85261752462)
  );
#6566 = CARTESIAN_POINT('',(-13.17893218813,0.,-13.01094292185));
#6567 = CARTESIAN_POINT('',(-15.40134970258,-0.207593104395,-13.));
#6568 = CARTESIAN_POINT('',(-15.04986858236,-0.141352361136,
    -13.0067050979));
#6569 = CARTESIAN_POINT('',(-14.6983345471,-8.794946060446E-02,
    -13.04311663984));
#6570 = CARTESIAN_POINT('',(-14.35313430498,-4.807480138959E-02,
    -13.10873295888));
#6571 = CARTESIAN_POINT('',(-14.01509822742,-2.109743823979E-02,
    -13.20370590099));
#6572 = CARTESIAN_POINT('',(-13.69369065893,-5.77787896485E-03,
    -13.32329147276));
#6573 = CARTESIAN_POINT('',(-13.38938839215,1.84955E-12,-13.46449356532)
  );
#6574 = CARTESIAN_POINT('',(-15.49395043234,0.283757182922,-13.));
#6575 = CARTESIAN_POINT('',(-15.13431833088,0.358311763422,-13.));
#6576 = CARTESIAN_POINT('',(-14.76794701346,0.418237707437,
    -13.03112473431));
#6577 = CARTESIAN_POINT('',(-14.40339804686,0.461554761471,
    -13.09498692595));
#6578 = CARTESIAN_POINT('',(-14.04616238953,0.48806171333,
    -13.19227647233));
#6579 = CARTESIAN_POINT('',(-13.70791714103,0.500000000003,-13.316690112
    ));
#6580 = CARTESIAN_POINT('',(-13.38938839215,0.5,-13.46449356532));
#6581 = ADVANCED_FACE('',(#6582),#6603,.T.);
#6582 = FACE_BOUND('',#6583,.T.);
#6583 = EDGE_LOOP('',(#6584,#6585,#6594,#6601,#6602));
#6584 = ORIENTED_EDGE('',*,*,#4251,.T.);
#6585 = ORIENTED_EDGE('',*,*,#6586,.T.);
#6586 = EDGE_CURVE('',#4252,#6587,#6589,.T.);
#6587 = VERTEX_POINT('',#6588);
#6588 = CARTESIAN_POINT('',(-21.40015415427,0.462883908585,12.5));
#6589 = CIRCLE('',#6590,13.);
#6590 = AXIS2_PLACEMENT_3D('',#6591,#6592,#6593);
#6591 = CARTESIAN_POINT('',(-11.43215148391,-7.882109965816,12.5));
#6592 = DIRECTION('',(0.,0.,1.));
#6593 = DIRECTION('',(-0.312446072956,0.949935498597,0.));
#6594 = ORIENTED_EDGE('',*,*,#6595,.T.);
#6595 = EDGE_CURVE('',#6587,#6354,#6596,.T.);
#6596 = CIRCLE('',#6597,0.5);
#6597 = AXIS2_PLACEMENT_3D('',#6598,#6599,#6600);
#6598 = CARTESIAN_POINT('',(-21.01676943618,0.141922605723,12.5));
#6599 = DIRECTION('',(0.641922605723,0.766769436181,-0.));
#6600 = DIRECTION('',(-0.766769436181,0.641922605723,0.));
#6601 = ORIENTED_EDGE('',*,*,#6353,.F.);
#6602 = ORIENTED_EDGE('',*,*,#6274,.F.);
#6603 = TOROIDAL_SURFACE('',#6604,12.5,0.5);
#6604 = AXIS2_PLACEMENT_3D('',#6605,#6606,#6607);
#6605 = CARTESIAN_POINT('',(-11.43215148391,-7.882109965816,12.5));
#6606 = DIRECTION('',(0.,0.,1.));
#6607 = DIRECTION('',(-0.312446072956,0.949935498597,0.));
#6608 = ADVANCED_FACE('',(#6609),#6629,.T.);
#6609 = FACE_BOUND('',#6610,.T.);
#6610 = EDGE_LOOP('',(#6611,#6612,#6613,#6614,#6623));
#6611 = ORIENTED_EDGE('',*,*,#6586,.F.);
#6612 = ORIENTED_EDGE('',*,*,#5056,.T.);
#6613 = ORIENTED_EDGE('',*,*,#5179,.T.);
#6614 = ORIENTED_EDGE('',*,*,#6615,.F.);
#6615 = EDGE_CURVE('',#6616,#5180,#6618,.T.);
#6616 = VERTEX_POINT('',#6617);
#6617 = CARTESIAN_POINT('',(-21.40015415427,0.462883908585,9.));
#6618 = CIRCLE('',#6619,13.);
#6619 = AXIS2_PLACEMENT_3D('',#6620,#6621,#6622);
#6620 = CARTESIAN_POINT('',(-11.43215148391,-7.882109965816,9.));
#6621 = DIRECTION('',(0.,0.,-1.));
#6622 = DIRECTION('',(-1.,-0.,-0.));
#6623 = ORIENTED_EDGE('',*,*,#6624,.T.);
#6624 = EDGE_CURVE('',#6616,#6587,#6625,.T.);
#6625 = LINE('',#6626,#6627);
#6626 = CARTESIAN_POINT('',(-21.40015415427,0.462883908585,-13.));
#6627 = VECTOR('',#6628,1.);
#6628 = DIRECTION('',(0.,0.,1.));
#6629 = CYLINDRICAL_SURFACE('',#6630,13.);
#6630 = AXIS2_PLACEMENT_3D('',#6631,#6632,#6633);
#6631 = CARTESIAN_POINT('',(-11.43215148391,-7.882109965816,-13.));
#6632 = DIRECTION('',(0.,0.,-1.));
#6633 = DIRECTION('',(-1.,-0.,-0.));
#6634 = ADVANCED_FACE('',(#6635),#6656,.T.);
#6635 = FACE_BOUND('',#6636,.F.);
#6636 = EDGE_LOOP('',(#6637,#6638,#6639,#6648,#6655));
#6637 = ORIENTED_EDGE('',*,*,#6438,.F.);
#6638 = ORIENTED_EDGE('',*,*,#5153,.F.);
#6639 = ORIENTED_EDGE('',*,*,#6640,.T.);
#6640 = EDGE_CURVE('',#5146,#6641,#6643,.T.);
#6641 = VERTEX_POINT('',#6642);
#6642 = CARTESIAN_POINT('',(-21.40015415427,0.462883908585,-12.5));
#6643 = CIRCLE('',#6644,13.);
#6644 = AXIS2_PLACEMENT_3D('',#6645,#6646,#6647);
#6645 = CARTESIAN_POINT('',(-11.43215148391,-7.882109965816,-12.5));
#6646 = DIRECTION('',(0.,0.,1.));
#6647 = DIRECTION('',(-0.312446072956,0.949935498597,0.));
#6648 = ORIENTED_EDGE('',*,*,#6649,.T.);
#6649 = EDGE_CURVE('',#6641,#6527,#6650,.T.);
#6650 = CIRCLE('',#6651,0.5);
#6651 = AXIS2_PLACEMENT_3D('',#6652,#6653,#6654);
#6652 = CARTESIAN_POINT('',(-21.01676943618,0.141922605723,-12.5));
#6653 = DIRECTION('',(-0.641922605723,-0.766769436181,-0.));
#6654 = DIRECTION('',(-0.766769436181,0.641922605723,0.));
#6655 = ORIENTED_EDGE('',*,*,#6535,.F.);
#6656 = TOROIDAL_SURFACE('',#6657,12.5,0.5);
#6657 = AXIS2_PLACEMENT_3D('',#6658,#6659,#6660);
#6658 = CARTESIAN_POINT('',(-11.43215148391,-7.882109965816,-12.5));
#6659 = DIRECTION('',(0.,0.,-1.));
#6660 = DIRECTION('',(-0.312446072956,0.949935498597,0.));
#6661 = ADVANCED_FACE('',(#6662,#6674),#6685,.T.);
#6662 = FACE_BOUND('',#6663,.T.);
#6663 = EDGE_LOOP('',(#6664,#6665,#6666,#6667));
#6664 = ORIENTED_EDGE('',*,*,#6615,.T.);
#6665 = ORIENTED_EDGE('',*,*,#5193,.F.);
#6666 = ORIENTED_EDGE('',*,*,#5330,.F.);
#6667 = ORIENTED_EDGE('',*,*,#6668,.T.);
#6668 = EDGE_CURVE('',#5331,#6616,#6669,.T.);
#6669 = CIRCLE('',#6670,1.5);
#6670 = AXIS2_PLACEMENT_3D('',#6671,#6672,#6673);
#6671 = CARTESIAN_POINT('',(-20.25,-0.5,9.));
#6672 = DIRECTION('',(0.,0.,-1.));
#6673 = DIRECTION('',(-1.,-0.,-0.));
#6674 = FACE_BOUND('',#6675,.T.);
#6675 = EDGE_LOOP('',(#6676));
#6676 = ORIENTED_EDGE('',*,*,#6677,.F.);
#6677 = EDGE_CURVE('',#6678,#6678,#6680,.T.);
#6678 = VERTEX_POINT('',#6679);
#6679 = CARTESIAN_POINT('',(-20.75,-0.5,9.));
#6680 = CIRCLE('',#6681,0.5);
#6681 = AXIS2_PLACEMENT_3D('',#6682,#6683,#6684);
#6682 = CARTESIAN_POINT('',(-20.25,-0.5,9.));
#6683 = DIRECTION('',(0.,0.,-1.));
#6684 = DIRECTION('',(-1.,-0.,-0.));
#6685 = PLANE('',#6686);
#6686 = AXIS2_PLACEMENT_3D('',#6687,#6688,#6689);
#6687 = CARTESIAN_POINT('',(-23.06161931177,-5.5,9.));
#6688 = DIRECTION('',(-2.7E-16,-2.2E-16,-1.));
#6689 = DIRECTION('',(1.,0.,-2.7E-16));
#6690 = ADVANCED_FACE('',(#6691),#6711,.T.);
#6691 = FACE_BOUND('',#6692,.T.);
#6692 = EDGE_LOOP('',(#6693,#6694,#6702,#6709,#6710));
#6693 = ORIENTED_EDGE('',*,*,#6640,.T.);
#6694 = ORIENTED_EDGE('',*,*,#6695,.T.);
#6695 = EDGE_CURVE('',#6641,#6696,#6698,.T.);
#6696 = VERTEX_POINT('',#6697);
#6697 = CARTESIAN_POINT('',(-21.40015415427,0.462883908585,-9.));
#6698 = LINE('',#6699,#6700);
#6699 = CARTESIAN_POINT('',(-21.40015415427,0.462883908585,-13.));
#6700 = VECTOR('',#6701,1.);
#6701 = DIRECTION('',(0.,0.,1.));
#6702 = ORIENTED_EDGE('',*,*,#6703,.T.);
#6703 = EDGE_CURVE('',#6696,#5500,#6704,.T.);
#6704 = CIRCLE('',#6705,13.);
#6705 = AXIS2_PLACEMENT_3D('',#6706,#6707,#6708);
#6706 = CARTESIAN_POINT('',(-11.43215148391,-7.882109965816,-9.));
#6707 = DIRECTION('',(0.,0.,-1.));
#6708 = DIRECTION('',(-1.,-0.,-0.));
#6709 = ORIENTED_EDGE('',*,*,#5507,.F.);
#6710 = ORIENTED_EDGE('',*,*,#5289,.T.);
#6711 = CYLINDRICAL_SURFACE('',#6712,13.);
#6712 = AXIS2_PLACEMENT_3D('',#6713,#6714,#6715);
#6713 = CARTESIAN_POINT('',(-11.43215148391,-7.882109965816,-13.));
#6714 = DIRECTION('',(0.,0.,-1.));
#6715 = DIRECTION('',(-1.,-0.,-0.));
#6716 = ADVANCED_FACE('',(#6717),#6729,.T.);
#6717 = FACE_BOUND('',#6718,.T.);
#6718 = EDGE_LOOP('',(#6719,#6720,#6721,#6722));
#6719 = ORIENTED_EDGE('',*,*,#6624,.F.);
#6720 = ORIENTED_EDGE('',*,*,#6668,.F.);
#6721 = ORIENTED_EDGE('',*,*,#5482,.T.);
#6722 = ORIENTED_EDGE('',*,*,#6723,.F.);
#6723 = EDGE_CURVE('',#6587,#5474,#6724,.T.);
#6724 = CIRCLE('',#6725,1.5);
#6725 = AXIS2_PLACEMENT_3D('',#6726,#6727,#6728);
#6726 = CARTESIAN_POINT('',(-20.25,-0.5,12.5));
#6727 = DIRECTION('',(0.,0.,1.));
#6728 = DIRECTION('',(-0.766769436181,0.641922605723,0.));
#6729 = CYLINDRICAL_SURFACE('',#6730,1.5);
#6730 = AXIS2_PLACEMENT_3D('',#6731,#6732,#6733);
#6731 = CARTESIAN_POINT('',(-20.25,-0.5,-13.));
#6732 = DIRECTION('',(0.,0.,-1.));
#6733 = DIRECTION('',(-1.,-0.,-0.));
#6734 = ADVANCED_FACE('',(#6735),#6747,.T.);
#6735 = FACE_BOUND('',#6736,.T.);
#6736 = EDGE_LOOP('',(#6737,#6744,#6745,#6746));
#6737 = ORIENTED_EDGE('',*,*,#6738,.F.);
#6738 = EDGE_CURVE('',#5474,#6363,#6739,.T.);
#6739 = CIRCLE('',#6740,0.5);
#6740 = AXIS2_PLACEMENT_3D('',#6741,#6742,#6743);
#6741 = CARTESIAN_POINT('',(-19.72621719912,-1.351851851852,12.5));
#6742 = DIRECTION('',(-0.851851851852,-0.523782800879,0.));
#6743 = DIRECTION('',(0.523782800879,-0.851851851852,0.));
#6744 = ORIENTED_EDGE('',*,*,#5473,.T.);
#6745 = ORIENTED_EDGE('',*,*,#6386,.T.);
#6746 = ORIENTED_EDGE('',*,*,#6371,.F.);
#6747 = TOROIDAL_SURFACE('',#6748,12.499999998917,0.5);
#6748 = AXIS2_PLACEMENT_3D('',#6749,#6750,#6751);
#6749 = CARTESIAN_POINT('',(-13.17893218824,-11.99999999891,12.5));
#6750 = DIRECTION('',(0.,0.,-1.));
#6751 = DIRECTION('',(-0.523782800913,0.851851851831,0.));
#6752 = ADVANCED_FACE('',(#6753,#6765),#6776,.F.);
#6753 = FACE_BOUND('',#6754,.F.);
#6754 = EDGE_LOOP('',(#6755,#6756,#6757,#6758));
#6755 = ORIENTED_EDGE('',*,*,#6703,.T.);
#6756 = ORIENTED_EDGE('',*,*,#5499,.F.);
#6757 = ORIENTED_EDGE('',*,*,#5372,.F.);
#6758 = ORIENTED_EDGE('',*,*,#6759,.T.);
#6759 = EDGE_CURVE('',#5373,#6696,#6760,.T.);
#6760 = CIRCLE('',#6761,1.5);
#6761 = AXIS2_PLACEMENT_3D('',#6762,#6763,#6764);
#6762 = CARTESIAN_POINT('',(-20.25,-0.5,-9.));
#6763 = DIRECTION('',(0.,0.,-1.));
#6764 = DIRECTION('',(-1.,-0.,-0.));
#6765 = FACE_BOUND('',#6766,.F.);
#6766 = EDGE_LOOP('',(#6767));
#6767 = ORIENTED_EDGE('',*,*,#6768,.F.);
#6768 = EDGE_CURVE('',#6769,#6769,#6771,.T.);
#6769 = VERTEX_POINT('',#6770);
#6770 = CARTESIAN_POINT('',(-20.75,-0.5,-9.));
#6771 = CIRCLE('',#6772,0.5);
#6772 = AXIS2_PLACEMENT_3D('',#6773,#6774,#6775);
#6773 = CARTESIAN_POINT('',(-20.25,-0.5,-9.));
#6774 = DIRECTION('',(0.,0.,-1.));
#6775 = DIRECTION('',(-1.,-0.,-0.));
#6776 = PLANE('',#6777);
#6777 = AXIS2_PLACEMENT_3D('',#6778,#6779,#6780);
#6778 = CARTESIAN_POINT('',(-23.06161931177,-5.5,-9.));
#6779 = DIRECTION('',(0.,-2.2E-16,-1.));
#6780 = DIRECTION('',(1.,0.,0.));
#6781 = ADVANCED_FACE('',(#6782),#6794,.T.);
#6782 = FACE_BOUND('',#6783,.T.);
#6783 = EDGE_LOOP('',(#6784,#6785,#6792,#6793));
#6784 = ORIENTED_EDGE('',*,*,#6695,.F.);
#6785 = ORIENTED_EDGE('',*,*,#6786,.T.);
#6786 = EDGE_CURVE('',#6641,#5382,#6787,.T.);
#6787 = CIRCLE('',#6788,1.5);
#6788 = AXIS2_PLACEMENT_3D('',#6789,#6790,#6791);
#6789 = CARTESIAN_POINT('',(-20.25,-0.5,-12.5));
#6790 = DIRECTION('',(0.,0.,1.));
#6791 = DIRECTION('',(-0.766769436181,0.641922605723,0.));
#6792 = ORIENTED_EDGE('',*,*,#5381,.T.);
#6793 = ORIENTED_EDGE('',*,*,#6759,.T.);
#6794 = CYLINDRICAL_SURFACE('',#6795,1.5);
#6795 = AXIS2_PLACEMENT_3D('',#6796,#6797,#6798);
#6796 = CARTESIAN_POINT('',(-20.25,-0.5,-13.));
#6797 = DIRECTION('',(0.,0.,-1.));
#6798 = DIRECTION('',(-1.,-0.,-0.));
#6799 = ADVANCED_FACE('',(#6800),#6812,.T.);
#6800 = FACE_BOUND('',#6801,.F.);
#6801 = EDGE_LOOP('',(#6802,#6809,#6810,#6811));
#6802 = ORIENTED_EDGE('',*,*,#6803,.F.);
#6803 = EDGE_CURVE('',#5382,#6518,#6804,.T.);
#6804 = CIRCLE('',#6805,0.5);
#6805 = AXIS2_PLACEMENT_3D('',#6806,#6807,#6808);
#6806 = CARTESIAN_POINT('',(-19.72621719912,-1.351851851852,-12.5));
#6807 = DIRECTION('',(0.851851851852,0.523782800879,0.));
#6808 = DIRECTION('',(0.523782800879,-0.851851851852,0.));
#6809 = ORIENTED_EDGE('',*,*,#5389,.T.);
#6810 = ORIENTED_EDGE('',*,*,#6550,.T.);
#6811 = ORIENTED_EDGE('',*,*,#6517,.F.);
#6812 = TOROIDAL_SURFACE('',#6813,12.499999998917,0.5);
#6813 = AXIS2_PLACEMENT_3D('',#6814,#6815,#6816);
#6814 = CARTESIAN_POINT('',(-13.17893218824,-11.99999999891,-12.5));
#6815 = DIRECTION('',(0.,0.,1.));
#6816 = DIRECTION('',(-0.523782800913,0.851851851831,0.));
#6817 = ADVANCED_FACE('',(#6818),#6837,.F.);
#6818 = FACE_BOUND('',#6819,.T.);
#6819 = EDGE_LOOP('',(#6820,#6829,#6835,#6836));
#6820 = ORIENTED_EDGE('',*,*,#6821,.T.);
#6821 = EDGE_CURVE('',#6822,#6822,#6824,.T.);
#6822 = VERTEX_POINT('',#6823);
#6823 = CARTESIAN_POINT('',(17.15,8.6,0.));
#6824 = CIRCLE('',#6825,17.15);
#6825 = AXIS2_PLACEMENT_3D('',#6826,#6827,#6828);
#6826 = CARTESIAN_POINT('',(0.,8.6,0.));
#6827 = DIRECTION('',(0.,-1.,0.));
#6828 = DIRECTION('',(1.,0.,0.));
#6829 = ORIENTED_EDGE('',*,*,#6830,.T.);
#6830 = EDGE_CURVE('',#6822,#5529,#6831,.T.);
#6831 = LINE('',#6832,#6833);
#6832 = CARTESIAN_POINT('',(17.15,8.6,0.));
#6833 = VECTOR('',#6834,1.);
#6834 = DIRECTION('',(-0.707106781187,0.707106781187,0.));
#6835 = ORIENTED_EDGE('',*,*,#5528,.F.);
#6836 = ORIENTED_EDGE('',*,*,#6830,.F.);
#6837 = CONICAL_SURFACE('',#6838,17.15,0.785398163397);
#6838 = AXIS2_PLACEMENT_3D('',#6839,#6840,#6841);
#6839 = CARTESIAN_POINT('',(0.,8.6,0.));
#6840 = DIRECTION('',(-0.,-1.,-0.));
#6841 = DIRECTION('',(1.,0.,0.));
#6842 = ADVANCED_FACE('',(#6843),#6862,.F.);
#6843 = FACE_BOUND('',#6844,.T.);
#6844 = EDGE_LOOP('',(#6845,#6853,#6854,#6855));
#6845 = ORIENTED_EDGE('',*,*,#6846,.F.);
#6846 = EDGE_CURVE('',#5566,#6847,#6849,.T.);
#6847 = VERTEX_POINT('',#6848);
#6848 = CARTESIAN_POINT('',(20.75,-0.5,11.));
#6849 = LINE('',#6850,#6851);
#6850 = CARTESIAN_POINT('',(20.75,-0.5,-13.));
#6851 = VECTOR('',#6852,1.);
#6852 = DIRECTION('',(0.,0.,1.));
#6853 = ORIENTED_EDGE('',*,*,#5565,.T.);
#6854 = ORIENTED_EDGE('',*,*,#6846,.T.);
#6855 = ORIENTED_EDGE('',*,*,#6856,.F.);
#6856 = EDGE_CURVE('',#6847,#6847,#6857,.T.);
#6857 = CIRCLE('',#6858,0.5);
#6858 = AXIS2_PLACEMENT_3D('',#6859,#6860,#6861);
#6859 = CARTESIAN_POINT('',(20.25,-0.5,11.));
#6860 = DIRECTION('',(0.,0.,-1.));
#6861 = DIRECTION('',(1.,0.,0.));
#6862 = CYLINDRICAL_SURFACE('',#6863,0.5);
#6863 = AXIS2_PLACEMENT_3D('',#6864,#6865,#6866);
#6864 = CARTESIAN_POINT('',(20.25,-0.5,-13.));
#6865 = DIRECTION('',(-0.,-0.,-1.));
#6866 = DIRECTION('',(1.,0.,0.));
#6867 = ADVANCED_FACE('',(#6868),#6874,.T.);
#6868 = FACE_BOUND('',#6869,.T.);
#6869 = EDGE_LOOP('',(#6870,#6871,#6872,#6873));
#6870 = ORIENTED_EDGE('',*,*,#5617,.F.);
#6871 = ORIENTED_EDGE('',*,*,#5592,.T.);
#6872 = ORIENTED_EDGE('',*,*,#6001,.T.);
#6873 = ORIENTED_EDGE('',*,*,#6125,.F.);
#6874 = TOROIDAL_SURFACE('',#6875,1.,0.5);
#6875 = AXIS2_PLACEMENT_3D('',#6876,#6877,#6878);
#6876 = CARTESIAN_POINT('',(20.25,-0.5,12.5));
#6877 = DIRECTION('',(0.,0.,1.));
#6878 = DIRECTION('',(-0.523782800879,-0.851851851852,0.));
#6879 = ADVANCED_FACE('',(#6880),#6899,.F.);
#6880 = FACE_BOUND('',#6881,.T.);
#6881 = EDGE_LOOP('',(#6882,#6891,#6897,#6898));
#6882 = ORIENTED_EDGE('',*,*,#6883,.T.);
#6883 = EDGE_CURVE('',#6884,#6884,#6886,.T.);
#6884 = VERTEX_POINT('',#6885);
#6885 = CARTESIAN_POINT('',(20.75,-0.5,-11.));
#6886 = CIRCLE('',#6887,0.5);
#6887 = AXIS2_PLACEMENT_3D('',#6888,#6889,#6890);
#6888 = CARTESIAN_POINT('',(20.25,-0.5,-11.));
#6889 = DIRECTION('',(0.,0.,-1.));
#6890 = DIRECTION('',(1.,0.,0.));
#6891 = ORIENTED_EDGE('',*,*,#6892,.T.);
#6892 = EDGE_CURVE('',#6884,#5720,#6893,.T.);
#6893 = LINE('',#6894,#6895);
#6894 = CARTESIAN_POINT('',(20.75,-0.5,-13.));
#6895 = VECTOR('',#6896,1.);
#6896 = DIRECTION('',(0.,0.,1.));
#6897 = ORIENTED_EDGE('',*,*,#5719,.F.);
#6898 = ORIENTED_EDGE('',*,*,#6892,.F.);
#6899 = CYLINDRICAL_SURFACE('',#6900,0.5);
#6900 = AXIS2_PLACEMENT_3D('',#6901,#6902,#6903);
#6901 = CARTESIAN_POINT('',(20.25,-0.5,-13.));
#6902 = DIRECTION('',(-0.,-0.,-1.));
#6903 = DIRECTION('',(1.,0.,0.));
#6904 = ADVANCED_FACE('',(#6905),#6911,.T.);
#6905 = FACE_BOUND('',#6906,.F.);
#6906 = EDGE_LOOP('',(#6907,#6908,#6909,#6910));
#6907 = ORIENTED_EDGE('',*,*,#5837,.F.);
#6908 = ORIENTED_EDGE('',*,*,#5776,.T.);
#6909 = ORIENTED_EDGE('',*,*,#6107,.T.);
#6910 = ORIENTED_EDGE('',*,*,#6257,.F.);
#6911 = TOROIDAL_SURFACE('',#6912,1.,0.5);
#6912 = AXIS2_PLACEMENT_3D('',#6913,#6914,#6915);
#6913 = CARTESIAN_POINT('',(20.25,-0.5,-12.5));
#6914 = DIRECTION('',(0.,0.,-1.));
#6915 = DIRECTION('',(-0.523782800879,-0.851851851852,-0.));
#6916 = ADVANCED_FACE('',(#6917,#6928),#6931,.T.);
#6917 = FACE_BOUND('',#6918,.F.);
#6918 = EDGE_LOOP('',(#6919));
#6919 = ORIENTED_EDGE('',*,*,#6920,.F.);
#6920 = EDGE_CURVE('',#6921,#6921,#6923,.T.);
#6921 = VERTEX_POINT('',#6922);
#6922 = CARTESIAN_POINT('',(17.75,0.4,0.));
#6923 = CIRCLE('',#6924,17.75);
#6924 = AXIS2_PLACEMENT_3D('',#6925,#6926,#6927);
#6925 = CARTESIAN_POINT('',(0.,0.4,0.));
#6926 = DIRECTION('',(-0.,1.,0.));
#6927 = DIRECTION('',(1.,0.,0.));
#6928 = FACE_BOUND('',#6929,.F.);
#6929 = EDGE_LOOP('',(#6930));
#6930 = ORIENTED_EDGE('',*,*,#5793,.T.);
#6931 = PLANE('',#6932);
#6932 = AXIS2_PLACEMENT_3D('',#6933,#6934,#6935);
#6933 = CARTESIAN_POINT('',(0.,0.4,0.));
#6934 = DIRECTION('',(0.,1.,0.));
#6935 = DIRECTION('',(1.,-0.,-0.));
#6936 = ADVANCED_FACE('',(#6937),#6943,.T.);
#6937 = FACE_BOUND('',#6938,.T.);
#6938 = EDGE_LOOP('',(#6939,#6940,#6941,#6942));
#6939 = ORIENTED_EDGE('',*,*,#6595,.F.);
#6940 = ORIENTED_EDGE('',*,*,#6723,.T.);
#6941 = ORIENTED_EDGE('',*,*,#6738,.T.);
#6942 = ORIENTED_EDGE('',*,*,#6362,.F.);
#6943 = TOROIDAL_SURFACE('',#6944,1.,0.5);
#6944 = AXIS2_PLACEMENT_3D('',#6945,#6946,#6947);
#6945 = CARTESIAN_POINT('',(-20.25,-0.5,12.5));
#6946 = DIRECTION('',(0.,0.,1.));
#6947 = DIRECTION('',(-0.766769436181,0.641922605723,0.));
#6948 = ADVANCED_FACE('',(#6949),#6955,.T.);
#6949 = FACE_BOUND('',#6950,.F.);
#6950 = EDGE_LOOP('',(#6951,#6952,#6953,#6954));
#6951 = ORIENTED_EDGE('',*,*,#6649,.F.);
#6952 = ORIENTED_EDGE('',*,*,#6786,.T.);
#6953 = ORIENTED_EDGE('',*,*,#6803,.T.);
#6954 = ORIENTED_EDGE('',*,*,#6526,.F.);
#6955 = TOROIDAL_SURFACE('',#6956,1.,0.5);
#6956 = AXIS2_PLACEMENT_3D('',#6957,#6958,#6959);
#6957 = CARTESIAN_POINT('',(-20.25,-0.5,-12.5));
#6958 = DIRECTION('',(0.,0.,-1.));
#6959 = DIRECTION('',(-0.766769436181,0.641922605723,0.));
#6960 = ADVANCED_FACE('',(#6961),#6989,.F.);
#6961 = FACE_BOUND('',#6962,.F.);
#6962 = EDGE_LOOP('',(#6963,#6971,#6972,#6973,#6982));
#6963 = ORIENTED_EDGE('',*,*,#6964,.F.);
#6964 = EDGE_CURVE('',#6678,#6965,#6967,.T.);
#6965 = VERTEX_POINT('',#6966);
#6966 = CARTESIAN_POINT('',(-20.75,-0.5,11.));
#6967 = LINE('',#6968,#6969);
#6968 = CARTESIAN_POINT('',(-20.75,-0.5,-13.));
#6969 = VECTOR('',#6970,1.);
#6970 = DIRECTION('',(0.,0.,1.));
#6971 = ORIENTED_EDGE('',*,*,#6677,.F.);
#6972 = ORIENTED_EDGE('',*,*,#6964,.T.);
#6973 = ORIENTED_EDGE('',*,*,#6974,.T.);
#6974 = EDGE_CURVE('',#6965,#6975,#6977,.T.);
#6975 = VERTEX_POINT('',#6976);
#6976 = CARTESIAN_POINT('',(-19.75,-0.5,11.));
#6977 = CIRCLE('',#6978,0.5);
#6978 = AXIS2_PLACEMENT_3D('',#6979,#6980,#6981);
#6979 = CARTESIAN_POINT('',(-20.25,-0.5,11.));
#6980 = DIRECTION('',(0.,0.,-1.));
#6981 = DIRECTION('',(1.,0.,0.));
#6982 = ORIENTED_EDGE('',*,*,#6983,.T.);
#6983 = EDGE_CURVE('',#6975,#6965,#6984,.T.);
#6984 = CIRCLE('',#6985,0.5);
#6985 = AXIS2_PLACEMENT_3D('',#6986,#6987,#6988);
#6986 = CARTESIAN_POINT('',(-20.25,-0.5,11.));
#6987 = DIRECTION('',(0.,0.,-1.));
#6988 = DIRECTION('',(1.,0.,0.));
#6989 = CYLINDRICAL_SURFACE('',#6990,0.5);
#6990 = AXIS2_PLACEMENT_3D('',#6991,#6992,#6993);
#6991 = CARTESIAN_POINT('',(-20.25,-0.5,-13.));
#6992 = DIRECTION('',(0.,0.,-1.));
#6993 = DIRECTION('',(-1.,-0.,-0.));
#6994 = ADVANCED_FACE('',(#6995),#7023,.F.);
#6995 = FACE_BOUND('',#6996,.F.);
#6996 = EDGE_LOOP('',(#6997,#7008,#7014,#7015,#7016));
#6997 = ORIENTED_EDGE('',*,*,#6998,.F.);
#6998 = EDGE_CURVE('',#6999,#7001,#7003,.T.);
#6999 = VERTEX_POINT('',#7000);
#7000 = CARTESIAN_POINT('',(-20.75,-0.5,-11.));
#7001 = VERTEX_POINT('',#7002);
#7002 = CARTESIAN_POINT('',(-19.75,-0.5,-11.));
#7003 = CIRCLE('',#7004,0.5);
#7004 = AXIS2_PLACEMENT_3D('',#7005,#7006,#7007);
#7005 = CARTESIAN_POINT('',(-20.25,-0.5,-11.));
#7006 = DIRECTION('',(0.,0.,-1.));
#7007 = DIRECTION('',(1.,0.,0.));
#7008 = ORIENTED_EDGE('',*,*,#7009,.T.);
#7009 = EDGE_CURVE('',#6999,#6769,#7010,.T.);
#7010 = LINE('',#7011,#7012);
#7011 = CARTESIAN_POINT('',(-20.75,-0.5,-13.));
#7012 = VECTOR('',#7013,1.);
#7013 = DIRECTION('',(0.,0.,1.));
#7014 = ORIENTED_EDGE('',*,*,#6768,.T.);
#7015 = ORIENTED_EDGE('',*,*,#7009,.F.);
#7016 = ORIENTED_EDGE('',*,*,#7017,.F.);
#7017 = EDGE_CURVE('',#7001,#6999,#7018,.T.);
#7018 = CIRCLE('',#7019,0.5);
#7019 = AXIS2_PLACEMENT_3D('',#7020,#7021,#7022);
#7020 = CARTESIAN_POINT('',(-20.25,-0.5,-11.));
#7021 = DIRECTION('',(0.,0.,-1.));
#7022 = DIRECTION('',(1.,0.,0.));
#7023 = CYLINDRICAL_SURFACE('',#7024,0.5);
#7024 = AXIS2_PLACEMENT_3D('',#7025,#7026,#7027);
#7025 = CARTESIAN_POINT('',(-20.25,-0.5,-13.));
#7026 = DIRECTION('',(0.,0.,-1.));
#7027 = DIRECTION('',(-1.,-0.,-0.));
#7028 = ADVANCED_FACE('',(#7029),#7047,.F.);
#7029 = FACE_BOUND('',#7030,.T.);
#7030 = EDGE_LOOP('',(#7031,#7038,#7039,#7040));
#7031 = ORIENTED_EDGE('',*,*,#7032,.T.);
#7032 = EDGE_CURVE('',#7033,#6822,#7035,.T.);
#7033 = VERTEX_POINT('',#7034);
#7034 = CARTESIAN_POINT('',(17.15,1.146410161514,-2.E-15));
#7035 = B_SPLINE_CURVE_WITH_KNOTS('',1,(#7036,#7037),.UNSPECIFIED.,.F.,
  .F.,(2,2),(-0.67610400818,8.6),.PIECEWISE_BEZIER_KNOTS.);
#7036 = CARTESIAN_POINT('',(17.15,-0.67610400818,-4.2E-15));
#7037 = CARTESIAN_POINT('',(17.15,8.6,-4.2E-15));
#7038 = ORIENTED_EDGE('',*,*,#6821,.F.);
#7039 = ORIENTED_EDGE('',*,*,#7032,.F.);
#7040 = ORIENTED_EDGE('',*,*,#7041,.F.);
#7041 = EDGE_CURVE('',#7033,#7033,#7042,.T.);
#7042 = CIRCLE('',#7043,17.15);
#7043 = AXIS2_PLACEMENT_3D('',#7044,#7045,#7046);
#7044 = CARTESIAN_POINT('',(0.,1.146410161514,0.));
#7045 = DIRECTION('',(0.,1.,0.));
#7046 = DIRECTION('',(0.,-0.,1.));
#7047 = CYLINDRICAL_SURFACE('',#7048,17.15);
#7048 = AXIS2_PLACEMENT_3D('',#7049,#7050,#7051);
#7049 = CARTESIAN_POINT('',(0.,0.,0.));
#7050 = DIRECTION('',(0.,1.,0.));
#7051 = DIRECTION('',(1.,0.,0.));
#7052 = ADVANCED_FACE('',(#7053),#7056,.T.);
#7053 = FACE_BOUND('',#7054,.T.);
#7054 = EDGE_LOOP('',(#7055));
#7055 = ORIENTED_EDGE('',*,*,#6856,.T.);
#7056 = PLANE('',#7057);
#7057 = AXIS2_PLACEMENT_3D('',#7058,#7059,#7060);
#7058 = CARTESIAN_POINT('',(-6.8E-16,-0.5,11.));
#7059 = DIRECTION('',(-0.,-0.,-1.));
#7060 = DIRECTION('',(-1.,-0.,-0.));
#7061 = ADVANCED_FACE('',(#7062),#7065,.T.);
#7062 = FACE_BOUND('',#7063,.F.);
#7063 = EDGE_LOOP('',(#7064));
#7064 = ORIENTED_EDGE('',*,*,#6883,.T.);
#7065 = PLANE('',#7066);
#7066 = AXIS2_PLACEMENT_3D('',#7067,#7068,#7069);
#7067 = CARTESIAN_POINT('',(-6.8E-16,-0.5,-11.));
#7068 = DIRECTION('',(0.,0.,1.));
#7069 = DIRECTION('',(1.,0.,0.));
#7070 = ADVANCED_FACE('',(#7071),#7090,.F.);
#7071 = FACE_BOUND('',#7072,.F.);
#7072 = EDGE_LOOP('',(#7073,#7074,#7082,#7089));
#7073 = ORIENTED_EDGE('',*,*,#6920,.T.);
#7074 = ORIENTED_EDGE('',*,*,#7075,.T.);
#7075 = EDGE_CURVE('',#6921,#7076,#7078,.T.);
#7076 = VERTEX_POINT('',#7077);
#7077 = CARTESIAN_POINT('',(17.75,0.8,0.));
#7078 = LINE('',#7079,#7080);
#7079 = CARTESIAN_POINT('',(17.75,0.4,0.));
#7080 = VECTOR('',#7081,1.);
#7081 = DIRECTION('',(0.,1.,0.));
#7082 = ORIENTED_EDGE('',*,*,#7083,.F.);
#7083 = EDGE_CURVE('',#7076,#7076,#7084,.T.);
#7084 = CIRCLE('',#7085,17.75);
#7085 = AXIS2_PLACEMENT_3D('',#7086,#7087,#7088);
#7086 = CARTESIAN_POINT('',(0.,0.8,0.));
#7087 = DIRECTION('',(-0.,1.,0.));
#7088 = DIRECTION('',(1.,0.,0.));
#7089 = ORIENTED_EDGE('',*,*,#7075,.F.);
#7090 = CYLINDRICAL_SURFACE('',#7091,17.75);
#7091 = AXIS2_PLACEMENT_3D('',#7092,#7093,#7094);
#7092 = CARTESIAN_POINT('',(0.,0.4,0.));
#7093 = DIRECTION('',(0.,1.,0.));
#7094 = DIRECTION('',(1.,0.,0.));
#7095 = ADVANCED_FACE('',(#7096),#7100,.T.);
#7096 = FACE_BOUND('',#7097,.T.);
#7097 = EDGE_LOOP('',(#7098,#7099));
#7098 = ORIENTED_EDGE('',*,*,#6983,.T.);
#7099 = ORIENTED_EDGE('',*,*,#6974,.T.);
#7100 = PLANE('',#7101);
#7101 = AXIS2_PLACEMENT_3D('',#7102,#7103,#7104);
#7102 = CARTESIAN_POINT('',(-6.8E-16,-0.5,11.));
#7103 = DIRECTION('',(-0.,-0.,-1.));
#7104 = DIRECTION('',(-1.,-0.,-0.));
#7105 = ADVANCED_FACE('',(#7106),#7110,.T.);
#7106 = FACE_BOUND('',#7107,.F.);
#7107 = EDGE_LOOP('',(#7108,#7109));
#7108 = ORIENTED_EDGE('',*,*,#7017,.T.);
#7109 = ORIENTED_EDGE('',*,*,#6998,.T.);
#7110 = PLANE('',#7111);
#7111 = AXIS2_PLACEMENT_3D('',#7112,#7113,#7114);
#7112 = CARTESIAN_POINT('',(-6.8E-16,-0.5,-11.));
#7113 = DIRECTION('',(0.,0.,1.));
#7114 = DIRECTION('',(1.,0.,0.));
#7115 = ADVANCED_FACE('',(#7116),#7127,.F.);
#7116 = FACE_BOUND('',#7117,.F.);
#7117 = EDGE_LOOP('',(#7118,#7124,#7125,#7126));
#7118 = ORIENTED_EDGE('',*,*,#7119,.F.);
#7119 = EDGE_CURVE('',#7076,#7033,#7120,.T.);
#7120 = LINE('',#7121,#7122);
#7121 = CARTESIAN_POINT('',(17.75,0.8,0.));
#7122 = VECTOR('',#7123,1.);
#7123 = DIRECTION('',(-0.866025403784,0.5,0.));
#7124 = ORIENTED_EDGE('',*,*,#7083,.T.);
#7125 = ORIENTED_EDGE('',*,*,#7119,.T.);
#7126 = ORIENTED_EDGE('',*,*,#7041,.F.);
#7127 = CONICAL_SURFACE('',#7128,17.75,1.047197551197);
#7128 = AXIS2_PLACEMENT_3D('',#7129,#7130,#7131);
#7129 = CARTESIAN_POINT('',(0.,0.8,0.));
#7130 = DIRECTION('',(-0.,-1.,-0.));
#7131 = DIRECTION('',(1.,0.,0.));
#7132 = ( GEOMETRIC_REPRESENTATION_CONTEXT(3) 
GLOBAL_UNCERTAINTY_ASSIGNED_CONTEXT((#7136)) 
GLOBAL_UNIT_ASSIGNED_CONTEXT((#7133,#7134,#7135)) REPRESENTATION_CONTEXT
('Context #1','3D Context with UNIT and UNCERTAINTY') );
#7133 = ( LENGTH_UNIT() NAMED_UNIT(*) SI_UNIT(.MILLI.,.METRE.) );
#7134 = ( NAMED_UNIT(*) PLANE_ANGLE_UNIT() SI_UNIT($,.RADIAN.) );
#7135 = ( NAMED_UNIT(*) SI_UNIT($,.STERADIAN.) SOLID_ANGLE_UNIT() );
#7136 = UNCERTAINTY_MEASURE_WITH_UNIT(LENGTH_MEASURE(5.E-04),#7133,
  'distance_accuracy_value','confusion accuracy');
#7137 = PRODUCT_RELATED_PRODUCT_CATEGORY('part',$,(#7));
#7138 = MECHANICAL_DESIGN_GEOMETRIC_PRESENTATION_REPRESENTATION('',(
    #7139),#7132);
#7139 = STYLED_ITEM('color',(#7140),#15);
#7140 = PRESENTATION_STYLE_ASSIGNMENT((#7141,#7147));
#7141 = SURFACE_STYLE_USAGE(.BOTH.,#7142);
#7142 = SURFACE_SIDE_STYLE('',(#7143));
#7143 = SURFACE_STYLE_FILL_AREA(#7144);
#7144 = FILL_AREA_STYLE('',(#7145));
#7145 = FILL_AREA_STYLE_COLOUR('',#7146);
#7146 = COLOUR_RGB('',0.447058818107,0.474509808674,0.501960817233);
#7147 = CURVE_STYLE('',#7148,POSITIVE_LENGTH_MEASURE(0.1),#7149);
#7148 = DRAUGHTING_PRE_DEFINED_CURVE_FONT('continuous');
#7149 = COLOUR_RGB('',9.803921802644E-02,9.803921802644E-02,
  9.803921802644E-02);
ENDSEC;
END-ISO-10303-21;
